performer,perf_time,score_time,attack,decay_rate,section
Lang Lang,0.09287981859410431,0.11055732175617315,1.0,-0.5173222322326864,A段 主题
Lang Lang,0.301859410430839,0.35931129570756276,0.1759471595287323,0.02652104676030831,A段 主题
Lang Lang,0.5108390022675737,0.6080652696589524,0.24492977559566498,-0.0067345884303904304,A段 主题
Lang Lang,0.7430385487528345,0.8844585740493852,0.19298222661018372,-0.020306016017457296,A段 主题
Lang Lang,0.9984580498866213,1.1884912088788615,0.1770596206188202,0.03190103097949759,A段 主题
Lang Lang,1.207437641723356,1.437245182830251,0.2053418755531311,0.015774864618833814,A段 主题
Lang Lang,1.4628571428571429,1.7412778176597272,0.16375507414340973,-0.001669305197538052,A段 主题
Lang Lang,1.7182766439909296,2.045310452489203,0.11337887495756149,-0.02158488960048999,A段 主题
Lang Lang,1.9969160997732427,2.376982417757723,0.15014292299747467,-0.02395332983269327,A段 主题
Lang Lang,2.2755555555555556,2.7086543830262424,0.15791112184524536,-0.04127236618387542,A段 主题
Lang Lang,2.5774149659863945,3.0679656787338048,0.07400737702846527,0.008561639538129384,A段 主题
Lang Lang,2.786394557823129,3.3167196526851943,0.04804717004299164,-0.0061548195617433495,A段 主题
Lang Lang,2.995374149659864,3.5654736266365843,0.03424309194087982,-0.010907334308285497,A段 主题
Lang Lang,3.2043537414965986,3.814227600587974,0.039216239005327225,-0.0011027352002201945,A段 主题
Lang Lang,3.436553287981859,4.090620904978406,0.043335385620594025,0.016846437256390345,A段 主题
Lang Lang,3.8312925170068026,4.5604895224421425,0.0361151285469532,0.00955588567421728,A段 主题
Lang Lang,4.08671201814059,4.864522157271619,0.09280750900506973,0.1266195714379137,A段 主题
Lang Lang,4.295691609977324,5.113276131223008,0.053115952759981155,-0.021177561711738235,A段 主题
Lang Lang,4.574331065759637,5.444948096491527,0.14146344363689423,-0.013568930580731829,A段 主题
Lang Lang,4.829750566893424,5.748980731321004,0.03818012401461601,-0.013683259999197617,A段 主题
Lang Lang,5.2477097505668935,6.246488679223783,0.03583954647183418,0.004446011575964803,A段 主题
Lang Lang,5.921088435374149,7.048029261956038,0.2682996988296509,-0.019339296159159858,A段 主题
Lang Lang,6.362267573696145,7.573176540297861,0.05388427525758743,0.1024808901547658,A段 主题
Lang Lang,6.733786848072563,8.015405827322553,0.11545170098543167,0.032976250167848775,A段 主题
Lang Lang,7.128526077097506,8.48527444478629,0.08703342825174332,-0.08394523611059412,A段 主题
Lang Lang,7.453605442176871,8.872225070932895,0.03240221366286278,-0.037565346246992704,A段 主题
Lang Lang,7.662585034013605,9.120979044884285,0.032404426485300064,-0.03466763951109896,A段 主题
Lang Lang,7.918004535147392,9.42501167971376,0.03164348378777504,-0.025353644969072775,A段 主题
Lang Lang,8.126984126984127,9.67376565366515,0.09896036237478256,0.04045556411256257,A段 主题
Lang Lang,8.452063492063493,10.060716279811757,0.13339091837406158,0.03382595905350172,A段 主题
Lang Lang,8.777142857142858,10.447666905958364,0.10887806862592697,-0.013003587719140342,A段 主题
Lang Lang,8.986122448979591,10.696420879909752,0.03193503990769386,0.14275287667260272,A段 主题
Lang Lang,9.311201814058958,11.08337150605636,0.03270907327532768,-0.06653263853877434,A段 主题
Lang Lang,9.798820861678005,11.663797445276268,0.30370327830314636,0.003450060103205033,A段 主题
Lang Lang,10.100680272108843,12.02310874098383,0.08790481090545654,0.09508316306892084,A段 主题
Lang Lang,10.425759637188209,12.410059367130437,0.26404544711112976,-0.11426181426941183,A段 主题
Lang Lang,10.65795918367347,12.686452671520868,0.12223375588655472,-0.17229313343705144,A段 主题
Lang Lang,11.19201814058957,13.322157271618865,0.17052248120307922,0.15315791711145718,A段 主题
Lang Lang,11.493877551020407,13.681468567326426,0.16448839008808136,0.07836802169549627,A段 主题
Lang Lang,11.818956916099774,14.068419193473034,0.1423245370388031,-0.07406844561046455,A段 主题
Lang Lang,12.120816326530612,14.427730489180595,0.09653919190168381,-0.1394599033119448,A段 主题
Lang Lang,12.353015873015874,14.70412379357103,0.038698431104421616,0.15615719248671664,A段 主题
Lang Lang,12.678095238095239,15.091074419717636,0.2614608407020569,0.012654353486141185,A段 主题
Lang Lang,13.02639455782313,15.505664376303285,0.3449176847934723,-0.17219531400769483,A段 主题
Lang Lang,13.281814058956916,15.80969701113276,0.047649212181568146,-0.21942765542917186,A段 主题
Lang Lang,13.56045351473923,16.14136897640128,0.09563706070184708,-0.21115636623108,A段 主题
Lang Lang,13.885532879818594,16.528319602547885,0.04261401668190956,0.015541260472673452,A段 主题
Lang Lang,14.164172335600908,16.859991567816408,0.25005990266799927,0.10956380583593271,A段 主题
Lang Lang,14.489251700680272,17.24694219396301,0.162483811378479,-0.20698538919532436,A段 主题
Lang Lang,14.721451247165533,17.523335498353443,0.028278905898332596,-0.0744769758057373,A段 主题
Lang Lang,15.000090702947846,17.855007463621963,0.09567917883396149,-0.1597402741026599,A段 主题
Lang Lang,15.464489795918368,18.40779407240283,0.10061030834913254,-0.07831101383999339,A段 主题
Lang Lang,15.696689342403628,18.68418737679326,0.040737275034189224,0.08064065987127832,A段 主题
Lang Lang,16.021768707482995,19.071138002939872,0.08326459676027298,-0.028268471919545842,A段 主题
Lang Lang,16.34684807256236,19.458088629086475,0.09267930686473846,-0.04398907517497719,A段 主题
Lang Lang,16.62548752834467,19.789760594354995,0.07514852285385132,-0.011855753132294922,A段 主题
Lang Lang,16.857687074829933,20.066153898745426,0.03183673322200775,-0.02396753930042905,A段 主题
Lang Lang,17.136326530612244,20.397825864013946,0.14509309828281403,0.07914073664778697,A段 主题
Lang Lang,17.46140589569161,20.784776490160553,0.11337438970804214,0.13396964268395095,A段 主题
Lang Lang,17.670385487528346,21.033530464111944,0.1663992553949356,0.032205049319600214,A段 主题
Lang Lang,18.018684807256236,21.44812042069759,0.0473656989634037,-0.13577330205407634,A段 主题
Lang Lang,18.3437641723356,21.835071046844195,0.05790998041629791,-0.03497169604997907,A段 主题
Lang Lang,18.668843537414965,22.222021672990802,0.03639798238873482,0.03541722176123585,A段 主题
Lang Lang,18.99392290249433,22.608972299137406,0.10430403053760529,0.06061252277049788,A段 主题
Lang Lang,19.342222222222222,23.02356225572306,0.34299397468566895,-0.027041122757509584,A段 主题
Lang Lang,19.667301587301587,23.410512881869664,0.21204791963100433,-0.1467126803618157,A段 主题
Lang Lang,20.01560090702948,23.825102838455315,0.031140124425292015,-0.02661406615516171,A段 主题
Lang Lang,20.29424036281179,24.156774803723835,0.0837264209985733,-0.006689879865007244,A段 主题
Lang Lang,20.64253968253968,24.571364760309482,0.25485309958457947,0.13751388378295815,A段 主题
Lang Lang,21.153378684807254,25.179430029968433,0.19228066504001617,-0.06068050943213165,A段 主题
Lang Lang,21.478458049886623,25.566380656115044,0.12264227122068405,-0.009943810255208515,A段 主题
Lang Lang,21.687437641723356,25.81513463006643,0.03776431828737259,0.16562701512157219,A段 主题
Lang Lang,21.91963718820862,26.091527934456867,0.048363134264945984,-0.021928928799752608,A段 主题
Lang Lang,22.267936507936508,26.506117891042514,0.13763438165187836,-0.024993771421577562,A段 主题
Lang Lang,22.66267573696145,26.97598650850625,0.2112603336572647,-0.1849744399805786,A段 主题
Lang Lang,22.894875283446712,27.25237981289668,0.041010551154613495,-0.12905384774057893,A段 主题
Lang Lang,23.127074829931974,27.528773117287116,0.17176952958106995,-0.15988514010132351,A段 主题
Lang Lang,23.45215419501134,27.915723743433723,0.04378359019756317,-0.03665491658466635,A段 主题
Lang Lang,23.754013605442175,28.275035039141283,0.13816450536251068,0.00489434919472842,A段 主题
Lang Lang,24.14875283446712,28.744903656605022,0.032421667128801346,0.02013659823205671,A段 主题
Lang Lang,24.49705215419501,29.15949361319067,0.043402355164289474,-0.009746273872224265,A段 主题
Lang Lang,24.79891156462585,29.518804908898232,0.07679718732833862,-0.04656976261685486,A段 主题
Lang Lang,25.054331065759637,29.822837543727708,0.03387966752052307,-0.07099123804437113,A段 主题
Lang Lang,25.379410430839002,30.20978816987431,0.10071064531803131,0.010463253465786696,A段 主题
Lang Lang,25.658049886621317,30.541460135142835,0.0700211375951767,-0.017605709581403062,A段 主题
Lang Lang,25.890249433106575,30.817853439533266,0.10184459388256073,0.11837285169349343,A段 主题
Lang Lang,26.261768707482993,31.260082726557957,0.05020657181739807,-0.0433818253895879,A段 主题
Lang Lang,26.679727891156464,31.75759067446074,0.04422617331147194,-0.02076528135148692,A段 主题
Lang Lang,26.93514739229025,32.06162330929021,0.0529104508459568,0.021189428161960674,A段 主题
Lang Lang,27.28344671201814,32.47621326587586,0.03753632679581642,-0.025139935223705834,A段 主题
Lang Lang,27.492426303854874,32.72496723982725,0.05918055772781372,-0.02878805216823821,A段 主题
Lang Lang,27.88716553287982,33.19483585729099,0.04138561338186264,0.013943011208539247,A段 主题
Lang Lang,28.189024943310656,33.55414715299855,0.047770142555236816,-0.03414480114543039,A段 主题
Lang Lang,28.583764172335602,34.02401577046229,0.153789684176445,-0.007407807743220473,A段 主题
Lang Lang,28.81596371882086,34.300409074852716,0.05895353853702545,0.017962596939469222,A段 主题
Lang Lang,29.1178231292517,34.65972037056028,0.20701956748962402,-0.012820682422898244,A段 主题
Lang Lang,29.350022675736962,34.93611367495072,0.08927342295646667,0.0030980091878518574,A段 主题
Lang Lang,29.628662131519274,35.26778564021924,0.03139706328511238,-0.01040116159174431,A段 主题
Lang Lang,29.976961451247167,35.68237559680489,0.25701501965522766,-0.005432812531580567,A段 主题
Lang Lang,30.37170068027211,36.15224421426862,0.06607271730899811,0.0033444743849031506,A段 主题
Lang Lang,30.72,36.56683417085427,0.1734994500875473,0.0014618144518863117,A段 主题
Lang Lang,30.95219954648526,36.8432274752447,0.10723740607500076,0.004789756167156156,A段 主题
Lang Lang,31.32371882086168,37.2854567622694,0.1188729852437973,-0.011786718869188919,A段 主题
Lang Lang,31.648798185941043,37.672407388416005,0.29842519760131836,-0.017492835536359053,A段 主题
Lang Lang,31.90421768707483,37.97644002324548,0.045035965740680695,-0.004813221676158719,A段 主题
Lang Lang,32.15963718820862,38.280472658074956,0.02960941195487976,0.001663060174905695,A段 主题
Lang Lang,32.53115646258503,38.722701945099644,0.17938530445098877,0.020347882355054022,A段 主题
Lang Lang,32.879455782312924,39.137291901685295,0.22147205471992493,-0.009753308177096187,A段 主题
Lang Lang,33.34385487528345,39.690078510466165,0.15799367427825928,0.0008765325446802313,A段 主题
Lang Lang,33.57605442176871,39.9664718148566,0.22905446588993073,0.009226088650393649,A段 主题
Lang Lang,33.877913832199546,40.32578311056416,0.11557788401842117,-0.0025162069505313407,A段 主题
Lang Lang,34.11011337868481,40.60217641495459,0.1063038781285286,0.031661282082495745,A段 主题
Lang Lang,34.38875283446712,40.93384838022311,0.10380680114030838,-0.028952559978279165,A段 主题
Lang Lang,34.71383219954649,41.32079900636972,0.07764018326997757,-0.0572813301005226,A段 主题
Lang Lang,35.015691609977324,41.68011030207728,0.06606991589069366,-0.0008373291393581896,A段 主题
Lang Lang,35.36399092970522,42.09470025866293,0.12601324915885925,-0.028260147450964723,A段 主题
Lang Lang,35.64263038548753,42.426372223931445,0.07684589922428131,-0.01882059209492581,A段 主题
Lang Lang,36.014149659863946,42.86860151095614,0.08425496518611908,-0.021483460864146764,A段 主题
Lang Lang,36.22312925170068,43.117355484907534,0.12920016050338745,0.024305851547978815,A段 主题
Lang Lang,36.432108843537414,43.366109458858915,0.06605035811662674,-0.03576085653094196,A段 主题
Lang Lang,36.73396825396826,43.725420754566485,0.029734261333942413,0.03462416214006225,A段 主题
Lang Lang,37.08226757369614,44.14001071115213,0.330218106508255,-0.04214394577957136,A段 主题
Lang Lang,37.29124716553288,44.388764685103524,0.06640402227640152,-0.027224955329074874,A段 主题
Lang Lang,37.56988662131519,44.72043665037204,0.05051841214299202,0.019842704477923693,A段 主题
Lang Lang,37.918185941043085,45.13502660695769,0.09116022288799286,-0.004319964205024006,A段 主题
Lang Lang,38.17360544217687,45.43905924178716,0.036175839602947235,-0.017174676963804814,A段 主题
Lang Lang,38.521904761904764,45.853649198372814,0.08591709285974503,0.03220809519461909,A段 主题
Lang Lang,38.963083900226756,46.37879647671463,0.180388942360878,0.03950578684452921,A段 主题
Lang Lang,39.24172335600907,46.71046844198315,0.3017415404319763,-0.10241938152830699,A段 主题
Lang Lang,39.450702947845805,46.95922241593455,0.11017542332410812,-0.09743785030877915,A段 主题
Lang Lang,39.84544217687075,47.42909103339828,0.23485355079174042,-0.1850858505349606,A段 主题
Lang Lang,40.07764172335601,47.70548433778872,0.11751694977283478,0.006644119639531711,A段 主题
Lang Lang,40.542040816326534,48.25827094656958,0.12488419562578201,0.035284553587189287,A段 主题
Lang Lang,40.89034013605442,48.672860903155225,0.08562932908535004,-0.052763637086172814,A段 主题
Lang Lang,41.09931972789116,48.92161487710662,0.04495641216635704,0.004730284490506165,A段 主题
Lang Lang,41.308299319727894,49.170368851058015,0.09878000617027283,0.0066437510213290816,A段 主题
Lang Lang,41.517278911564624,49.419122825009396,0.04280781000852585,-0.007935577332318644,A段 主题
Lang Lang,41.84235827664399,49.806073451156,0.03244340047240257,0.05551308481699379,A段 主题
Lang Lang,42.190657596371885,50.22066340774166,0.20589680969715118,0.0015078614069352625,A段 主题
Lang Lang,42.44607709750567,50.524696042571136,0.08801552653312683,0.13137508908585002,A段 主题
Lang Lang,42.72471655328798,50.85636800783965,0.21021173894405365,0.03576792187232058,A段 主题
Lang Lang,42.93369614512471,51.10512198179104,0.170355424284935,-0.08792816151981242,A段 主题
Lang Lang,43.23555555555556,51.46443327749861,0.03479461371898651,-0.020676696476584763,A段 主题
Lang Lang,43.58385487528345,51.87902323408426,0.16018298268318176,-0.15516397079409214,A段 主题
Lang Lang,43.816054421768705,52.15541653847468,0.04066668823361397,0.000534834452992071,A段 主题
Lang Lang,44.02503401360544,52.40417051242607,0.036191146820783615,0.16291439292217547,A段 主题
Lang Lang,44.28045351473923,52.70820314725555,0.08030594885349274,0.2463308366714045,A段 主题
Lang Lang,44.55909297052154,53.039875112524065,0.09637846052646637,-0.053577441030938644,A段 主题
Lang Lang,44.76807256235828,53.28862908647546,0.049850624054670334,0.08588238397351232,A段 主题
Lang Lang,45.00027210884354,53.56502239086589,0.0916547104716301,-0.12345117957011097,A段 主题
Lang Lang,45.3253514739229,53.9519730170125,0.2269163727760315,-0.18279027972312178,A段 主题
Lang Lang,45.627210884353744,54.31128431272006,0.06287446618080139,0.23344062483374725,A段 主题
Lang Lang,45.836190476190474,54.56003828667145,0.057111360132694244,0.17997278373513836,A段 主题
Lang Lang,46.18448979591837,54.9746282432571,0.06329329311847687,-0.26205864851363003,A段 主题
Lang Lang,46.46312925170068,55.30630020852562,0.231180801987648,-0.04891255284746875,A段 主题
Lang Lang,46.78820861678005,55.69325083467223,0.044367045164108276,-0.061456445018848165,A段 主题
Lang Lang,47.02040816326531,55.96964413906266,0.035900674760341644,-0.03391606423974735,A段 主题
Lang Lang,47.57768707482993,56.6329880695997,0.035544171929359436,0.018701465387493954,A段 主题
Lang Lang,47.85632653061224,56.96466003486822,0.08484407514333725,-0.009121296989178518,A段 主题
Lang Lang,48.06530612244898,57.213414008819605,0.09359540790319443,0.01103253366636636,A段 主题
Lang Lang,48.27428571428572,57.462167982771,0.1363810896873474,-0.020663328814407578,A段 主题
Lang Lang,48.576145124716554,57.821479278478556,0.04769405722618103,-0.017482501334598055,A段 主题
Lang Lang,48.901224489795915,58.20842990462516,0.2657663822174072,-0.3347961006966216,A段 主题
Lang Lang,49.13342403628118,58.484823209015595,0.27673301100730896,-0.09310365658166118,A段 主题
Lang Lang,49.36562358276644,58.761216513406026,0.18530741333961487,0.03801720913543249,A段 主题
Lang Lang,49.574603174603176,59.00997048735742,0.11233466863632202,-0.1798138691810891,A段 主题
Lang Lang,49.87646258503401,59.369281783064984,0.07011129707098007,0.0010054266795123115,A段 主题
Lang Lang,50.1318820861678,59.67331441789446,0.06650250405073166,-0.01211820308526512,A段 主题
Lang Lang,50.50340136054422,60.11554370491915,0.16256387531757355,-0.03554126703875227,A段 主题
Lang Lang,50.73560090702948,60.391937009309586,0.135064959526062,-0.03343944424614165,A段 主题
Lang Lang,51.037460317460315,60.75124830501714,0.24707992374897003,-0.06909714784342214,A段 主题
Lang Lang,51.2928798185941,61.05528093984662,0.3683594763278961,-0.258917864812247,B段 抒情
Lang Lang,51.50185941043084,61.30403491379801,0.26858484745025635,-0.06761353406545823,B段 抒情
Lang Lang,51.7340589569161,61.580428218188445,0.11049246042966843,-0.06117646898928797,B段 抒情
Lang Lang,51.94303854875283,61.82918219213983,0.061139654368162155,-0.02298699291714001,B段 抒情
Lang Lang,52.244897959183675,62.1884934878474,0.2656939923763275,-0.0739479437470436,B段 抒情
Lang Lang,52.54675736961451,62.54780478355496,0.08517800271511078,0.16644640181766587,B段 抒情
Lang Lang,52.82539682539682,62.87947674882348,0.1998727172613144,-0.03379500467417529,B段 抒情
Lang Lang,53.03437641723356,63.128230722774866,0.14083006978034973,-0.24764021818555193,B段 抒情
Lang Lang,53.2433560090703,63.37698469672626,0.17255531251430511,-0.030930911907489637,B段 抒情
Lang Lang,53.47555555555556,63.65337800111669,0.4127644896507263,-0.39684869589109434,B段 抒情
Lang Lang,53.777414965986395,64.01268929682425,0.0367690809071064,0.061003529754088945,B段 抒情
Lang Lang,53.98639455782313,64.26144327077564,0.16503393650054932,-0.280095815196546,B段 抒情
Lang Lang,54.24181405895692,64.56547590560513,0.09250346571207047,0.07238486696223845,B段 抒情
Lang Lang,54.45079365079365,64.8142298795565,0.11067470163106918,0.14362736510520335,B段 抒情
Lang Lang,54.72943310657596,65.14590184482502,0.05004635453224182,-0.01502494669693988,B段 抒情
Lang Lang,54.98485260770975,65.4499344796545,0.054247915744781494,-0.0033842779885162586,B段 抒情
Lang Lang,55.28671201814059,65.80924577536207,0.09786254167556763,-0.11998881564068142,B段 抒情
Lang Lang,55.5653514739229,66.14091774063058,0.04467196762561798,0.3974925019065267,B段 抒情
Lang Lang,55.960090702947845,66.61078635809432,0.04926999285817146,-0.0274084288321319,B段 抒情
Lang Lang,56.26195011337869,66.97009765380189,0.12059437483549118,0.06376838209689595,B段 抒情
Lang Lang,56.517369614512475,67.27413028863137,0.10576770454645157,-0.02330530332983471,B段 抒情
Lang Lang,56.842448979591836,67.66108091477797,0.07977855950593948,0.1544596674648346,B段 抒情
Lang Lang,57.12108843537415,67.99275288004648,0.05793534219264984,0.03486139803499099,B段 抒情
Lang Lang,57.35328798185941,68.26914618443692,0.0629386454820633,-0.18293483535671842,B段 抒情
Lang Lang,57.67836734693878,68.65609681058353,0.03810392692685127,0.0010330811619496665,B段 抒情
Lang Lang,58.07310657596372,69.12596542804727,0.028378944844007492,-0.015366928414550785,B段 抒情
Lang Lang,58.32852607709751,69.42999806287673,0.10052727907896042,-0.009668546999819227,B段 抒情
Lang Lang,58.700045351473925,69.87222734990144,0.05968505144119263,-0.02300994178767723,B段 抒情
Lang Lang,59.11800453514739,70.36973529780421,0.028348827734589577,-0.00035160207971784947,B段 抒情
Lang Lang,59.48952380952381,70.8119645848289,0.09290774166584015,0.019338074753250112,B段 抒情
Lang Lang,59.76816326530612,71.14363655009743,0.08819839358329773,-0.03613868111642659,B段 抒情
Lang Lang,60.02358276643991,71.4476691849269,0.0374196395277977,-0.0289747085844283,B段 抒情
Lang Lang,60.395102040816326,71.8898984719516,0.08554834872484207,-0.009621334027087869,B段 抒情
Lang Lang,60.78984126984127,72.35976708941533,0.15433022379875183,-0.031948111927704304,B段 抒情
Lang Lang,61.11492063492064,72.74671771556194,0.03703169524669647,0.006792752276396641,B段 抒情
Lang Lang,61.37034013605442,73.05075035039141,0.045620761811733246,-0.020030882637911415,B段 抒情
Lang Lang,61.765079365079366,73.52061896785514,0.037700217217206955,-0.0014545893918693753,B段 抒情
Lang Lang,61.99727891156463,73.79701227224558,0.04687761142849922,0.0005599506266662502,B段 抒情
Lang Lang,62.299138321995464,74.15632356795314,0.11847615987062454,0.05036951104102627,B段 抒情
Lang Lang,62.577777777777776,74.48799553322166,0.11570247262716293,0.009863072364169057,B段 抒情
Lang Lang,62.78675736961451,74.73674950717304,0.07289275527000427,-0.03569273235370928,B段 抒情
Lang Lang,63.0421768707483,75.04078214200253,0.11774034798145294,-0.05714882045140257,B段 抒情
Lang Lang,63.36725623582767,75.42773276814914,0.0574171245098114,-0.09043284389917972,B段 抒情
Lang Lang,63.59945578231292,75.70412607253957,0.033651236444711685,-0.039974892661120975,B段 抒情
Lang Lang,63.87809523809524,76.03579803780809,0.08506730198860168,0.05255509754533705,B段 抒情
Lang Lang,64.2960544217687,76.53330598571085,0.05073357746005058,0.37777807942802605,B段 抒情
Lang Lang,64.55147392290249,76.83733862054034,0.02825060486793518,0.08620204853286849,华彩
Lang Lang,64.78367346938775,77.11373192493076,0.028791720047593117,0.07359688361248118,华彩
Lang Lang,65.20163265306122,77.61123987283355,0.13712653517723083,-0.04489066468522651,华彩
Lang Lang,65.48027210884354,77.94291183810208,0.06875761598348618,0.07881310907578154,华彩
Lang Lang,65.73569160997732,78.24694447293155,0.03529442101716995,-0.02916840837769996,华彩
Lang Lang,66.13043083900227,78.71681309039529,0.04915495589375496,-0.020311410162321405,华彩
Lang Lang,66.339410430839,78.96556706434667,0.09473922848701477,0.014273619717641852,华彩
Lang Lang,66.75736961451247,79.46307501224945,0.09217551350593567,-0.045700955297434114,华彩
Lang Lang,67.0592290249433,79.822386307957,0.08818436414003372,-0.031158728938862623,华彩
Lang Lang,67.3146485260771,80.12641894278649,0.12786413729190826,0.022583565123568405,华彩
Lang Lang,67.52362811791383,80.37517291673788,0.16939108073711395,0.06209963221408543,华彩
Lang Lang,67.82548752834467,80.73448421244544,0.06793441623449326,-0.008885700299288146,华彩
Lang Lang,68.08090702947845,81.03851684727492,0.06062724068760872,0.0886107717633422,华彩
Lang Lang,68.31310657596372,81.31491015166534,0.08129282295703888,0.0750191348743101,华彩
Lang Lang,68.63818594104309,81.70186077781197,0.291221559047699,-0.048836384485184674,华彩
Lang Lang,68.96326530612245,82.08881140395857,0.12629163265228271,0.03026272170245647,华彩
Lang Lang,69.26512471655329,82.44812269966613,0.08150959014892578,-0.053474124797503464,华彩
Lang Lang,69.56698412698412,82.80743399537369,0.08084402978420258,0.03168638631905196,华彩
Lang Lang,69.84562358276644,83.13910596064221,0.11012443155050278,0.08459108576062135,华彩
Lang Lang,70.21714285714286,83.58133524766691,0.07956243306398392,-0.10232378908767714,华彩
Lang Lang,70.4261224489796,83.8300892216183,0.12629494071006775,0.2067713232463575,华彩
Lang Lang,70.65832199546485,84.10648252600872,0.05196699500083923,0.19571158154576548,华彩
Lang Lang,70.93696145124717,84.43815449127725,0.12862931191921234,0.12308677851251557,华彩
Lang Lang,71.28526077097506,84.85274444786289,0.08587879687547684,0.08939889848988969,华彩
Lang Lang,71.4942403628118,85.10149842181428,0.09734143316745758,0.06549945901497266,华彩
Lang Lang,71.79609977324263,85.46080971752184,0.1383630633354187,-0.1548644751892425,华彩
Lang Lang,72.00507936507937,85.70956369147324,0.09170645475387573,-0.10560673144937027,华彩
Lang Lang,72.3069387755102,86.0688749871808,0.08384236693382263,0.1248742826646776,华彩
Lang Lang,72.67845804988661,86.51110427420548,0.041819825768470764,-0.11031809226551559,华彩
Lang Lang,72.88743764172335,86.75985824815687,0.046988096088171005,-0.03279332004240132,华彩
Lang Lang,73.11963718820861,87.03625155254731,0.10761961340904236,-0.1280967391721788,华彩
Lang Lang,73.35183673469388,87.31264485693775,0.06561850011348724,0.046930991265980986,华彩
Lang Lang,73.58403628117914,87.58903816132818,0.20260095596313477,-0.01751862782839453,华彩
Lang Lang,73.88589569160997,87.94834945703573,0.07411445677280426,-0.09511849311820696,华彩
Lang Lang,74.11809523809524,88.22474276142617,0.06770782917737961,-0.022170062402437907,华彩
Lang Lang,74.3502947845805,88.50113606581661,0.11371781677007675,-0.19199215894332156,华彩
Lang Lang,74.58249433106576,88.77752937020705,0.05376880243420601,-0.12510864362411667,华彩
Lang Lang,74.7914739229025,89.02628334415843,0.16917218267917633,-0.09010446810862048,华彩
Lang Lang,75.07011337868481,89.35795530942696,0.045468080788850784,0.451041150608944,华彩
Lang Lang,75.44163265306122,89.80018459645164,0.027338901534676552,0.033867960519273765,华彩
Lang Lang,75.81315192743764,90.24241388347635,0.0729660838842392,0.12074352416675536,华彩
Lang Lang,76.18467120181406,90.68464317050102,0.25624725222587585,0.08907104602258184,华彩
Lang Lang,76.53297052154196,91.09923312708668,0.16765499114990234,-0.15089596599864305,华彩
Lang Lang,76.74195011337868,91.34798710103806,0.20734891295433044,-0.13117052603774937,华彩
Lang Lang,77.09024943310658,91.76257705762372,0.037863604724407196,0.021661946084350348,华彩
Lang Lang,77.46176870748299,92.2048063446484,0.10713157057762146,0.03897612641594606,华彩
Lang Lang,77.78684807256236,92.59175697079502,0.10771263390779495,0.18130668886442436,华彩
Lang Lang,78.1815873015873,93.06162558825875,0.15239179134368896,-0.1478007152400096,华彩
Lang Lang,78.43700680272109,93.36565822308822,0.10576341301202774,0.037046801662654616,华彩
Lang Lang,78.78530612244899,93.78024817967389,0.08156333863735199,0.13185158732085256,华彩
Lang Lang,79.1568253968254,94.22247746669856,0.09989062696695328,-0.16891044069780034,华彩
Lang Lang,79.45868480725623,94.58178876240613,0.032883401960134506,0.011243424341955688,华彩
Lang Lang,79.71410430839002,94.8858213972356,0.18430162966251373,-0.12809522268071302,华彩
Lang Lang,79.94630385487528,95.16221470162604,0.07710050791501999,-0.03697429656313034,华彩
Lang Lang,80.29460317460317,95.57680465821169,0.12440067529678345,0.07517731601183186,华彩
Lang Lang,80.68934240362812,96.04667327567543,0.06003275886178017,0.09981041457649552,华彩
Lang Lang,80.99120181405895,96.40598457138299,0.028886966407299042,-0.027927672454097774,华彩
Lang Lang,81.22340136054422,96.68237787577343,0.15624676644802094,-0.15855948877288029,华彩
Lang Lang,81.50204081632653,97.01404984104194,0.21604199707508087,-0.16769611111158156,华彩
Lang Lang,81.71102040816326,97.26280381499333,0.14517490565776825,0.02022456428676378,华彩
Lang Lang,81.92,97.51155778894473,0.21544529497623444,-0.08974608717835507,华彩
Lang Lang,82.17541950113379,97.8155904237742,0.3169042766094208,-0.14125175639492224,华彩
Lang Lang,82.4540589569161,98.14726238904271,0.137548565864563,-0.2482661280737374,华彩
Lang Lang,82.68625850340136,98.42365569343315,0.2758738100528717,-0.07584850864077453,华彩
Lang Lang,82.8952380952381,98.67240966738454,0.04486878216266632,-0.10760129971458811,华彩
Lang Lang,83.22031746031746,99.05936029353114,0.04247170686721802,-0.028250293598830464,华彩
Lang Lang,83.45251700680272,99.33575359792158,0.36193200945854187,-0.17071728871087544,华彩
Lang Lang,84.03301587301587,100.02673685889765,0.19947631657123566,-0.03972330978285755,华彩
Lang Lang,84.24199546485261,100.27549083284904,0.22263672947883606,0.006278076034504922,华彩
Lang Lang,84.4974149659864,100.57952346767853,0.1626238226890564,-0.1500227534052101,华彩
Lang Lang,84.82249433106576,100.96647409382513,0.09926694631576538,0.03627911319199483,华彩
Lang Lang,85.05469387755102,101.24286739821557,0.12105727940797806,-0.15711383312009272,华彩
Lang Lang,85.33333333333333,101.57453936348408,0.04986153915524483,-0.09752351106726564,华彩
Lang Lang,85.68163265306123,101.98912932006974,0.12251374870538712,-0.01491686707595364,华彩
Lang Lang,86.05315192743764,102.43135860709442,0.10152211040258408,0.22367864266925605,华彩
Lang Lang,86.49433106575964,102.95650588543624,0.09506886452436447,0.0011994110536761723,华彩
Lang Lang,86.74975056689343,103.26053852026573,0.05138262361288071,-0.0908159241589601,华彩
Lang Lang,87.07482993197279,103.64748914641233,0.0792258009314537,0.204452197158389,华彩
Lang Lang,87.42312925170069,104.06207910299798,0.2963947355747223,-0.10474516566318925,华彩
Lang Lang,87.7946485260771,104.50430839002267,0.2514413893222809,-0.21151196342543696,华彩
Lang Lang,88.02684807256236,104.78070169441311,0.05356960743665695,0.11557678044482599,华彩
Lang Lang,88.28226757369615,105.08473432924258,0.09770458936691284,0.006438025775423738,华彩
Lang Lang,88.63056689342403,105.49932428582822,0.06815123558044434,-0.08085830504569455,华彩
Lang Lang,89.0485260770975,105.99683223373101,0.35126128792762756,-0.15515599679929434,华彩
Lang Lang,89.30394557823129,106.30086486856048,0.13827155530452728,-0.14817576611676483,华彩
Lang Lang,89.53614512471655,106.57725817295092,0.33670783042907715,-0.10014982981374486,华彩
Lang Lang,89.81478458049887,106.90893013821943,0.11881827563047409,0.09849265989032573,华彩
Lang Lang,90.13986394557823,107.29588076436603,0.25307878851890564,-0.22769018469261937,华彩
Lang Lang,90.4649433106576,107.68283139051266,0.03765439614653587,-0.08128956924338125,华彩
Lang Lang,90.72036281179139,107.98686402534213,0.06766554713249207,0.04179122543064295,华彩
Lang Lang,91.02222222222223,108.3461753210497,0.058194518089294434,0.1731775268126512,华彩
Lang Lang,91.30086167800454,108.67784728631821,0.05678603798151016,-0.019957528093073048,华彩
Lang Lang,91.60272108843537,109.03715858202577,0.08037444949150085,-0.12120400660933228,华彩
Lang Lang,91.92780045351473,109.42410920817237,0.05895184725522995,-0.059258533201500534,华彩
Lang Lang,92.20643990929705,109.7557811734409,0.18656356632709503,-0.0062253617215901605,华彩
Lang Lang,92.601179138322,110.22564979090463,0.08107919245958328,0.11480819621283445,华彩
Lang Lang,92.9726984126984,110.66787907792931,0.06916368007659912,0.08696744889675755,华彩
Lang Lang,93.18167800453514,110.91663305188071,0.3193550407886505,-0.051163492207706426,华彩
Lang Lang,93.48353741496598,111.27594434758826,0.11004087328910828,-0.14571552419511133,华彩
Lang Lang,93.7621768707483,111.6076163128568,0.034948986023664474,0.05447411149361869,华彩
Lang Lang,94.11047619047619,112.02220626944245,0.13164733350276947,-0.14020013832123368,华彩
Lang Lang,94.43555555555555,112.40915689558905,0.05585927516222,-0.04548906954369158,华彩
Lang Lang,94.64453514739229,112.65791086954044,0.06796714663505554,-0.095560460613342,华彩
Lang Lang,94.96961451247165,113.04486149568704,0.04208792746067047,-0.016556703349124288,华彩
Lang Lang,95.24825396825396,113.37653346095556,0.03449196740984917,-0.016895484486667556,华彩
Lang Lang,95.57333333333334,113.76348408710219,0.03271786868572235,0.07549154966000059,华彩
Lang Lang,95.82875283446712,114.06751672193165,0.04297603294253349,0.07551342227998248,华彩
Lang Lang,96.08417233560091,114.37154935676114,0.08332373201847076,-0.022926942529011285,华彩
Lang Lang,96.38603174603175,114.73086065246869,0.05861444026231766,0.03859942917188163,华彩
Lang Lang,96.64145124716553,115.03489328729816,0.06976749747991562,-0.06235438941075699,华彩
Lang Lang,96.94331065759637,115.39420458300573,0.039701495319604874,-0.018086286013385685,华彩
Lang Lang,97.15229024943311,115.64295855695711,0.038408488035202026,-0.001134725243900903,华彩
Lang Lang,97.43092970521542,115.97463052222564,0.041551727801561356,0.0011327150332363087,华彩
Lang Lang,97.66312925170068,116.25102382661608,0.0527881495654583,-0.001631967802495637,华彩
Lang Lang,97.96498866213152,116.61033512232363,0.12597322463989258,0.043603383073786965,华彩
Lang Lang,98.19718820861678,116.88672842671406,0.1307677924633026,-0.008926964528654935,华彩
Lang Lang,98.45260770975057,117.19076106154354,0.030266782268881798,-0.012415439709911881,华彩
Lang Lang,98.68480725623583,117.46715436593398,0.06432011723518372,-0.0012315390904404917,华彩
Lang Lang,99.03310657596371,117.88174432251962,0.06359782069921494,-0.011447008068898866,华彩
Lang Lang,99.31174603174603,118.21341628778814,0.040788259357213974,-0.01353502773326909,华彩
Lang Lang,99.70648526077098,118.68328490525188,0.04127785563468933,-0.004061391905452183,华彩
Lang Lang,99.93868480725624,118.95967820964232,0.140633687376976,-0.038327671609295066,华彩
Lang Lang,100.63528344671202,119.78885812281362,0.4486636817455292,-0.012291360053495735,华彩
Lang Lang,100.93714285714286,120.14816941852118,0.2590218782424927,0.0025648005703260424,华彩
Lang Lang,101.16934240362812,120.42456272291162,0.026881029829382896,-0.027727964948098816,华彩
Lang Lang,101.37832199546486,120.673316696863,0.027506502345204353,0.0033415703228456546,华彩
Lang Lang,101.84272108843537,121.22610330564386,0.06858140230178833,0.016581763895828768,华彩
Lang Lang,102.23746031746032,121.69597192310759,0.12090452015399933,-0.00190203029433178,华彩
Lang Lang,102.4928798185941,122.00000455793707,0.08875715732574463,-0.0033424777825530323,华彩
Lang Lang,102.74829931972789,122.30403719276654,0.10330214351415634,-0.004439825283952813,华彩
Lang Lang,102.95727891156463,122.55279116671794,0.05195113644003868,0.03328812408653903,华彩
Lang Lang,103.28235827664399,122.93974179286454,0.07554248720407486,-0.01368862072013144,华彩
Lang Lang,103.58421768707483,123.29905308857211,0.06665237247943878,-0.02515439632588822,华彩
Lang Lang,103.81641723356009,123.57544639296253,0.13786247372627258,0.006839896013843826,华彩
Lang Lang,104.0950566893424,123.90711835823106,0.11956325173377991,0.046366940955522296,华彩
Lang Lang,104.32725623582766,124.18351166262148,0.14793385565280914,0.02524129758967319,华彩
Lang Lang,104.6291156462585,124.54282295832905,0.1386723518371582,-0.047134519127212116,华彩
Lang Lang,104.83809523809524,124.79157693228044,0.08198653161525726,-0.028906287411700756,华彩
Lang Lang,105.13995464852607,125.150888227988,0.06338288635015488,-0.02922375983871461,华彩
Lang Lang,105.39537414965986,125.45492086281747,0.04899737238883972,-0.01995788047679525,华彩
Lang Lang,105.62757369614512,125.73131416720791,0.06782787293195724,0.008377354549793381,华彩
Lang Lang,105.90621315192743,126.06298613247642,0.0709579586982727,-0.008083183615781307,华彩
Lang Lang,106.44027210884354,126.69869073257443,0.09863076359033585,0.009538895693594894,华彩
Lang Lang,106.64925170068027,126.94744470652581,0.04904003068804741,-0.011242096218211371,华彩
Lang Lang,107.04399092970522,127.41731332398956,0.042368948459625244,0.01240602478560504,华彩
Lang Lang,107.34585034013605,127.77662461969712,0.0350208654999733,0.001201525475380549,华彩
Lang Lang,107.67092970521541,128.16357524584373,0.05507615953683853,-0.0068212698124625595,华彩
Lang Lang,107.9263492063492,128.4676078806732,0.19534163177013397,0.015613515608947635,华彩
Lang Lang,108.20498866213151,128.79927984594173,0.11698281019926071,0.02673922325584499,华彩
Lang Lang,108.43718820861677,129.07567315033214,0.02971986122429371,0.0005920743660681184,华彩
Lang Lang,108.73904761904762,129.43498444603972,0.18374834954738617,-0.0035787885508398176,华彩
Lang Lang,108.94802721088435,129.6837384199911,0.024599609896540642,0.0006470771438671359,华彩
Lang Lang,109.15700680272109,129.93249239394248,0.06788251549005508,0.008731634960668089,华彩
Lang Lang,109.50530612244899,130.34708235052815,0.10765306651592255,0.02612952564504667,尾声
Lang Lang,109.76072562358277,130.65111498535762,0.09802825003862381,-0.006438026730393175,尾声
Lang Lang,110.06258503401361,131.01042628106518,0.051155947148799896,-0.01809228226647974,尾声
Lang Lang,110.3180045351474,131.31445891589468,0.07215122133493423,-0.018254941255690934,尾声
Lang Lang,110.55020408163266,131.5908522202851,0.07608179748058319,-0.01897909171475476,尾声
Lang Lang,110.80562358276644,131.89488485511458,0.12765908241271973,0.02598114440388599,尾声
Lang Lang,111.06104308390023,132.19891748994405,0.14529140293598175,0.010838245611921591,尾声
Lang Lang,111.38612244897959,132.58586811609067,0.10429387539625168,-0.017681139752312447,尾声
Lang Lang,111.59510204081633,132.83462209004205,0.13718371093273163,0.015366151546913898,尾声
Lang Lang,111.80408163265307,133.08337606399343,0.10303781181573868,-0.007810233773852814,尾声
Lang Lang,112.05950113378685,133.38740869882292,0.10544370114803314,-0.013412495127340662,尾声
Lang Lang,112.31492063492064,133.6914413336524,0.11640150845050812,-0.010093755736306774,尾声
Lang Lang,112.5471201814059,133.96783463804283,0.1393471658229828,-0.023730553130008044,尾声
Lang Lang,112.80253968253969,134.2718672728723,0.03398901969194412,-0.0071197178158399765,尾声
Lang Lang,113.10439909297052,134.63117856857986,0.05240638554096222,-0.004487429197297388,尾声
Lang Lang,113.40625850340136,134.9904898642874,0.08653127402067184,-0.006307911905878427,尾声
Lang Lang,113.63845804988662,135.26688316867785,0.020310070365667343,-0.0047297916069055645,尾声
Lang Lang,114.0564172335601,135.76439111658064,0.26685047149658203,0.01742285167551927,尾声
Lang Lang,114.31183673469388,136.0684237514101,0.2830962538719177,-0.009876456977053747,尾声
Lang Lang,114.54403628117913,136.34481705580052,0.27963072061538696,-0.0064135616071325785,尾声
Lang Lang,114.7762358276644,136.62121036019096,0.4065319001674652,-0.02075695282428569,尾声
Lang Lang,115.00843537414966,136.8976036645814,0.3381745219230652,-0.012970093837338935,尾声
Lang Lang,115.26385487528344,137.20163629941086,0.32195350527763367,-0.009513628515378514,尾声
Lang Lang,115.51927437641723,137.50566893424036,0.23107704520225525,-0.00699880985166601,尾声
Lang Lang,115.75147392290249,137.7820622386308,0.25906434655189514,0.002691974566459976,尾声
Lang Lang,116.00689342403628,138.08609487346027,0.27765753865242004,0.005931047780904919,尾声
Lang Lang,116.23909297052154,138.3624881778507,0.2582854628562927,0.013361979631554275,尾声
Lang Lang,116.49451247165533,138.66652081268018,0.1455741673707962,0.02785147687518474,尾声
Lang Lang,116.74993197278911,138.97055344750964,0.1305219680070877,-0.0073941110940722865,尾声
Lang Lang,117.0053514739229,139.2745860823391,0.16720150411128998,-0.029223461888250313,尾声
Lang Lang,117.21433106575964,139.52334005629052,0.03758007660508156,0.007964789369907521,尾声
Lang Lang,117.46975056689342,139.82737269112,0.03737342357635498,0.02063991057639214,尾声
Lang Lang,117.77160997732426,140.18668398682755,0.05013654753565788,-0.014274414252213319,尾声
Lang Lang,118.00380952380952,140.46307729121799,0.03177744150161743,-0.019732850284981396,尾声
Lang Lang,118.35210884353741,140.87766724780363,0.0886932983994484,-0.017084979549508716,尾声
Lang Lang,118.9558276643991,141.59628983921877,0.0769447386264801,0.040916141574598434,尾声
Lang Lang,119.3273469387755,142.03851912624344,0.04803759977221489,-0.015347991370617816,尾声
Lang Lang,119.62920634920636,142.39783042195103,0.13245023787021637,-0.02314839230166399,尾声
Lang Lang,119.88462585034014,142.7018630567805,0.026811491698026657,0.0036198164252709826,尾声
Lang Lang,120.3025850340136,143.1993710046833,0.026394082233309746,0.0054119039532452,尾声
Lang Lang,120.76698412698413,143.75215761346414,0.028397684916853905,0.026783840502275773,尾声
Lang Lang,121.1849433106576,144.24966556136692,0.027954289689660072,0.02509465916773479,尾声
Lang Lang,121.51002267573696,144.63661618751354,0.20253896713256836,-0.01743438615449122,尾声
Lang Lang,121.74222222222222,144.91300949190395,0.08528551459312439,-0.022893919685884608,尾声
Lang Lang,121.95120181405896,145.16176346585536,0.024355733767151833,-0.0337545435741049,尾声
Lang Lang,122.18340136054422,145.4381567702458,0.12433750927448273,-0.006162592057989968,尾声
Lang Lang,122.41560090702947,145.7145500746362,0.029293684288859367,-0.01675138723840064,尾声
Lang Lang,122.74068027210885,146.10150070078282,0.1863136887550354,-0.007972793446242576,尾声
Lang Lang,123.25151927437642,146.7095659704418,0.029655029997229576,-0.0033529480674587826,尾声
Lang Lang,123.64625850340136,147.1794345879055,0.13740327954292297,0.006346525140088488,尾声
Lang Lang,123.8552380952381,147.4281885618569,0.036969467997550964,-0.02385395093824627,尾声
Lang Lang,124.203537414966,147.84277851844254,0.04809902235865593,0.008329234833581722,尾声
Lang Lang,124.4821768707483,148.17445048371107,0.07250650972127914,-0.005028945929552719,尾声
Lang Lang,124.76081632653062,148.5061224489796,0.09604152292013168,-0.018155630283445134,尾声
Lang Lang,124.96979591836735,148.75487642293098,0.13929684460163116,0.0033971167169966066,尾声
Lang Lang,125.27165532879819,149.11418771863853,0.026391353458166122,0.0037349250987972478,尾声
Lang Lang,125.5502947845805,149.44585968390706,0.02637179009616375,0.0025856430170279046,尾声
Lang Lang,126.27011337868481,150.3026789275174,0.12345626950263977,0.0009482390510129335,尾声
Lang Lang,127.08281179138322,151.27005549288393,0.03462393209338188,-0.002076945137474695,尾声
Li Yundi,1.253877551020408,1.0154547690026636,0.4111529588699341,-0.06276673375396058,A段 主题
Li Yundi,2.391655328798186,1.9368859482828586,0.790611207485199,-0.042398297591716975,A段 主题
Li Yundi,2.647074829931973,2.14373784567229,0.6623355746269226,-0.05870277918802457,A段 主题
Li Yundi,3.0418140589569163,2.4634180507286842,0.04910159483551979,-0.004132681567625696,A段 主题
Li Yundi,3.320453514739229,2.6890746660626097,0.8340266346931458,-0.0914598476356332,A段 主题
Li Yundi,3.5294331065759637,2.8583171275630535,0.03775523602962494,-0.021456620015669614,A段 主题
Li Yundi,3.9706122448979593,3.2156067685084353,0.20105426013469696,0.021350624137994597,A段 主题
Li Yundi,4.295691609977324,3.478872819731348,0.05841497331857681,-0.035791412210528506,A段 主题
Li Yundi,4.527891156462585,3.6669199991762857,0.477567583322525,-0.053803073092240083,A段 主题
Li Yundi,4.922630385487528,3.9866002042326794,0.09552716463804245,0.06965953316466766,A段 主题
Li Yundi,5.154829931972789,4.174647383677617,0.264722615480423,0.015376997134808333,A段 主题
Li Yundi,5.433469387755102,4.400303999011543,0.15145157277584076,0.18524078668633592,A段 主题
Li Yundi,5.642448979591837,4.569546460511987,0.13465940952301025,-0.04111883145014872,A段 主题
Li Yundi,5.851428571428571,4.73878892201243,0.11386556923389435,-0.050205531806568615,A段 主题
Li Yundi,6.0836281179138325,4.9268361014573685,0.12638553977012634,-0.03683778272716154,A段 主题
Li Yundi,6.501587301587302,5.265321024458256,0.18010959029197693,-0.014007503159518818,A段 主题
Li Yundi,6.733786848072563,5.453368203903194,0.21881604194641113,0.012673838682530914,A段 主题
Li Yundi,6.942766439909297,5.622610665403638,0.11877522617578506,0.02260965870846121,A段 主题
Li Yundi,7.267845804988662,5.885876716626551,0.09596162289381027,0.040814248245624185,A段 主题
Li Yundi,7.546485260770975,6.111533331960476,0.2779419422149658,-0.011634826205408897,A段 主题
Li Yundi,7.825124716553288,6.337189947294401,0.16184258460998535,-0.009768693689693464,A段 主题
Li Yundi,8.080544217687075,6.544041844683833,0.19568511843681335,0.03752924744730989,A段 主题
Li Yundi,8.544943310657596,6.9201362035737075,0.10440472513437271,0.0248057379394595,A段 主题
Li Yundi,8.777142857142858,7.1081833830186465,0.21010562777519226,-0.06277884181145055,A段 主题
Li Yundi,9.079002267573696,7.352644716297065,0.11163157224655151,0.0006336098067549755,A段 主题
Li Yundi,9.7059410430839,7.860372100798397,0.36055105924606323,-0.013587829903372036,A段 主题
Li Yundi,9.914920634920636,8.02961456229884,0.0316920205950737,-0.0024065201159828575,A段 主题
Li Yundi,10.7740589569161,8.72538912624511,1.0,-0.05465724335635968,A段 主题
Li Yundi,11.099138321995465,8.988655177468024,0.6663078665733337,-0.07010173414983,A段 主题
Li Yundi,11.331337868480725,9.17670235691296,0.04724489897489548,-0.004787238032122331,A段 主题
Li Yundi,11.563537414965987,9.364749536357898,0.045419566333293915,-0.0033954183038531487,A段 主题
Li Yundi,11.842176870748299,9.590406151691823,0.6850546002388,-0.07043405682907176,A段 主题
Li Yundi,12.30657596371882,9.9665005105817,0.042746879160404205,-0.006157671339224179,A段 主题
Li Yundi,12.631655328798185,10.229766561804611,0.31489840149879456,-0.0031055310046212985,A段 主题
Li Yundi,12.956734693877552,10.493032613027525,0.039596427232027054,0.06172472470211686,A段 主题
Li Yundi,13.305034013605443,10.775103382194931,0.0449528731405735,0.05226381515512912,A段 主题
Li Yundi,13.56045351473923,10.981955279584364,0.14769525825977325,0.029482541276593114,A段 主题
Li Yundi,13.79265306122449,11.1700024590293,0.11464502662420273,0.14453411049544226,A段 主题
Li Yundi,14.094512471655328,11.41446379230772,0.18320633471012115,-0.06836662678324501,A段 主题
Li Yundi,14.303492063492063,11.583706253808163,0.10239238291978836,-0.04134713408348034,A段 主题
Li Yundi,14.512471655328799,11.752948715308609,0.21071769297122955,-0.010316621728634345,A段 主题
Li Yundi,14.814331065759637,11.997410048587026,0.3012385964393616,-0.06251566608170833,A段 主题
Li Yundi,15.069750566893424,12.204261945976459,0.2856145203113556,-0.023184288647826175,A段 主题
Li Yundi,15.301950113378684,12.392309125421395,0.1673373132944107,-0.012504231335697112,A段 主题
Li Yundi,15.650249433106575,12.674379894588801,0.24439872801303864,0.04936054524478095,A段 主题
Li Yundi,15.928888888888888,12.900036509922728,0.15318648517131805,0.04369551422769291,A段 主题
Li Yundi,16.300408163265306,13.200911997034629,0.09378665685653687,0.0026780198368214765,A段 主题
Li Yundi,16.50938775510204,13.37015445853507,0.11876454204320908,-0.001496877825957199,A段 主题
Li Yundi,16.764807256235827,13.577006355924503,0.0795736014842987,-0.008744140882299689,A段 主题
Li Yundi,17.020226757369613,13.783858253313934,0.14816948771476746,-0.004174930847966607,A段 主题
Li Yundi,17.29886621315193,14.00951486864786,0.08147088438272476,0.0043110385831823805,A段 主题
Li Yundi,17.554285714285715,14.216366766037293,0.0938616469502449,-0.005882867901618737,A段 主题
Li Yundi,17.99546485260771,14.573656406982675,0.17672862112522125,-0.019076468754519734,A段 主题
Li Yundi,18.45986394557823,14.94975076587255,0.478661447763443,-0.01102091431448571,A段 主题
Li Yundi,18.76172335600907,15.194212099150969,0.22723354399204254,-0.010239601533612586,A段 主题
Li Yundi,19.017142857142858,15.4010639965404,0.7443261742591858,-0.017649290924737212,A段 主题
Li Yundi,19.249342403628116,15.589111175985336,0.12005826085805893,-0.01472804741524669,A段 主题
Li Yundi,19.458321995464853,15.758353637485781,0.516680896282196,-0.026831320030851202,A段 主题
Li Yundi,19.667301587301587,15.927596098986225,0.11348355561494827,-0.005181617132166139,A段 主题
Li Yundi,20.01560090702948,16.209666868153633,0.15588000416755676,0.005104799868149712,A段 主题
Li Yundi,20.36390022675737,16.491737637321037,0.12171601504087448,-0.001393717252540228,A段 主题
Li Yundi,20.64253968253968,16.717394252654962,0.08151310682296753,0.023732282579658204,A段 主题
Li Yundi,20.94439909297052,16.96185558593338,0.05585139989852905,0.021332715596145135,A段 主题
Li Yundi,21.199818594104308,17.168707483322812,0.1337067037820816,-0.06808298749092499,A段 主题
Li Yundi,21.524897959183672,17.431973534545726,0.0908832922577858,-0.03923848516933503,A段 主题
Li Yundi,21.78031746031746,17.638825431935157,0.11825911700725555,0.05963639503079321,A段 主题
Li Yundi,22.058956916099774,17.864482047269085,0.13178130984306335,-0.03266837279625179,A段 主题
Li Yundi,22.38403628117914,18.127748098491995,0.08061464130878448,-0.006794119076403148,A段 主题
Li Yundi,22.68589569160998,18.372209431770415,0.0571279413998127,-0.040521860955777804,A段 主题
Li Yundi,23.127074829931974,18.729499072715797,0.4215686321258545,-0.07072062358020048,A段 主题
Li Yundi,23.336054421768708,18.898741534216242,0.08958865702152252,-0.016323480713253954,A段 主题
Li Yundi,23.91655328798186,19.368859482828586,0.07690408825874329,-0.015232359373840154,A段 主题
Li Yundi,24.171972789115646,19.575711380218017,0.03539671376347542,-0.0030687047569699644,A段 主题
Li Yundi,24.938231292517006,20.19626707238631,0.023590199649333954,0.0014132137295064242,A段 主题
Li Yundi,25.379410430839002,20.55355671333169,0.12043885886669159,0.04851317006568933,A段 主题
Li Yundi,25.611609977324264,20.74160389277663,0.14908522367477417,-0.03259670520492363,A段 主题
Li Yundi,25.98312925170068,21.042479379888533,0.2221316248178482,-0.030992645667993195,A段 主题
Li Yundi,26.192108843537415,21.211721841388975,0.03603200986981392,-0.007342672620325174,A段 主题
Li Yundi,27.16734693877551,22.001519995057713,0.032923780381679535,-0.0012294565408410563,A段 主题
Li Yundi,27.445986394557824,22.22717661039164,0.030325977131724358,-0.00011373065262887397,A段 主题
Li Yundi,28.46766439909297,23.054584199949364,0.39660215377807617,0.0028925680453539826,A段 主题
Li Yundi,29.442902494331065,23.8443823536181,0.15507148206233978,-0.008993505366561292,A段 主题
Li Yundi,29.675102040816327,24.03242953306304,0.1453244686126709,-0.024487567429787305,A段 主题
Li Yundi,29.930521541950114,24.239281430452472,0.0848499983549118,0.020195948150103504,A段 主题
Li Yundi,30.162721088435376,24.427328609897412,0.14706754684448242,-0.06086435537326906,A段 主题
Li Yundi,30.464580498866212,24.671789943175828,0.041076771914958954,0.01490645790909184,A段 主题
Li Yundi,30.67356009070295,24.841032404676273,0.15000677108764648,-0.02641615160428046,A段 主题
Li Yundi,30.998639455782314,25.104298455899187,0.035275835543870926,-0.013537047493628052,A段 主题
Li Yundi,31.41659863945578,25.442783378900074,0.25889575481414795,-0.006517105839520808,A段 主题
Li Yundi,31.648798185941043,25.63083055834501,0.11458098888397217,-0.0341322196618421,A段 主题
Li Yundi,31.90421768707483,25.83768245573444,0.16295452415943146,0.015673827419959704,A段 主题
Li Yundi,32.15963718820862,26.044534353123876,0.23325799405574799,-0.03885748674292699,A段 主题
Li Yundi,32.391836734693875,26.232581532568812,0.06483324617147446,-0.029690818200833743,A段 主题
Li Yundi,32.74013605442177,26.51465230173622,0.1397739052772522,0.018888011982198805,A段 主题
Li Yundi,33.57605442176871,27.191622147737995,0.3309895694255829,-0.05022294662921922,A段 主题
Li Yundi,33.8314739229025,27.39847404512743,0.2933042347431183,0.05194406703594723,A段 主题
Li Yundi,34.04045351473923,27.567716506627868,0.2403380274772644,-0.1936695933181909,A段 主题
Li Yundi,34.27265306122449,27.755763686072807,0.4584711790084839,-0.15063931032273103,A段 主题
Li Yundi,34.50485260770975,27.943810865517744,0.25008466839790344,-0.2661643123246904,A段 主题
Li Yundi,34.73705215419501,28.131858044962684,0.06290668994188309,-0.14648223095719004,A段 主题
Li Yundi,34.94603174603174,28.301100506463126,0.3052774667739868,-0.12141056745349486,A段 主题
Li Yundi,35.54975056689342,28.790023173019964,0.03220907226204872,0.19329247922996728,A段 主题
Li Yundi,35.92126984126984,29.090898660131863,0.23727107048034668,0.015641339359717676,A段 主题
Li Yundi,36.13024943310658,29.260141121632312,0.24155135452747345,-0.03616718695411691,A段 主题
Li Yundi,36.33922902494331,29.42938358313275,0.3070252537727356,-0.004834515584661857,A段 主题
Li Yundi,36.57142857142857,29.61743076257769,0.18611957132816315,-0.004620073377736842,A段 主题
Li Yundi,36.91972789115646,29.8995015317451,0.16368937492370605,-0.13313187282619762,A段 主题
Li Yundi,37.24480725623583,30.162767582968012,0.22989416122436523,-0.02530099463911029,A段 主题
Li Yundi,37.54666666666667,30.40722891624643,0.045159853994846344,-0.03824827927019214,A段 主题
Li Yundi,37.871746031746035,30.670494967469345,0.26156097650527954,-0.1350299213754624,A段 主题
Li Yundi,38.12716553287982,30.877346864858776,0.2430376261472702,-0.06315590480880928,A段 主题
Li Yundi,38.38258503401361,31.084198762248207,0.19091908633708954,-0.1567174042975239,A段 主题
Li Yundi,38.846984126984125,31.46029312113808,0.3020581603050232,-0.09386806759721365,A段 主题
Li Yundi,39.10240362811791,31.66714501852751,0.33697882294654846,0.09855269213403516,A段 主题
Li Yundi,39.3578231292517,31.873996915916944,0.17982934415340424,-0.004405426807352341,A段 主题
Li Yundi,39.566802721088436,32.043239377417386,0.33439120650291443,-0.1006700131256366,A段 主题
Li Yundi,39.84544217687075,32.26889599275131,0.26473286747932434,-0.20863997688138622,A段 主题
Li Yundi,40.07764172335601,32.456943172196254,0.3112732172012329,-0.0778482337409514,A段 主题
Li Yundi,40.35628117913832,32.68259978753017,0.14340941607952118,-0.1902568171317398,A段 主题
Li Yundi,40.61170068027211,32.88945168491961,0.06867074966430664,-0.038920515680729295,A段 主题
Li Yundi,40.867120181405895,33.09630358230904,0.15932276844978333,-0.09977085783248185,A段 主题
Li Yundi,41.19219954648526,33.359569633531954,0.2816642224788666,0.07595962697450885,A段 主题
Li Yundi,41.54049886621315,33.64164040269936,0.3434689939022064,-0.07308963249670342,A段 主题
Li Yundi,41.77269841269841,33.829687582144295,0.3788074851036072,-0.26079963590746047,A段 主题
Li Yundi,42.00489795918367,34.01773476158923,0.40702521800994873,-0.19040093538933434,A段 主题
Li Yundi,42.26031746031746,34.224586658978666,0.3426734507083893,-0.29304099316505017,A段 主题
Li Yundi,42.49251700680272,34.4126338384236,0.31658607721328735,-0.19363879555385208,A段 主题
Li Yundi,42.840816326530614,34.694704607591014,0.1566569060087204,0.030990950835985128,A段 主题
Li Yundi,43.67673469387755,35.37167445359278,0.10444685071706772,-0.04283907089757122,A段 主题
Li Yundi,43.932154195011336,35.578526350982216,0.24132473766803741,0.030325969328259813,A段 主题
Li Yundi,44.14113378684807,35.74776881248266,0.35277482867240906,-0.09572366870997939,A段 主题
Li Yundi,44.373333333333335,35.9358159919276,0.27953487634658813,-0.013235733149485899,A段 主题
Li Yundi,44.6055328798186,36.12386317137254,0.21166150271892548,-0.05869293345313053,A段 主题
Li Yundi,44.88417233560091,36.349519786706466,0.05708034709095955,-0.028113235430282654,A段 主题
Li Yundi,45.20925170068027,36.61278583792937,0.31806352734565735,0.2547762979702384,A段 主题
Li Yundi,45.44145124716553,36.80083301737431,0.11285057663917542,-0.04867738207394723,A段 主题
Li Yundi,45.65043083900227,36.970075478874755,0.3216060400009155,-0.11098443173978012,A段 主题
Li Yundi,45.905850340136055,37.17692737626419,0.27145132422447205,-0.1027371686177503,A段 主题
Li Yundi,46.13804988662132,37.364974555709125,0.2913144826889038,-0.023936858997331,A段 主题
Li Yundi,46.393469387755104,37.57182645309856,0.15337137877941132,-0.10226185931969667,A段 主题
Li Yundi,46.64888888888889,37.778678350487986,0.03847126290202141,-0.08690143949934281,A段 主题
Li Yundi,46.85786848072562,37.94792081198843,0.17240120470523834,0.04268995098755112,A段 主题
Li Yundi,47.09006802721088,38.13596799143337,0.2220015674829483,0.00021444029698614833,A段 主题
Li Yundi,47.322267573696145,38.324015170878305,0.09272541105747223,-0.12128734297220944,A段 主题
Li Yundi,47.53124716553288,38.49325763237875,0.29720649123191833,-0.1235024786183203,A段 主题
Li Yundi,47.78666666666667,38.700109529768184,0.20896634459495544,-0.07926467687866534,A段 主题
Li Yundi,47.9956462585034,38.86935199126862,0.5033329129219055,-0.0051301378334756,A段 主题
Li Yundi,48.251065759637186,39.07620388865806,0.19127367436885834,-0.11716711587723692,A段 主题
Li Yundi,48.66902494331066,39.41468881165895,0.0982932448387146,-0.07077166001181467,A段 主题
Li Yundi,48.94766439909297,39.64034542699287,0.32436802983283997,-0.051692344732146005,A段 主题
Li Yundi,49.179863945578234,39.82839260643781,0.1717635542154312,0.006875501094327776,A段 主题
Li Yundi,49.388843537414964,39.997635067938255,0.2343989759683609,-0.07499714001824032,A段 主题
Li Yundi,49.64426303854875,40.20448696532768,0.2253483682870865,-0.13879114394512723,A段 主题
Li Yundi,49.89968253968254,40.411338862717116,0.3038656413555145,-0.03632019597716863,A段 主题
Li Yundi,50.108662131519274,40.58058132421756,0.27083975076675415,-0.03211317171007977,A段 主题
Li Yundi,50.340861678004536,40.7686285036625,0.21720069646835327,-0.1250273642654065,A段 主题
Li Yundi,50.68916099773243,41.05069927282991,0.26299041509628296,0.0051657180847541955,A段 主题
Li Yundi,50.96780045351474,41.276355888163835,0.03250875696539879,0.021747125538240653,A段 主题
Li Yundi,51.40897959183673,41.63364552910921,0.20540539920330048,-0.002756017920546583,A段 主题
Li Yundi,51.641179138321995,41.821692708554146,0.222285658121109,-0.031672096156398766,A段 主题
Li Yundi,51.87337868480726,42.00973988799909,0.21741445362567902,0.028119890612288145,A段 主题
Li Yundi,52.082358276643994,42.178982349499535,0.2384876161813736,-0.047365811769850545,A段 主题
Li Yundi,52.31455782312925,42.367029528944464,0.23623210191726685,-0.003845046921924222,A段 主题
Li Yundi,52.61641723356009,42.61149086222289,0.16974593698978424,0.05884296106160036,A段 主题
Li Yundi,53.127256235827666,43.025194657001755,0.23902082443237305,0.004896508380625164,A段 主题
Li Yundi,53.336235827664396,43.194437118502194,0.26282137632369995,0.15894395373834413,A段 主题
Li Yundi,53.661315192743764,43.45770316972511,0.04380076751112938,0.1889725303044543,A段 主题
Li Yundi,54.00961451247166,43.73977393889252,0.23684147000312805,-0.14765190808248005,A段 主题
Li Yundi,54.24181405895692,43.927821118337455,0.45115557312965393,-0.2812438068758638,A段 主题
Li Yundi,54.45079365079365,44.097063579837894,0.1124812588095665,-0.009418834906682603,A段 主题
Li Yundi,54.77587301587302,44.36032963106081,0.09046276658773422,0.08564675672459998,A段 主题
Li Yundi,55.193832199546485,44.6988145540617,0.07490906119346619,-0.02543351383792469,A段 主题
Li Yundi,55.40281179138322,44.868057015562144,0.09110390394926071,0.032922261925705236,A段 主题
Li Yundi,55.843990929705214,45.22534665650752,0.13389740884304047,-0.0291450646273006,A段 主题
Li Yundi,56.05297052154195,45.394589118007964,0.1485666185617447,-0.08560032993045752,A段 主题
Li Yundi,56.26195011337869,45.56383157950841,0.28772518038749695,-0.12094446119590428,A段 主题
Li Yundi,56.49414965986394,45.751878758953346,0.09744755923748016,-0.06028503653396911,A段 主题
Li Yundi,56.86566893424036,46.05275424606525,0.3576904535293579,-0.015370889150290168,A段 主题
Li Yundi,57.14430839002267,46.27841086139917,0.09928573668003082,0.08694893920164758,A段 主题
Li Yundi,57.46938775510204,46.54167691262209,0.0806807354092598,0.06213280403244425,A段 主题
Li Yundi,57.67836734693878,46.71091937412253,0.6555269360542297,-0.14158109192976553,A段 主题
Li Yundi,57.91056689342403,46.89896655356746,0.616176187992096,-0.09713891622595838,A段 主题
Li Yundi,58.11954648526077,47.068209015067914,0.6557517051696777,-0.06148577404019306,A段 主题
Li Yundi,58.35174603174603,47.25625619451285,0.6703281402587891,-0.1687880260305974,A段 主题
Li Yundi,58.583945578231294,47.44430337395779,0.20271159708499908,-0.08324186101162921,A段 主题
Li Yundi,58.88580498866213,47.6887647072362,0.45934441685676575,-0.08056002081957557,A段 主题
Li Yundi,59.11800453514739,47.876811886681146,0.12262666970491409,0.01035651175698149,A段 主题
Li Yundi,59.350204081632654,48.06485906612608,0.1500672549009323,0.0064085219946719,A段 主题
Li Yundi,59.81460317460318,48.44095342501596,0.43887636065483093,-0.06278941045820828,A段 主题
Li Yundi,60.13968253968254,48.70421947623887,0.292654424905777,0.18763388279694487,A段 主题
Li Yundi,60.51120181405896,49.00509496335077,0.34147289395332336,-0.0967057143952843,A段 主题
Li Yundi,60.74340136054422,49.19314214279571,0.5420739650726318,-0.10840205209206033,A段 主题
Li Yundi,60.97560090702948,49.38118932224065,0.49629533290863037,-0.09315628351487247,A段 主题
Li Yundi,61.207800453514736,49.56923650168558,0.09530750662088394,-0.024597829155936776,A段 主题
Li Yundi,61.41678004535147,49.738478963186026,0.6708493828773499,-0.04239624058754998,A段 主题
Li Yundi,61.648979591836735,49.92652614263096,0.6199695467948914,-0.12895848258267503,A段 主题
Li Yundi,61.881179138322,50.114573322075906,0.19535082578659058,-0.08769681921876325,A段 主题
Li Yundi,62.11337868480726,50.30262050152084,0.6206058859825134,-0.11388871248527721,A段 主题
Li Yundi,62.345578231292514,50.49066768096578,0.1926679015159607,-0.020034308590766155,A段 主题
Li Yundi,62.64743764172336,50.7351290142442,0.23644697666168213,0.028633192414417863,A段 主题
Li Yundi,62.94929705215419,50.97959034752262,0.19067469239234924,0.04839122452722222,A段 主题
Li Yundi,63.20471655328798,51.186442244912044,0.15846791863441467,-0.0379828646146052,A段 主题
Li Yundi,63.46013605442177,51.39329414230148,0.3939124345779419,-0.18339059261052165,A段 主题
Li Yundi,63.76199546485261,51.6377554755799,0.32918912172317505,-0.07041069493425312,A段 主题
Li Yundi,63.994195011337865,51.82580265502483,0.3554478585720062,0.05713470027330912,A段 主题
Li Yundi,64.22639455782313,52.013849834469774,0.12297292798757553,0.07265914373419946,A段 主题
Li Yundi,64.66757369614513,52.371139475415156,0.36276620626449585,-0.18689560929487922,A段 主题
Li Yundi,64.92299319727891,52.57799137280459,0.3824511170387268,-0.13275486426209682,A段 主题
Li Yundi,65.15519274376418,52.766038552249526,0.6250265836715698,-0.13202201021158544,A段 主题
Li Yundi,65.36417233560091,52.93528101374997,0.39376816153526306,-0.04028273374387936,A段 主题
Li Yundi,65.64281179138322,53.1609376290839,0.09697359800338745,0.0659625638036232,A段 主题
Li Yundi,65.96789115646258,53.4242036803068,0.17616823315620422,-0.06660211734015319,A段 主题
Li Yundi,66.20009070294785,53.61225085975175,0.2952520549297333,-0.04623158406502626,A段 主题
Li Yundi,66.64126984126985,53.96954050069713,0.5570680499076843,-0.0827990053949179,A段 主题
Li Yundi,66.87346938775511,54.15758768014207,0.2331390231847763,-0.06668019086646382,A段 主题
Li Yundi,67.10566893424036,54.345634859586994,0.17380139231681824,-0.031249264338839563,A段 主题
Li Yundi,67.3146485260771,54.51487732108744,0.35709142684936523,-0.06060580599296372,A段 主题
Li Yundi,67.57006802721088,54.721729218476874,0.23931561410427094,-0.05541388545680092,A段 主题
Li Yundi,67.80226757369614,54.90977639792181,0.09598571807146072,0.011857802974191145,A段 主题
Li Yundi,68.0344671201814,55.09782357736675,0.12741544842720032,-0.04925678590552706,A段 主题
Li Yundi,68.26666666666667,55.28587075681169,0.3252938687801361,-0.06495077655017666,A段 主题
Li Yundi,68.61496598639455,55.567941525979094,0.7637345790863037,-0.033901791266544024,A段 主题
Li Yundi,68.94004535147393,55.831207577202015,0.4588874280452728,0.005639538585455737,A段 主题
Li Yundi,69.26512471655329,56.09447362842492,0.5630943179130554,-0.1466047879148391,A段 主题
Li Yundi,69.49732426303855,56.28252080786986,0.4401829242706299,-0.15129288376556357,A段 主题
Li Yundi,69.70630385487529,56.4517632693703,0.5189258456230164,-0.13747182692895873,A段 主题
Li Yundi,69.9849433106576,56.67741988470423,0.5355595946311951,-0.14475124762611813,A段 主题
Li Yundi,70.21714285714286,56.86546706414917,0.05487595126032829,0.11698598491420853,A段 主题
Li Yundi,70.54222222222222,57.12873311537208,0.30016323924064636,-0.04204174256301484,A段 主题
Li Yundi,70.82086167800453,57.354389730706,0.2964523434638977,-0.022292993708106227,A段 主题
Li Yundi,71.02984126984127,57.52363219220645,0.34949401021003723,-0.1308085477376153,A段 主题
Li Yundi,71.23882086167801,57.692874653706895,0.22361081838607788,-0.02526830221540877,A段 主题
Li Yundi,71.44780045351474,57.86211711520734,0.21858207881450653,0.030275715971583843,A段 主题
Li Yundi,71.68,58.050164294652284,0.2783423960208893,-0.03103735471086111,A段 主题
Li Yundi,71.88897959183673,58.219406756152715,0.16981348395347595,-0.042382921628814074,A段 主题
Li Yundi,72.12117913832199,58.40745393559765,0.23740491271018982,-0.02443975258756836,A段 主题
Li Yundi,72.37659863945578,58.614305832987085,0.1882312148809433,0.012561706171254627,A段 主题
Li Yundi,72.67845804988661,58.8587671662655,0.3165498971939087,-0.04354570100986165,A段 主题
Li Yundi,72.88743764172335,59.02800962776595,0.20090001821517944,0.033734173121047206,A段 主题
Li Yundi,73.09641723356009,59.19725208926639,0.19807414710521698,0.00542542966286419,A段 主题
Li Yundi,73.30539682539683,59.36649455076684,0.2919309735298157,-0.14729683516634393,A段 主题
Li Yundi,73.53759637188209,59.55454173021178,0.27243703603744507,-0.05814186260977294,A段 主题
Li Yundi,73.76979591836735,59.74258890965672,0.29554352164268494,0.03870667223964119,A段 主题
Li Yundi,73.97877551020409,59.91183137115716,0.10659825056791306,0.031320235757448245,A段 主题
Li Yundi,74.3502947845805,60.21270685826906,0.21179182827472687,0.02786116074275924,A段 主题
Li Yundi,74.62893424036281,60.43836347360298,0.05678602680563927,-0.033671792607492534,A段 主题
Li Yundi,74.83791383219955,60.60760593510343,0.13916079699993134,-0.0271937459729088,A段 主题
Li Yundi,75.04689342403628,60.776848396603874,0.15447041392326355,-0.020618084272427947,A段 主题
Li Yundi,75.30231292517007,60.98370029399331,0.2686554193496704,-0.060236895569687476,B段 抒情
Li Yundi,75.51129251700681,61.152942755493754,0.16674484312534332,0.04881443737758673,B段 抒情
Li Yundi,75.74349206349207,61.34098993493869,0.1361706703901291,0.0710569399416272,B段 抒情
Li Yundi,75.9524716553288,61.51023239643912,0.14284399151802063,-0.05377387633416219,B段 抒情
Li Yundi,76.16145124716553,61.67947485793957,0.22652970254421234,0.029015386462560848,B段 抒情
Li Yundi,76.39365079365079,61.86752203738451,0.3568095862865448,-0.062412529860011993,B段 抒情
Li Yundi,76.62585034013605,62.05556921682945,0.28511303663253784,0.03345918967170291,B段 抒情
Li Yundi,76.83482993197279,62.22481167832989,0.41838499903678894,-0.10300052435923134,B段 抒情
Li Yundi,77.13668934240363,62.46927301160831,0.32632511854171753,-0.030881624024914338,B段 抒情
Li Yundi,77.41532879818594,62.69492962694223,0.09873200953006744,0.03302616642031353,B段 抒情
Li Yundi,77.7404081632653,62.95819567816515,0.10598724335432053,0.07374451806754223,B段 抒情
Li Yundi,77.99582766439909,63.165047575554574,0.17799033224582672,-0.07185004778875737,B段 抒情
Li Yundi,78.20480725623582,63.33429003705502,0.10487885773181915,-0.046696196750417585,B段 抒情
Li Yundi,78.5298866213152,63.59755608827794,0.11461830884218216,-0.04717912670457734,B段 抒情
Li Yundi,78.73886621315192,63.76679854977838,0.2150879204273224,0.06188673896758701,B段 抒情
Li Yundi,79.0639455782313,64.0300646010013,0.15886861085891724,0.04775168245032547,B段 抒情
Li Yundi,79.27292517006802,64.19930706250173,0.29489555954933167,-0.03226737253498868,B段 抒情
Li Yundi,79.48190476190476,64.36854952400218,0.27512452006340027,0.05121326712469454,B段 抒情
Li Yundi,79.85342403628118,64.66942501111409,0.2897931635379791,-0.16348124463547717,B段 抒情
Li Yundi,80.17850340136054,64.932691062337,0.48767557740211487,-0.08124804717226652,B段 抒情
Li Yundi,80.4107029478458,65.12073824178194,0.5314789414405823,-0.07437861013386282,B段 抒情
Li Yundi,80.66612244897959,65.32759013917136,0.49555549025535583,-0.025747276686161055,B段 抒情
Li Yundi,80.96798185941043,65.57205147244979,0.46813538670539856,-0.15983414377842564,B段 抒情
Li Yundi,81.20018140589569,65.76009865189472,0.09729180485010147,0.014421013520404811,B段 抒情
Li Yundi,81.40916099773243,65.92934111339517,0.1341032236814499,0.009339772987004833,B段 抒情
Li Yundi,81.61814058956917,66.09858357489561,0.560605525970459,0.028900352754135383,B段 抒情
Li Yundi,81.87356009070295,66.30543547228504,0.42190131545066833,-0.10105544452017055,B段 抒情
Li Yundi,82.12897959183674,66.51228736967448,0.06717996299266815,0.03810473399425973,B段 抒情
Li Yundi,82.4540589569161,66.77555342089738,0.14429882168769836,-0.022771141175326193,B段 抒情
Li Yundi,82.66303854875284,66.94479588239783,0.11109267920255661,0.051565757803473396,B段 抒情
Li Yundi,82.91845804988662,67.15164777978727,0.06877938657999039,0.06824494075772235,B段 抒情
Li Yundi,83.12743764172336,67.32089024128771,0.09959043562412262,0.04911408577754628,B段 抒情
Li Yundi,83.35963718820862,67.50893742073265,0.12747155129909515,0.051626050753839074,B段 抒情
Li Yundi,83.63827664399093,67.73459403606657,0.331898957490921,-0.20858313710050422,B段 抒情
Li Yundi,83.84725623582766,67.903836497567,0.14095941185951233,-0.016935416533669923,B段 抒情
Li Yundi,84.10267573696144,68.11068839495644,0.3920048475265503,-0.2576113405666547,B段 抒情
Li Yundi,84.31165532879818,68.27993085645689,0.21692314743995667,-0.17162171734526052,B段 抒情
Li Yundi,84.54385487528344,68.46797803590182,0.35456952452659607,-0.3663049878014135,B段 抒情
Li Yundi,84.7760544217687,68.65602521534676,0.4416445791721344,-0.26793972847372066,B段 抒情
Li Yundi,85.03147392290249,68.86287711273619,0.5316889882087708,-0.2798829735183972,B段 抒情
Li Yundi,85.54231292517007,69.27658090751505,0.10952284932136536,-0.03144421752949711,B段 抒情
Li Yundi,85.8441723356009,69.52104224079348,0.05848365277051926,0.10420454600534866,B段 抒情
Li Yundi,86.09959183673469,69.7278941381829,0.26506996154785156,-0.017862015738501213,B段 抒情
Li Yundi,86.30857142857143,69.89713659968335,0.0868118479847908,0.14388275449164212,B段 抒情
Li Yundi,86.61043083900226,70.14159793296177,0.11952728033065796,-0.13749995650869093,B段 抒情
Li Yundi,86.819410430839,70.31084039446222,0.0834202691912651,-0.09244428074453027,B段 抒情
Li Yundi,87.02839002267574,70.48008285596266,0.15424178540706635,-0.06708062865072861,B段 抒情
Li Yundi,87.28380952380952,70.68693475335209,0.17791156470775604,-0.044126375905761954,B段 抒情
Li Yundi,87.49278911564626,70.85617721485254,0.055624209344387054,-0.014253891959015164,B段 抒情
Li Yundi,87.701768707483,71.02541967635298,0.10290691256523132,0.10096608612002456,B段 抒情
Li Yundi,87.95718820861678,71.23227157374241,0.1408490687608719,-0.07860057680773024,B段 抒情
Li Yundi,88.37514739229024,71.5707564967433,0.13815292716026306,-0.06246195716812508,B段 抒情
Li Yundi,88.63056689342403,71.77760839413273,0.1993524581193924,0.008791696927801239,B段 抒情
Li Yundi,88.8627664399093,71.96565557357766,0.036198459565639496,-0.03134823164145927,B段 抒情
Li Yundi,89.07174603174603,72.13489803507811,0.048170048743486404,-0.022515803357237022,B段 抒情
Li Yundi,89.32716553287982,72.34174993246754,0.0339340902864933,-0.015823765261302473,B段 抒情
Li Yundi,89.6754648526077,72.62382070163494,0.2054906189441681,0.07292773843801115,B段 抒情
Li Yundi,89.95410430839003,72.84947731696887,0.05679257586598396,-0.02240889357381093,B段 抒情
Li Yundi,90.23274376417234,73.0751339323028,0.17182786762714386,-0.010591030286377643,B段 抒情
Li Yundi,90.48816326530613,73.28198582969223,0.13784882426261902,-0.003306407870695692,B段 抒情
Li Yundi,90.79002267573696,73.52644716297065,0.09401047974824905,-0.027108079484605693,B段 抒情
Li Yundi,91.06866213151928,73.75210377830457,0.041109777987003326,-0.005195816811465192,B段 抒情
Li Yundi,91.37052154195011,73.996565111583,0.1709948182106018,0.0019553801394067718,B段 抒情
Li Yundi,91.95102040816326,74.46668306019534,0.042626187205314636,0.004225167731419787,B段 抒情
Li Yundi,92.18321995464852,74.65473023964027,0.051607485860586166,-0.011956437947446828,B段 抒情
Li Yundi,92.601179138322,74.99321516264116,0.4491834342479706,-0.06418212547032454,B段 抒情
Li Yundi,92.87981859410431,75.21887177797508,0.48404720425605774,0.10769382479338674,B段 抒情
Li Yundi,93.11201814058957,75.40691895742003,0.32971400022506714,-0.10506215487566806,B段 抒情
Li Yundi,93.34421768707483,75.59496613686497,0.050702426582574844,-0.0019282155562905252,B段 抒情
Li Yundi,93.55319727891157,75.76420859836541,0.28583961725234985,-0.02880869836872079,B段 抒情
Li Yundi,93.90149659863945,76.04627936753282,0.03990257903933525,-0.005809372140674895,B段 抒情
Li Yundi,94.36589569160998,76.42237372642269,0.03817591816186905,0.001677565683166904,B段 抒情
Li Yundi,94.64453514739229,76.64803034175661,0.5648105144500732,-0.018166752215620363,B段 抒情
Li Yundi,95.0160544217687,76.9489058288685,0.04495709761977196,0.023215844657897833,华彩
Li Yundi,95.22503401360544,77.11814829036895,0.04674438014626503,0.027706653372661098,华彩
Li Yundi,95.48045351473922,77.32500018775839,0.11964894831180573,-0.00411426808568649,华彩
Li Yundi,95.71265306122449,77.51304736720333,0.14303210377693176,0.026730902845883975,华彩
Li Yundi,96.03773242630386,77.77631341842624,0.0372050479054451,-0.04445108938853082,华彩
Li Yundi,96.36281179138322,78.03957946964915,0.08082343637943268,0.053512269141720026,华彩
Li Yundi,96.59501133786848,78.22762664909409,0.11155421286821365,-0.013777859749097843,华彩
Li Yundi,96.98975056689342,78.54730685415048,0.10125722736120224,0.03003885585712851,华彩
Li Yundi,97.22195011337868,78.73535403359543,0.2742783725261688,-0.13522217677746082,华彩
Li Yundi,97.500589569161,78.96101064892935,0.7590535283088684,-0.24932233000072299,华彩
Li Yundi,97.75600907029478,79.16786254631877,0.6025946140289307,-0.023182074073702097,华彩
Li Yundi,97.98820861678004,79.35590972576371,0.23468586802482605,0.20212441522744481,华彩
Li Yundi,98.2204081632653,79.54395690520866,0.3660634160041809,-0.3069860718824202,华彩
Li Yundi,98.45260770975057,79.7320040846536,0.046868424862623215,-0.0945583557950158,华彩
Li Yundi,98.91700680272109,80.10809844354347,0.10669063776731491,-0.013539694668907032,华彩
Li Yundi,99.17242630385488,80.3149503409329,0.5915762186050415,0.31182796174107347,华彩
Li Yundi,99.49750566893424,80.57821639215581,0.05989556387066841,0.10450766094436403,华彩
Li Yundi,99.93868480725624,80.93550603310119,0.08814622461795807,0.07543519404862309,华彩
Li Yundi,100.37986394557824,81.29279567404659,0.11130571365356445,-0.13388543156906962,华彩
Li Yundi,100.7049433106576,81.55606172526949,0.05420785769820213,0.0781310231104726,华彩
Li Yundi,100.96036281179138,81.76291362265893,0.19712644815444946,0.08864860956236952,华彩
Li Yundi,101.21578231292517,81.96976552004836,0.158015638589859,-0.0022743590307072736,华彩
Li Yundi,101.44798185941043,82.15781269949329,0.17141945660114288,-0.12026783861074361,华彩
Li Yundi,102.00526077097506,82.60912593016114,0.08275014162063599,-0.1146730804521212,华彩
Li Yundi,102.30712018140589,82.85358726343956,0.46447616815567017,-0.0639804005913902,华彩
Li Yundi,102.53931972789115,83.0416344428845,0.12080702185630798,0.13271430193526612,华彩
Li Yundi,102.86439909297052,83.3049004941074,0.0966138020157814,0.026109690452358336,华彩
Li Yundi,103.14303854875284,83.53055710944135,0.11401926726102829,0.10722316428655175,华彩
Li Yundi,103.39845804988663,83.73740900683077,0.1351471096277237,0.13608318581646014,华彩
Li Yundi,103.65387755102041,83.9442609042202,0.16952946782112122,-0.10052205971078365,华彩
Li Yundi,103.88607709750566,84.13230808366514,0.2840022146701813,0.028413007021299567,华彩
Li Yundi,104.11827664399092,84.32035526311007,0.1631380170583725,0.0036498893678071926,华彩
Li Yundi,104.35047619047619,84.50840244255501,0.21250088512897491,-0.2706238190512522,华彩
Li Yundi,104.58267573696145,84.69644962199995,0.10431917011737823,-0.27159650317116757,华彩
Li Yundi,104.79165532879819,84.86569208350039,0.19606825709342957,0.17863283746919478,华彩
Li Yundi,105.02385487528345,85.05373926294533,0.25927409529685974,0.004309001633373554,华彩
Li Yundi,105.23283446712018,85.22298172444577,0.2422589659690857,0.08181986759154825,华彩
Li Yundi,105.44181405895692,85.39222418594622,0.16632242500782013,0.13175178919482278,华彩
Li Yundi,105.65079365079364,85.56146664744666,0.3216700553894043,0.07131231595849385,华彩
Li Yundi,105.97587301587302,85.82473269866958,0.3801268935203552,-0.5437845526103048,华彩
Li Yundi,106.46349206349207,86.21963177550396,0.0795673355460167,0.023339426297752652,华彩
Li Yundi,106.81179138321995,86.50170254467135,0.09479686617851257,-0.06547805814989259,华彩
Li Yundi,107.13687074829932,86.76496859589426,0.11683427542448044,0.11386366077204002,华彩
Li Yundi,107.60126984126984,87.14106295478413,0.22479507327079773,-0.2664930185346747,华彩
Li Yundi,107.8334693877551,87.32911013422908,0.10198485106229782,-0.03730463004103513,华彩
Li Yundi,108.18176870748299,87.61118090339647,0.4684511423110962,-0.35492532751959516,华彩
Li Yundi,108.55328798185941,87.91205639050838,0.14225313067436218,-0.01772650366547168,华彩
Li Yundi,108.83192743764172,88.13771300584231,0.46062523126602173,-0.12015842585242352,华彩
Li Yundi,109.18022675736961,88.41978377500972,0.07608561962842941,-0.06561186655744677,华彩
Li Yundi,109.45886621315192,88.64544039034364,0.11224446445703506,0.32657040173944546,华彩
Li Yundi,109.66784580498866,88.81468285184408,0.4800095856189728,-0.39354748878395185,华彩
Li Yundi,109.94648526077097,89.040339467178,0.443247526884079,-0.6595161527002347,华彩
Li Yundi,110.22512471655328,89.26599608251193,0.06469720602035522,-0.14124297831585864,华彩
Li Yundi,110.43410430839002,89.43523854401238,0.08187928050756454,1.0431314398374523,华彩
Li Yundi,110.80562358276644,89.73611403112429,0.07721218466758728,-0.2610421064673573,华彩
Li Yundi,111.2235827664399,90.07459895412516,0.5242131352424622,0.5465525659019477,华彩
Li Yundi,111.78086167800454,90.52591218479303,0.06116792559623718,-0.015407411956402937,华彩
Li Yundi,112.05950113378685,90.75156880012695,0.21318036317825317,-0.1641614770051092,华彩
Li Yundi,112.33814058956916,90.97722541546088,0.28445199131965637,-0.08834890577418264,华彩
Li Yundi,112.59356009070295,91.1840773128503,0.46366867423057556,-0.33810894219641346,华彩
Li Yundi,112.82575963718821,91.37212449229524,0.5527002811431885,-0.42924525096168503,华彩
Li Yundi,113.10439909297052,91.59778110762916,0.34538301825523376,-0.48035147174232407,华彩
Li Yundi,113.45269841269841,91.87985187679656,0.20109005272388458,0.3071560831813258,华彩
Li Yundi,113.68489795918367,92.0678990562415,0.05586894974112511,-0.1876857070783444,华彩
Li Yundi,114.10285714285715,92.4063839792424,0.0922340601682663,0.150751326327736,华彩
Li Yundi,114.33505668934241,92.59443115868734,0.12044766545295715,0.012725945634883828,华彩
Li Yundi,114.54403628117913,92.76367362018777,0.22343342006206512,0.33850551044452004,华彩
Li Yundi,114.75301587301587,92.93291608168822,0.2244667410850525,-0.08277022643596865,华彩
Li Yundi,115.07809523809524,93.19618213291113,0.11896218359470367,-0.04862830810452578,华彩
Li Yundi,115.4031746031746,93.45944818413405,0.18063123524188995,0.019611015522968962,华彩
Li Yundi,115.68181405895692,93.68510479946798,0.05505409836769104,-0.008003900620678902,华彩
Li Yundi,116.05333333333333,93.98598028657987,0.08004004508256912,0.08751110726734625,华彩
Li Yundi,116.28553287981859,94.17402746602481,0.23074330389499664,-0.29450273050315445,华彩
Li Yundi,116.51773242630385,94.36207464546975,0.5454491972923279,-0.39723574882373214,华彩
Li Yundi,116.77315192743764,94.56892654285917,0.3904551863670349,-0.44520133105834253,华彩
Li Yundi,117.02857142857142,94.77577844024862,0.60447758436203,-0.5078749782114754,华彩
Li Yundi,117.30721088435374,95.00143505558253,0.05106859281659126,0.05003591013519326,华彩
Li Yundi,117.539410430839,95.18948223502747,0.30319786071777344,-0.2997529729327652,华彩
Li Yundi,117.91092970521542,95.49035772213938,0.5181469321250916,-0.0327063891745638,华彩
Li Yundi,118.21278911564626,95.7348190554178,0.1789361536502838,0.1883152286609402,华彩
Li Yundi,118.58430839002267,96.0356945425297,0.4654575288295746,-0.33834498008218356,华彩
Li Yundi,118.81650793650793,96.22374172197463,0.39663779735565186,-0.33649576580501156,华彩
Li Yundi,119.09514739229024,96.44939833730855,0.42965736985206604,-0.4130965458898572,华彩
Li Yundi,119.53632653061224,96.80668797825393,0.21935607492923737,-0.040946045010059606,华彩
Li Yundi,119.74530612244898,96.97593043975438,0.07897462695837021,-0.00837983006931609,华彩
Li Yundi,119.95428571428572,97.14517290125482,0.5579127073287964,-0.144909820301109,华彩
Li Yundi,120.16326530612245,97.31441536275527,0.16819177567958832,0.023520320428360723,华彩
Li Yundi,120.37224489795918,97.48365782425572,0.3526343107223511,-0.2736340297815331,华彩
Li Yundi,120.62766439909296,97.69050972164514,0.42080986499786377,-0.27315478982927743,华彩
Li Yundi,120.85986394557823,97.87855690109008,0.4435504972934723,-0.48794737504067587,华彩
Li Yundi,121.11528344671201,98.0854087984795,0.5462777018547058,-0.42759463976835826,华彩
Li Yundi,121.34748299319727,98.27345597792446,0.42948246002197266,-0.3978150944021762,华彩
Li Yundi,121.60290249433106,98.48030787531388,0.20756857097148895,0.22666641543764848,华彩
Li Yundi,122.04408163265306,98.83759751625927,0.11028725653886795,0.09391393286932725,华彩
Li Yundi,122.2530612244898,99.00683997775971,0.09554542601108551,0.16822983398014912,华彩
Li Yundi,122.55492063492063,99.25130131103813,0.11984848976135254,0.04524787291302344,华彩
Li Yundi,122.85678004535147,99.49576264431654,0.329463392496109,-0.24138887747540136,华彩
Li Yundi,123.06575963718821,99.66500510581699,0.18252032995224,0.0026041481760330364,华彩
Li Yundi,123.64625850340136,100.13512305442933,0.3567499816417694,-0.46900534234737273,华彩
Li Yundi,123.97133786848073,100.39838910565226,0.3841370642185211,-0.046906326315365725,华彩
Li Yundi,124.18031746031745,100.56763156715269,0.13244156539440155,-0.04193922468402888,华彩
Li Yundi,124.38929705215419,100.73687402865313,0.2907353341579437,-0.301474672050972,华彩
Li Yundi,124.6679365079365,100.96253064398707,0.2820592522621155,-0.2784424479614244,华彩
Li Yundi,124.90013605442176,101.150577823432,0.3218076527118683,-0.12398834605846784,华彩
Li Yundi,125.15555555555555,101.35742972082143,0.4325079619884491,-0.30400934047065675,华彩
Li Yundi,125.5502947845805,101.67710992587783,0.26622629165649414,0.19052609750360713,华彩
Li Yundi,125.94503401360544,101.99679013093422,0.4885222017765045,-0.3730388554686215,华彩
Li Yundi,126.1772335600907,102.18483731037915,0.0871938094496727,-0.07986294422153149,华彩
Li Yundi,126.38621315192744,102.3540797718796,0.23599889874458313,-0.25618525796744507,华彩
Li Yundi,126.64163265306122,102.56093166926904,0.43270912766456604,-0.36261003915569745,华彩
Li Yundi,126.89705215419501,102.76778356665847,0.25661203265190125,-0.15641670543118377,华彩
Li Yundi,127.12925170068027,102.9558307461034,0.42242559790611267,-0.3312452712634694,华彩
Li Yundi,127.36145124716553,103.14387792554834,0.08019649237394333,-0.04547286753222579,华彩
Li Yundi,127.64009070294784,103.36953454088227,0.20835119485855103,-0.15588336646032983,华彩
Li Yundi,127.94195011337868,103.61399587416068,0.34060952067375183,-0.25079513543460047,华彩
Li Yundi,128.19736961451247,103.8208477715501,0.07907190173864365,0.026671379600884393,华彩
Li Yundi,128.4063492063492,103.99009023305057,0.28549623489379883,-0.2756690410024021,华彩
Li Yundi,128.68498866213153,104.2157468483845,0.34884312748908997,-0.22783933754908503,华彩
Li Yundi,128.94040816326532,104.42259874577393,0.1824244111776352,-0.05533849825951619,华彩
Li Yundi,129.1958276643991,104.62945064316335,0.26645874977111816,-0.1957299627974862,华彩
Li Yundi,129.42802721088435,104.81749782260829,0.2922232747077942,-0.31655696084271767,华彩
Li Yundi,129.7298866213152,105.0619591558867,0.09708632528781891,0.001048247031576461,华彩
Li Yundi,130.14784580498866,105.40044407888759,0.09853745996952057,0.006808974103478251,华彩
Li Yundi,130.4497052154195,105.64490541216601,0.1006033644080162,0.005650825369230007,华彩
Li Yundi,130.77478458049887,105.90817146338892,0.10751916468143463,-0.004127666306885657,华彩
Li Yundi,130.9837641723356,106.07741392488937,0.17110903561115265,0.13539297306124354,华彩
Li Yundi,131.40172335600906,106.41589884789025,0.09955111891031265,-0.11069248230342053,华彩
Li Yundi,131.63392290249433,106.6039460273352,0.07205157727003098,-0.1478141535699251,华彩
Li Yundi,131.84290249433107,106.77318848883564,0.06973930448293686,-0.09344459786007063,华彩
Li Yundi,132.19120181405896,107.05525925800305,0.11190550029277802,-0.03894982655765489,华彩
Li Yundi,132.51628117913833,107.31852530922596,0.1878715604543686,0.0642555368358444,华彩
Li Yundi,132.72526077097507,107.4877677707264,0.24389085173606873,0.09337340679849149,华彩
Li Yundi,133.00390022675737,107.71342438606032,0.269236296415329,-0.05224005599302471,华彩
Li Yundi,133.3754195011338,108.01429987317223,0.21133355796337128,-0.018297879068995822,华彩
Li Yundi,133.63083900226758,108.22115177056166,0.13011878728866577,-0.05215181490711984,华彩
Li Yundi,134.07201814058956,108.57844141150703,0.10931266844272614,-0.018742421161732636,华彩
Li Yundi,134.39709750566894,108.84170746272996,0.29669439792633057,0.1583799182299117,华彩
Li Yundi,134.60607709750568,109.0109499242304,0.16337886452674866,-0.03300065727671606,华彩
Li Yundi,134.86149659863946,109.21780182161983,0.16236673295497894,0.02290991351401317,华彩
Li Yundi,135.11691609977325,109.42465371900927,0.1433696448802948,-0.06722166235704208,华彩
Li Yundi,135.3491156462585,109.6127008984542,0.14376871287822723,-0.10282540397383855,华彩
Li Yundi,135.58131519274377,109.80074807789914,0.20908567309379578,0.02536626680011977,华彩
Li Yundi,135.90639455782312,110.06401412912204,0.15530501306056976,0.008960021750681333,华彩
Li Yundi,136.34757369614513,110.42130377006744,0.2598985433578491,-0.14176687836879867,华彩
Li Yundi,136.55655328798187,110.59054623156788,0.18407246470451355,-0.036898972393828444,华彩
Li Yundi,136.81197278911566,110.79739812895731,0.14363929629325867,0.169959381037188,华彩
Li Yundi,137.16027210884354,111.07946889812472,0.18836072087287903,0.06159103077152394,华彩
Li Yundi,137.41569160997733,111.28632079551414,0.12592463195323944,-0.08770029244260512,华彩
Li Yundi,137.67111111111112,111.49317269290358,0.11902984231710434,-0.11163411654706579,华彩
Li Yundi,137.9265306122449,111.70002459029301,0.12262489646673203,-0.03925846503989305,华彩
Li Yundi,138.29804988662133,112.00090007740492,0.17271111905574799,-0.09990354701585602,华彩
Li Yundi,138.50702947845804,112.17014253890534,0.2577054798603058,-0.04373338592813524,华彩
Li Yundi,138.71600907029477,112.33938500040578,0.09970677644014359,0.05351407880880287,华彩
Li Yundi,138.9946485260771,112.56504161573972,0.12024683505296707,0.029091390570101808,华彩
Li Yundi,139.2732879818594,112.79069823107363,0.13842125236988068,-0.13806335887238674,华彩
Li Yundi,139.57514739229026,113.03515956435207,0.05329182744026184,-0.011547467511263676,华彩
Li Yundi,139.8073469387755,113.22320674379701,0.057455696165561676,0.10149804897992001,华彩
Li Yundi,140.2485260770975,113.58049638474237,0.042909733951091766,-0.03628352204714247,华彩
Li Yundi,140.48072562358277,113.76854356418733,0.04804981127381325,-0.022379762469881825,华彩
Li Yundi,141.10766439909298,114.27627094868866,0.7285101413726807,-0.04274218160844612,华彩
Li Yundi,141.40952380952382,114.52073228196708,0.5527513027191162,-0.04826441795557911,华彩
Li Yundi,141.99002267573695,114.99085023057941,0.04073263332247734,0.06174272169801043,华彩
Li Yundi,142.31510204081633,115.25411628180233,0.03604092448949814,-0.032542559154080664,华彩
Li Yundi,142.8259410430839,115.6678200765812,0.3196030259132385,-0.06235038283648465,华彩
Li Yundi,143.22068027210884,115.98750028163758,0.09293258935213089,0.030958131401348506,华彩
Li Yundi,143.52253968253967,116.231961614916,0.05089347064495087,0.011416533084229739,华彩
Li Yundi,143.77795918367346,116.43881351230543,0.15245448052883148,0.02977432836814842,华彩
Li Yundi,143.9869387755102,116.60805597380588,0.153082937002182,0.0622384847702051,华彩
Li Yundi,144.26557823129252,116.83371258913981,0.10110490024089813,0.0029661484404641656,华彩
Li Yundi,144.49777777777777,117.02175976858474,0.07171601057052612,-0.03712821089720819,华彩
Li Yundi,144.72997732426305,117.2098069480297,0.11391089856624603,-0.04796750554305618,华彩
Li Yundi,145.0550566893424,117.47307299925258,0.2221095710992813,-0.054456898169519256,华彩
Li Yundi,145.38013605442177,117.73633905047551,0.15425008535385132,-0.024821963347676498,华彩
Li Yundi,145.63555555555556,117.94319094786493,0.19237452745437622,0.024007353886190685,华彩
Li Yundi,145.91419501133788,118.16884756319888,0.1407797932624817,-0.000594734433434496,华彩
Li Yundi,146.16961451247167,118.37569946058831,0.18280914425849915,0.02181412571644614,华彩
Li Yundi,146.40181405895692,118.56374664003323,0.2667233347892761,-0.003759670744329923,华彩
Li Yundi,146.6572335600907,118.77059853742267,0.19486212730407715,0.05025205600759363,华彩
Li Yundi,146.9126530612245,118.9774504348121,0.22986358404159546,-0.0447993323632545,华彩
Li Yundi,147.16807256235828,119.18430233220153,0.18856844305992126,0.010659875943019868,华彩
Li Yundi,147.42349206349206,119.39115422959095,0.14655302464962006,0.0643468949419912,华彩
Li Yundi,147.67891156462585,119.5980061269804,0.14823651313781738,-0.041674221620269236,华彩
Li Yundi,147.95755102040818,119.82366274231433,0.10137369483709335,-0.010465567834216927,华彩
Li Yundi,148.3522902494331,120.14334294737071,0.04442605376243591,-0.0013754532233178907,华彩
Li Yundi,148.58448979591836,120.33139012681563,0.2722904086112976,0.004935337915412673,华彩
Li Yundi,149.90802721088434,121.40325904965178,0.8032460808753967,-0.015456198718766245,华彩
Li Yundi,150.23310657596372,121.66652510087471,0.49664947390556335,-0.016111235413518443,华彩
Li Yundi,150.79038548752834,122.11783833154256,0.035406991839408875,-0.0024644957136388257,华彩
Li Yundi,151.04580498866213,122.32469022893198,0.5812282562255859,-0.016676107952662274,华彩
Li Yundi,151.69596371882085,122.8512223313778,0.047794003039598465,0.005581047662417405,华彩
Li Yundi,151.97460317460317,123.07687894671174,0.23415756225585938,-0.0050999433710785524,华彩
Li Yundi,152.3461224489796,123.37775443382364,0.1650301218032837,-0.013147064714758015,华彩
Li Yundi,152.57832199546485,123.56580161326858,0.03651193156838417,0.0031282089025808086,华彩
Li Yundi,152.78730158730158,123.73504407476902,0.13115519285202026,0.07971949945613233,华彩
Li Yundi,153.04272108843537,123.94189597215845,0.20565824210643768,0.002597144430183107,华彩
Li Yundi,153.4374603174603,124.26157617721483,0.16911175847053528,-0.056030308678600704,华彩
Li Yundi,153.73931972789114,124.50603751049326,0.19927573204040527,-0.04299185502532053,华彩
Li Yundi,153.97151927437642,124.69408468993821,0.19416865706443787,-0.02066031922822731,华彩
Li Yundi,154.2965986394558,124.95735074116112,0.042311232537031174,-0.007188390623014128,华彩
Li Yundi,154.73777777777778,125.3146403821065,0.19703403115272522,-0.010904557973390185,华彩
Li Yundi,155.06285714285715,125.57790643332942,0.24397358298301697,0.003898810030023014,华彩
Li Yundi,155.43437641723355,125.8787819204413,0.2078903317451477,0.02321499234767543,华彩
Li Yundi,155.80589569160998,126.17965740755321,0.10048006474971771,-0.012486329478633706,华彩
Li Yundi,156.06131519274376,126.38650930494263,0.08878633379936218,-0.02033898394984135,华彩
Li Yundi,156.31673469387755,126.59336120233208,0.1214037835597992,-0.016816635047689484,华彩
Li Yundi,156.57215419501134,126.8002130997215,0.1445881426334381,-0.004438512678461846,华彩
Li Yundi,156.82757369614512,127.00706499711093,0.07528317719697952,-0.0019534656644282222,华彩
Li Yundi,157.0829931972789,127.21391689450037,0.12769660353660583,0.05195154492412257,华彩
Li Yundi,157.3151927437642,127.40196407394532,0.07198583334684372,-0.016809346959689716,华彩
Li Yundi,157.57061224489797,127.60881597133475,0.22964225709438324,-0.007789504013544501,华彩
Li Yundi,157.80281179138322,127.79686315077967,0.06215405836701393,-0.01163406748219131,华彩
Li Yundi,158.03501133786847,127.98491033022461,0.03636583685874939,-0.00225261592845527,华彩
Li Yundi,158.36009070294784,128.24817638144754,0.049179766327142715,0.022981226692309065,华彩
Li Yundi,158.73160997732427,128.54905186855942,0.5330249667167664,-0.015827753333041983,华彩
Li Yundi,158.96380952380952,128.73709904800435,0.11934540420770645,-0.012244561298757615,华彩
Li Yundi,159.17278911564625,128.9063415095048,0.44357866048812866,-0.029277549924699997,华彩
Li Yundi,159.52108843537414,129.18841227867222,0.4179920256137848,-0.005465071637900109,华彩
Li Yundi,159.82294784580498,129.4328736119506,0.4922841191291809,0.03483899206457863,华彩
Li Yundi,160.1015873015873,129.65853022728456,0.41656482219696045,0.03851970402592997,华彩
Li Yundi,160.40344671201814,129.90299156056298,0.5907119512557983,-0.024956851348179043,华彩
Li Yundi,160.68208616780046,130.1286481758969,0.5167968273162842,-0.05164096737644286,尾声
Li Yundi,160.96072562358276,130.35430479123082,0.4696744680404663,-0.002834790007000267,尾声
Li Yundi,161.2625850340136,130.59876612450924,0.3684060573577881,0.01593298392208453,尾声
Li Yundi,161.56444444444443,130.84322745778766,0.15724024176597595,0.051865483555957326,尾声
Li Yundi,161.8895238095238,131.1064935090106,0.17298461496829987,-0.008982221925180056,尾声
Li Yundi,162.19138321995464,131.35095484228898,0.2979835271835327,-0.0025374158667546003,尾声
Li Yundi,162.51646258503402,131.6142208935119,0.32778602838516235,-0.01967802907074656,尾声
Li Yundi,162.88798185941044,131.91509638062382,0.31529298424720764,-0.039175349752440525,尾声
Li Yundi,163.1201814058957,132.10314356006876,0.15605634450912476,-0.010505933437343627,尾声
Li Yundi,163.49170068027212,132.40401904718067,0.05516874045133591,-0.010590684826183862,尾声
Li Yundi,163.79356009070295,132.64848038045906,0.08984634280204773,-0.013736828293531287,尾声
Li Yundi,164.04897959183674,132.8553322778485,0.03207709640264511,0.0029973120774684503,尾声
Li Yundi,165.14031746031745,133.7391540212397,0.2553286850452423,0.04312711689635762,尾声
Li Yundi,165.4421768707483,133.98361535451815,0.1657169610261917,-0.015857667631280492,尾声
Li Yundi,165.9530158730159,134.397319149297,0.22535115480422974,-0.026070470812555865,尾声
Li Yundi,166.18521541950113,134.58536632874194,0.05226372182369232,-0.010440579387704929,尾声
Li Yundi,166.57995464852607,134.90504653379833,0.02689584344625473,-0.0031713193266114104,尾声
Li Yundi,168.2053514739229,136.22137678991288,0.022849053144454956,0.0013358387036532804,尾声
Li Yundi,168.5536507936508,136.5034475590803,0.19928541779518127,-0.01023962469162143,尾声
Li Yundi,168.87873015873015,136.76671361030319,0.03411135822534561,0.0015812589253982878,尾声
Li Yundi,169.5288888888889,137.29324571274904,0.3447536528110504,-0.022021158792995262,尾声
Li Yundi,169.7843083900227,137.50009761013848,0.12889602780342102,-0.02063540359813487,尾声
Li Yundi,170.4344671201814,138.02662971258428,0.35340410470962524,-0.028807296234845126,尾声
Li Yundi,170.6898866213152,138.23348160997372,0.03280732408165932,-0.0019497732751005974,尾声
Li Yundi,171.5722448979592,138.9480608918645,0.4486682116985321,-0.011111324374724063,尾声
Li Yundi,172.08308390022677,139.36176468664334,0.02689274400472641,-0.0040084973420562164,尾声
Li Yundi,172.756462585034,139.90710150703364,0.4813230037689209,-0.01479513019830847,尾声
Li Yundi,173.08154195011338,140.17036755825657,0.2860715985298157,-0.013082127748020865,尾声
Li Yundi,174.08,140.97897042986983,0.29568299651145935,-0.02242973315560448,尾声
Li Yundi,174.3354195011338,141.18582232725925,0.03270050138235092,-0.007532915185493039,尾声
Li Yundi,174.68371882086169,141.46789309642665,0.029016558080911636,0.001161504079050246,尾声
Li Yundi,175.403537414966,142.05083935270596,0.02428952418267727,0.010511896027765033,尾声
Li Yundi,176.00725623582767,142.5397620192628,0.21907100081443787,0.0008255042303062512,尾声
Li Yundi,176.28589569160997,142.7654186345967,0.08475892245769501,-0.0188615039405704,尾声
Li Yundi,176.54131519274375,142.97227053198614,0.14435124397277832,0.011949459269544606,尾声
Li Yundi,176.79673469387754,143.17912242937558,0.21904133260250092,-0.011408211480556927,尾声
Li Yundi,177.0985941043084,143.423583762654,0.3837564289569855,-0.00769754738030315,尾声
Li Yundi,177.7255328798186,143.93131114715533,0.4666414260864258,-0.001229144027092843,尾声
Li Yundi,177.95773242630386,144.11935832660026,0.03622894734144211,-0.0029241930519674497,尾声
Li Yundi,178.37569160997734,144.45784324960118,0.03474798426032066,-0.00012575419532367957,尾声
Li Yundi,180.07074829931972,145.8305876595492,0.022581957280635834,-0.006467387026987126,尾声
Li Yundi,180.4887074829932,146.1690725825501,0.024882670491933823,-0.0012857475724104006,尾声
Li Yundi,184.45931972789117,149.38467935105854,0.021700307726860046,-0.0005036012822756675,尾声
Li Yundi,185.2952380952381,150.0616491970603,0.01661796309053898,-0.0007913802178904917,尾声
Li Yundi,186.9902947845805,151.43439360700836,0.03877268731594086,0.0010628137175672234,尾声
Shen Wenyu,0.06965986394557823,0.052299402905627186,0.1793435961008072,0.07950467764885616,A段 主题
Shen Wenyu,0.9752380952380952,0.7321916406787806,0.06469720602035522,0.056932721133762236,A段 主题
Shen Wenyu,1.3235374149659864,0.9936886552069166,0.02408348210155964,0.0054362150876841025,A段 主题
Shen Wenyu,2.136235827664399,1.6038483557725671,0.5594645738601685,-0.02793097855828818,A段 主题
Shen Wenyu,2.36843537414966,1.7781796987913245,0.046185702085494995,-0.07217057229809143,A段 主题
Shen Wenyu,2.647074829931973,1.9873773104138333,0.21522407233715057,0.09435625036076088,A段 主题
Shen Wenyu,2.8560544217687074,2.144275519130715,0.25855159759521484,-0.06501164248220448,A段 主题
Shen Wenyu,3.1346938775510202,2.3534731307532235,0.4158616065979004,-0.06119747067714343,A段 主题
Shen Wenyu,3.4133333333333336,2.5626707423757327,0.17520304024219513,-0.0013685141766472957,A段 主题
Shen Wenyu,3.622312925170068,2.7195689510926138,0.125766783952713,0.0014296895187726473,A段 主题
Shen Wenyu,3.9706122448979593,2.98106596562075,0.12846225500106812,0.03372480487087159,A段 主题
Shen Wenyu,4.179591836734694,3.1379641743376316,0.14892064034938812,0.07337882971114595,A段 主题
Shen Wenyu,4.551111111111111,3.416894323167643,0.06961935013532639,-0.018890569390350716,A段 主题
Shen Wenyu,4.829750566893424,3.626091934790152,0.11201471090316772,-0.057994516555481816,A段 主题
Shen Wenyu,5.131609977324263,3.8527226807145367,0.2764740288257599,0.026444089235155843,A段 主题
Shen Wenyu,5.38702947845805,4.04448715803517,0.16915246844291687,-0.08236970843427115,A段 主题
Shen Wenyu,5.688888888888889,4.271117903959554,0.19420403242111206,-0.01392949743603822,A段 主题
Shen Wenyu,5.9675283446712015,4.480315515582062,0.22575131058692932,-0.11536856081875156,A段 主题
Shen Wenyu,6.246167800453515,4.689513127204571,0.2536901533603668,-0.11055235390813321,A段 主题
Shen Wenyu,6.524807256235827,4.89871073882708,0.18083155155181885,-0.006231708448467546,A段 主题
Shen Wenyu,6.8034467120181406,5.107908350449589,0.21962526440620422,-0.09484070014877943,A段 主题
Shen Wenyu,7.128526077097506,5.35197223067585,0.19582854211330414,0.09147825276158983,A段 主题
Shen Wenyu,7.430385487528345,5.578602976600234,0.14591269195079803,-0.016559173855057452,A段 主题
Shen Wenyu,7.732244897959184,5.805233722524618,0.22278589010238647,-0.020351564717202564,A段 主题
Shen Wenyu,8.080544217687075,6.066730737052755,0.1072508841753006,0.13108585749250778,A段 主题
Shen Wenyu,8.452063492063493,6.345660885882767,0.03958318009972572,-0.11158600614180612,A段 主题
Shen Wenyu,8.730702947845804,6.554858497505275,0.07329394668340683,-0.00589700694035855,A段 主题
Shen Wenyu,9.1718820861678,6.8860880492409136,0.6289663314819336,-0.12410601452756964,A段 主题
Shen Wenyu,9.496961451247165,7.130151929467173,0.709215521812439,-0.08939648432715329,A段 主题
Shen Wenyu,9.729160997732427,7.304483272485931,0.037964336574077606,-0.04045939831485157,A段 主题
Shen Wenyu,9.93814058956916,7.461381481202812,0.08357729017734528,0.015082857953530036,A段 主题
Shen Wenyu,10.147120181405896,7.618279689919694,0.6125991940498352,-0.10910472528848913,A段 主题
Shen Wenyu,10.681179138321996,8.019241778862837,0.24490612745285034,0.02277247717756836,A段 主题
Shen Wenyu,11.145578231292516,8.36790446490035,0.5339228510856628,-0.13445596564451986,A段 主题
Shen Wenyu,11.42421768707483,8.57710207652286,0.2248261272907257,0.08213946339310496,A段 主题
Shen Wenyu,11.633197278911565,8.734000285239741,0.21318140625953674,-0.0732672472622653,A段 主题
Shen Wenyu,11.95827664399093,8.978064165466002,0.17252275347709656,-0.0019157708720740634,A段 主题
Shen Wenyu,12.213696145124716,9.169828642786634,0.13047908246517181,0.12518465155153533,A段 主题
Shen Wenyu,12.49233560090703,9.379026254409142,0.19794785976409912,0.07597843987241502,A段 主题
Shen Wenyu,12.747755102040816,9.570790731729776,0.15523570775985718,-0.0883165189407009,A段 主题
Shen Wenyu,12.956734693877552,9.727688940446658,0.16227665543556213,-0.20791509778064204,A段 主题
Shen Wenyu,13.165714285714285,9.884587149163538,0.09763406962156296,-0.049443808075011475,A段 主题
Shen Wenyu,13.421133786848072,10.076351626484172,0.20228877663612366,0.053475615504794405,A段 主题
Shen Wenyu,13.769433106575963,10.337848641012307,0.16189196705818176,0.08430206235061632,A段 主题
Shen Wenyu,14.048072562358277,10.547046252634816,0.14469583332538605,0.02883846500481013,A段 主题
Shen Wenyu,14.32671201814059,10.756243864257327,0.17845390737056732,-0.057903945344151,A段 主题
Shen Wenyu,14.675011337868481,11.017740878785462,0.16999554634094238,-0.08080652946773625,A段 主题
Shen Wenyu,14.97687074829932,11.244371624709846,0.3158336579799652,-0.013603318075183779,A段 主题
Shen Wenyu,15.209070294784581,11.418702967728604,0.09991253912448883,-0.05402993706411507,A段 主题
Shen Wenyu,15.487709750566893,11.627900579351111,0.22568446397781372,-0.024297886147905956,A段 主题
Shen Wenyu,15.696689342403628,11.784798788067993,0.051655203104019165,0.010279163052473448,A段 主题
Shen Wenyu,15.905668934240364,11.941696996784875,0.7167049646377563,-0.06515699408282671,A段 主题
Shen Wenyu,16.23074829931973,12.185760877011136,0.1811743527650833,0.020772362449861245,A段 主题
Shen Wenyu,16.579047619047618,12.44725789153927,0.03520321846008301,0.14568836963917417,A段 主题
Shen Wenyu,16.834467120181404,12.639022368859903,0.4351721405982971,-0.05598307971013128,A段 主题
Shen Wenyu,17.159546485260773,12.883086249086166,0.38077419996261597,-0.04499898973335802,A段 主题
Shen Wenyu,17.438185941043084,13.092283860708674,0.6375168561935425,-0.13848100998075097,A段 主题
Shen Wenyu,17.716825396825396,13.301481472331181,0.5076661109924316,-0.023588006752106594,A段 主题
Shen Wenyu,17.925804988662133,13.458379681048065,0.11562862992286682,0.08033959620661335,A段 主题
Shen Wenyu,18.18122448979592,13.650144158368697,0.11523596942424774,0.07535849281339324,A段 主题
Shen Wenyu,18.413424036281178,13.824475501387454,0.12678100168704987,-0.014934679165889975,A段 主题
Shen Wenyu,18.692063492063493,14.033673113009964,0.09869831800460815,-0.05950653685431461,A段 主题
Shen Wenyu,18.99392290249433,14.260303858934346,0.10874844342470169,0.18716509785008384,A段 主题
Shen Wenyu,19.249342403628116,14.452068336254978,0.08452673256397247,0.03146274202663335,A段 主题
Shen Wenyu,19.551201814058956,14.678699082179364,0.06892778724431992,-0.024270977974083504,A段 主题
Shen Wenyu,19.87628117913832,14.922762962405624,0.07781911641359329,0.06544027573909261,A段 主题
Shen Wenyu,20.108480725623583,15.097094305424383,0.029839299619197845,-0.039428492573279066,A段 主题
Shen Wenyu,20.36390022675737,15.288858782745015,0.28168991208076477,-0.003896345970133554,A段 主题
Shen Wenyu,20.619319727891156,15.480623260065649,0.12135018408298492,-0.02031589660873579,A段 主题
Shen Wenyu,20.82829931972789,15.637521468782529,0.2846449613571167,-0.15020590699350578,A段 主题
Shen Wenyu,21.106938775510205,15.84671908040504,0.04678529500961304,-0.026473068737686845,A段 主题
Shen Wenyu,21.455238095238094,16.108216094933173,0.5081371665000916,0.0028564243621076457,A段 主题
Shen Wenyu,21.73387755102041,16.317413706555683,0.04220665246248245,-0.030001439199622833,A段 主题
Shen Wenyu,22.151836734693877,16.631210123989447,0.07550167292356491,-0.027629761143543874,A段 主题
Shen Wenyu,22.6162358276644,16.97987281002696,0.15798817574977875,-0.02652099483384518,A段 主题
Shen Wenyu,22.84843537414966,17.15420415304572,0.24966071546077728,0.15734862668068672,A段 主题
Shen Wenyu,23.127074829931974,17.36340176466823,0.143551766872406,-0.0032613180337648373,A段 主题
Shen Wenyu,23.336054421768708,17.52029997338511,0.12206467986106873,-0.014371388533618298,A段 主题
Shen Wenyu,23.591473922902495,17.712064450705743,0.03856782242655754,-0.072681686742726,A段 主题
Shen Wenyu,23.870113378684806,17.92126206232825,0.06630127876996994,-0.031251291261469305,A段 主题
Shen Wenyu,24.171972789115646,18.147892808252635,0.05551100894808769,-0.0012491644838519278,A段 主题
Shen Wenyu,24.38095238095238,18.304791016969517,0.06401575356721878,-0.004982409075182659,A段 主题
Shen Wenyu,24.729251700680273,18.566288031497653,0.06576947867870331,-0.006591424664748047,A段 主题
Shen Wenyu,25.054331065759637,18.810351911723913,0.06628654897212982,-0.00047981460511437035,A段 主题
Shen Wenyu,25.63482993197279,19.246180269270805,0.07878528535366058,-0.0005924589800088143,A段 主题
Shen Wenyu,25.913469387755104,19.455377880893316,0.061247847974300385,-0.00802097798100476,A段 主题
Shen Wenyu,26.192108843537415,19.664575492515823,0.08196667581796646,-0.0027431263106336696,A段 主题
Shen Wenyu,26.470748299319727,19.87377310413833,0.0821753516793251,-0.0011162728469571448,A段 主题
Shen Wenyu,26.888707482993198,20.187569521572097,0.5149977207183838,-0.1496845318797568,A段 主题
Shen Wenyu,27.190566893424037,20.41420026749648,0.0420345775783062,-0.04547318840195658,A段 主题
Shen Wenyu,27.654965986394558,20.762862953533993,0.24972863495349884,-0.042443312941031756,A段 主题
Shen Wenyu,27.910385487528345,20.95462743085463,0.20255617797374725,-0.03946581564377993,A段 主题
Shen Wenyu,28.142585034013607,21.128958773873386,0.1395968496799469,-0.05932106842010398,A段 主题
Shen Wenyu,28.398004535147393,21.320723251194018,0.23159685730934143,-0.03459792578723863,A段 主题
Shen Wenyu,28.63020408163265,21.495054594212775,0.1421656310558319,-0.043743618425651214,A段 主题
Shen Wenyu,28.93206349206349,21.72168534013716,0.08999121934175491,0.008199552848964233,A段 主题
Shen Wenyu,29.210702947845807,21.93088295175967,0.03559674322605133,-0.048352340081692084,A段 主题
Shen Wenyu,29.53578231292517,22.17494683198593,0.042444877326488495,0.11630042763499658,A段 主题
Shen Wenyu,29.930521541950114,22.471310115117817,0.2635315954685211,-0.04131501082156319,A段 主题
Shen Wenyu,30.162721088435376,22.645641458136573,0.11166826635599136,-0.053850504991714836,A段 主题
Shen Wenyu,30.418140589569163,22.83740593545721,0.12728503346443176,-0.02580228865554091,A段 主题
Shen Wenyu,30.65034013605442,23.011737278475962,0.09856755286455154,-0.03931423239009746,A段 主题
Shen Wenyu,30.928979591836736,23.220934890098473,0.08270875364542007,0.06694710100418888,A段 主题
Shen Wenyu,31.230839002267572,23.447565636022855,0.03076663240790367,-0.07324759590119356,A段 主题
Shen Wenyu,31.648798185941043,23.76136205345662,0.059265363961458206,0.18235333345728577,A段 主题
Shen Wenyu,32.02031746031746,24.04029220228663,0.44162508845329285,0.005363709988159825,A段 主题
Shen Wenyu,32.25251700680272,24.21462354530539,0.3314658999443054,-0.06869277749501634,A段 主题
Shen Wenyu,32.507936507936506,24.40638802262602,0.3030516803264618,-0.15541294660579294,A段 主题
Shen Wenyu,32.74013605442177,24.58071936564478,0.25924521684646606,-0.052924774809071096,A段 主题
Shen Wenyu,33.08843537414966,24.842216380172918,0.2707608640193939,-0.16545677176509344,A段 主题
Shen Wenyu,33.85469387755102,25.417509812134817,0.22418645024299622,-0.0023409051209455356,A段 主题
Shen Wenyu,34.08689342403628,25.591841155153574,0.19769585132598877,-0.012111694968552909,A段 主题
Shen Wenyu,34.319092970521545,25.76617249817233,0.20400163531303406,0.002649388898134931,A段 主题
Shen Wenyu,34.5512925170068,25.940503841191084,0.29036661982536316,-0.03134397247777087,A段 主题
Shen Wenyu,34.76027210884354,26.097402049907966,0.14249978959560394,-0.10662659487934431,A段 主题
Shen Wenyu,34.9924716553288,26.271733392926727,0.38619741797447205,-0.10127296172868228,A段 主题
Shen Wenyu,35.5265306122449,26.672695481869866,0.15073490142822266,-0.0003238568751839905,A段 主题
Shen Wenyu,35.735510204081635,26.82959369058675,0.39994460344314575,-0.1327752347151545,A段 主题
Shen Wenyu,35.99092970521542,27.021358167907383,0.4524553418159485,-0.08180795148291509,A段 主题
Shen Wenyu,36.22312925170068,27.19568951092614,0.36865895986557007,-0.12320280729909425,A段 主题
Shen Wenyu,36.45532879818594,27.370020853944894,0.25410181283950806,0.003605746860557702,A段 主题
Shen Wenyu,36.826848072562356,27.648951002774908,0.03441065177321434,0.0286991731627495,A段 主题
Shen Wenyu,37.1287074829932,27.875581748699293,0.2585475742816925,0.15484817768083306,A段 主题
Shen Wenyu,37.430566893424036,28.102212494623675,0.15126743912696838,-0.04881833078798081,A段 主题
Shen Wenyu,37.63954648526077,28.25911070334056,0.3648723363876343,-0.12072705571881669,A段 主题
Shen Wenyu,37.918185941043085,28.468308314963068,0.46846315264701843,-0.05875258657397353,A段 主题
Shen Wenyu,38.15038548752835,28.642639657981825,0.3963295519351959,-0.13537937047658485,A段 主题
Shen Wenyu,38.38258503401361,28.816971001000585,0.23581835627555847,-0.004309398900659293,A段 主题
Shen Wenyu,38.730884353741494,29.078468015528717,0.035893820226192474,-0.14038740209798561,A段 主题
Shen Wenyu,39.07918367346939,29.339965030056852,0.22071391344070435,0.1430373544280883,A段 主题
Shen Wenyu,39.381043083900224,29.566595775981238,0.10900239646434784,-0.051444861537675024,A段 主题
Shen Wenyu,39.59002267573696,29.72349398469812,0.31117987632751465,-0.09657540117586903,A段 主题
Shen Wenyu,39.82222222222222,29.897825327716877,0.3547308146953583,0.02948492392533808,A段 主题
Shen Wenyu,40.07764172335601,30.089589805037512,0.37273967266082764,-0.17633229890634536,A段 主题
Shen Wenyu,40.333061224489796,30.281354282358144,0.32851967215538025,-0.1446359637157002,A段 主题
Shen Wenyu,40.58848072562358,30.473118759678776,0.4196488857269287,-0.11634045040409546,A段 主题
Shen Wenyu,40.96,30.75204890850879,0.276732861995697,-0.08365232597498108,A段 主题
Shen Wenyu,41.308299319727894,31.013545923036926,0.0594041608273983,-0.00997464908323309,A段 主题
Shen Wenyu,41.56371882086168,31.205310400357558,0.07383570075035095,0.11077100705279007,A段 主题
Shen Wenyu,41.98167800453515,31.51910681779132,0.31068673729896545,-0.052447245207076776,A段 主题
Shen Wenyu,42.237097505668935,31.710871295111954,0.22519691288471222,-0.05875331426068441,A段 主题
Shen Wenyu,42.4692970521542,31.88520263813071,0.27204644680023193,-0.12895094787381822,A段 主题
Shen Wenyu,42.70149659863946,32.05953398114947,0.16923218965530396,-0.0698008017934626,A段 主题
Shen Wenyu,42.98013605442177,32.26873159277198,0.18506456911563873,-0.08293517830679774,A段 主题
Shen Wenyu,43.21233560090703,32.443062935790735,0.2238839566707611,-0.011054915285058085,A段 主题
Shen Wenyu,43.51419501133787,32.66969368171512,0.10795130580663681,0.03374313264430384,A段 主题
Shen Wenyu,43.95537414965986,33.000923233450756,0.4772602915763855,-0.0383272399631096,A段 主题
Shen Wenyu,44.18757369614512,33.17525457646951,0.4264024794101715,-0.11657853001452166,A段 主题
Shen Wenyu,44.46621315192744,33.38445218809203,0.22842608392238617,-0.09235696597897913,A段 主题
Shen Wenyu,44.95383219954648,33.75054800843141,0.16486747562885284,-0.06434421529775136,A段 主题
Shen Wenyu,45.186031746031745,33.92487935145017,0.19402708113193512,-0.07904852145657058,A段 主题
Shen Wenyu,45.44145124716553,34.116643828770805,0.10653945803642273,-0.006670625771221238,A段 主题
Shen Wenyu,45.65043083900227,34.27354203748769,0.32446935772895813,-0.16681999159118274,A段 主题
Shen Wenyu,45.905850340136055,34.46530651480832,0.48897692561149597,-0.034540885462774895,A段 主题
Shen Wenyu,46.13804988662132,34.639637857827076,0.3462127149105072,-0.05325810689100763,A段 主题
Shen Wenyu,46.41668934240363,34.84883546944958,0.2914825975894928,-0.08232697546191048,A段 主题
Shen Wenyu,46.9275283446712,35.232364424090854,0.2453300505876541,-0.0815910798337427,A段 主题
Shen Wenyu,47.18294784580499,35.424128901411486,0.2238154113292694,-0.002041894640569808,A段 主题
Shen Wenyu,47.4615873015873,35.63332651303399,0.11296813189983368,-0.0006904639121785314,A段 主题
Shen Wenyu,47.67056689342404,35.790224721750874,0.3406805396080017,-0.19229658792028204,A段 主题
Shen Wenyu,47.925986394557825,35.981989199071506,0.29246842861175537,-0.029186872234276958,A段 主题
Shen Wenyu,48.15818594104309,36.15632054209026,0.3137490749359131,-0.03631620038504479,A段 主题
Shen Wenyu,48.41360544217687,36.3480850194109,0.2681976556777954,-0.14954873140595734,A段 主题
Shen Wenyu,48.66902494331066,36.539849496731534,0.3525465130805969,-0.1254933339623676,A段 主题
Shen Wenyu,49.04054421768708,36.81877964556154,0.20314447581768036,-0.0840096975025517,A段 主题
Shen Wenyu,49.48172335600907,37.15000919729718,0.04251722991466522,-0.025087040899052226,A段 主题
Shen Wenyu,49.783582766439906,37.37663994322156,0.3092983067035675,-0.013571135605161544,A段 主题
Shen Wenyu,50.03900226757369,37.568404420542194,0.24363896250724792,-0.017431586184102343,A段 主题
Shen Wenyu,50.29442176870748,37.760168897862826,0.14497095346450806,-0.0024254523850686383,A段 主题
Shen Wenyu,50.52662131519274,37.93450024088159,0.1753827929496765,-0.031302733077609446,A段 主题
Shen Wenyu,50.758820861678004,38.10883158390035,0.141265407204628,-0.0266600326540356,A段 主题
Shen Wenyu,51.06068027210885,38.335462329824736,0.37369778752326965,-0.12888989094790304,A段 主题
Shen Wenyu,51.316099773242634,38.52722680714537,0.1203392744064331,-0.07575119152534171,A段 主题
Shen Wenyu,51.54829931972789,38.70155815016412,0.12390653043985367,-0.014058158558327701,A段 主题
Shen Wenyu,51.78049886621315,38.875889493182875,0.36537396907806396,-0.14214416387403617,A段 主题
Shen Wenyu,52.03591836734694,39.067653970503514,0.3045863211154938,-0.24205190320572,A段 主题
Shen Wenyu,52.291337868480724,39.259418447824146,0.08372004330158234,0.026200165211776035,A段 主题
Shen Wenyu,52.50031746031746,39.41631665654103,0.1896999627351761,-0.15021190420156924,A段 主题
Shen Wenyu,52.75573696145125,39.60808113386166,0.06734054535627365,-0.01887123125925427,A段 主题
Shen Wenyu,53.011156462585035,39.79984561118229,0.04614419862627983,0.18184241239396212,A段 主题
Shen Wenyu,53.40589569160998,40.09620889431418,0.1450926512479782,-0.01558496942379861,A段 主题
Shen Wenyu,53.63809523809524,40.27054023733294,0.06694506853818893,-0.052063201383134576,A段 主题
Shen Wenyu,53.84707482993197,40.42743844604981,0.17475613951683044,-0.04089533231308451,A段 主题
Shen Wenyu,54.102494331065756,40.61920292337045,0.15442900359630585,-0.10120440447280997,A段 主题
Shen Wenyu,54.381133786848075,40.82840053499296,0.06582962721586227,-0.009569056373948115,A段 主题
Shen Wenyu,54.590113378684805,40.98529874370984,0.12903498113155365,-0.07109066755219828,A段 主题
Shen Wenyu,54.868752834467124,41.194496355332355,0.07147973030805588,-0.04680962324528081,A段 主题
Shen Wenyu,55.12417233560091,41.38626083265299,0.40557464957237244,-0.14294225093181012,A段 主题
Shen Wenyu,55.3795918367347,41.57802530997362,0.43283745646476746,-0.19830747305604746,A段 主题
Shen Wenyu,55.58857142857143,41.7349235186905,0.18737104535102844,-0.07922690210762083,A段 主题
Shen Wenyu,55.86721088435374,41.94412113031301,0.4623298943042755,-0.15021247718323136,A段 主题
Shen Wenyu,56.122630385487525,42.13588560763364,0.5667874217033386,-0.2728794110225863,A段 主题
Shen Wenyu,56.37804988662131,42.32765008495427,0.570042073726654,-0.08518478643964045,A段 主题
Shen Wenyu,56.610249433106574,42.50198142797303,0.4636746346950531,-0.13331185209608518,A段 主题
Shen Wenyu,56.86566893424036,42.69374590529366,0.11033957451581955,-0.04897069043181545,A段 主题
Shen Wenyu,57.19074829931973,42.937809785519924,0.6802167296409607,-0.19289158497031164,A段 主题
Shen Wenyu,57.446167800453516,43.129574262840556,0.18088537454605103,-0.008252634825112182,A段 主题
Shen Wenyu,57.67836734693878,43.30390560585931,0.17190271615982056,-0.034516236746640054,A段 主题
Shen Wenyu,57.88734693877551,43.460803814576195,0.6608666777610779,-0.0031058012609719216,A段 主题
Shen Wenyu,58.16598639455783,43.67000142619871,0.5313708782196045,-0.40607699147585663,A段 主题
Shen Wenyu,58.42140589569161,43.86176590351934,0.3213280439376831,0.00561556407774333,A段 主题
Shen Wenyu,58.6768253968254,44.05353038083997,0.19481626152992249,-0.07270412661455339,A段 主题
Shen Wenyu,58.909024943310655,44.22786172385872,0.3522483706474304,-0.12335340406934846,A段 主题
Shen Wenyu,59.28054421768707,44.50679187268874,0.6135016679763794,-0.18729780804278565,A段 主题
Shen Wenyu,59.48952380952381,44.66369008140562,0.026900915428996086,0.2569757635228598,A段 主题
Shen Wenyu,59.8378231292517,44.92518709593376,0.3023512065410614,-0.010267927837048777,A段 主题
Shen Wenyu,60.04680272108843,45.08208530465064,0.5169478058815002,-0.11415656804274477,A段 主题
Shen Wenyu,60.30222222222222,45.27384978197127,0.4962867200374603,-0.39550132187287085,A段 主题
Shen Wenyu,60.58086167800454,45.483047393593786,0.1703433245420456,-0.0076416367846832145,A段 主题
Shen Wenyu,60.78984126984127,45.63994560231066,0.4850265085697174,-0.08330998471137718,A段 主题
Shen Wenyu,61.06848072562358,45.84914321393317,0.21692775189876556,-0.1137122398631618,A段 主题
Shen Wenyu,61.39356009070295,46.09320709415943,0.32762131094932556,-0.14180494536049082,A段 主题
Shen Wenyu,61.62575963718821,46.26753843717819,0.2031019628047943,0.021922431187704206,A段 主题
Shen Wenyu,61.92761904761905,46.49416918310257,0.19427698850631714,0.028742985250573838,A段 主题
Shen Wenyu,62.252698412698415,46.738233063328835,0.1318032145500183,-0.07274428880919002,A段 主题
Shen Wenyu,62.5081179138322,46.92999754064947,0.21339455246925354,-0.11871891065311502,A段 主题
Shen Wenyu,62.74031746031746,47.104328883668224,0.11928263306617737,0.08776797112659551,A段 主题
Shen Wenyu,62.97251700680272,47.27866022668698,0.17832784354686737,0.08283628358185524,A段 主题
Shen Wenyu,63.181496598639455,47.43555843540386,0.11081881076097488,-0.25730284914970974,A段 主题
Shen Wenyu,63.43691609977324,47.627322912724495,0.3779573440551758,-0.16130541553138752,A段 主题
Shen Wenyu,63.715555555555554,47.836520524347,0.5600088834762573,-0.17208941171702463,A段 主题
Shen Wenyu,63.947755102040816,48.01085186736576,0.5330107808113098,-0.03970485977333737,A段 主题
Shen Wenyu,64.22639455782313,48.220049478988265,0.579663097858429,-0.2358148335588339,A段 主题
Shen Wenyu,64.48181405895691,48.411813956308904,0.5332648158073425,-0.2540629644499859,A段 主题
Shen Wenyu,64.78367346938775,48.638444702233286,0.14169448614120483,-0.02170966208723257,A段 主题
Shen Wenyu,65.01587301587301,48.81277604525204,0.21785885095596313,-0.06751402529516781,A段 主题
Shen Wenyu,65.24807256235827,48.9871073882708,0.5927675366401672,-0.031544750981993275,A段 主题
Shen Wenyu,65.52671201814059,49.19630499989331,0.4582591950893402,-0.15712049689682317,A段 主题
Shen Wenyu,65.8053514739229,49.405502611515814,0.12334369122982025,-0.022559798799193228,A段 主题
Shen Wenyu,66.06077097505668,49.597267088836446,0.15086252987384796,0.0008819343292998375,A段 主题
Shen Wenyu,66.26975056689342,49.754165297553335,0.41865846514701843,-0.11490378292364765,A段 主题
Shen Wenyu,66.57160997732426,49.98079604347772,0.3982093930244446,-0.14111828413660987,A段 主题
Shen Wenyu,66.87346938775511,50.207426789402106,0.19731663167476654,-0.005663185538651305,A段 主题
Shen Wenyu,67.10566893424036,50.381758132420856,0.18764324486255646,-0.01776946869540552,A段 主题
Shen Wenyu,67.33786848072562,50.55608947543961,0.2400001585483551,-0.11447075298747221,A段 主题
Shen Wenyu,67.662947845805,50.800153355665884,0.4863331913948059,0.003078525423916289,A段 主题
Shen Wenyu,68.08090702947845,51.113949773099634,0.4545360803604126,-0.02429240175843006,A段 主题
Shen Wenyu,68.42920634920635,51.37544678762778,0.6192092299461365,-0.1672185939241899,A段 主题
Shen Wenyu,68.68462585034014,51.56721126494841,0.40781620144844055,-0.24333110959560142,A段 主题
Shen Wenyu,68.94004535147393,51.758975742269044,0.5324674248695374,-0.09489897047387784,A段 主题
Shen Wenyu,69.21868480725624,51.96817335389155,0.5091862678527832,-0.24316213730344313,A段 主题
Shen Wenyu,69.5437641723356,52.21223723411781,0.12029265612363815,0.032963287412712816,A段 主题
Shen Wenyu,69.77596371882086,52.38656857713657,0.1388072371482849,0.24123664770741013,A段 主题
Shen Wenyu,70.17070294784581,52.68293186026846,0.32727205753326416,-0.07496027628803859,A段 主题
Shen Wenyu,70.37968253968253,52.839830068985336,0.404772013425827,-0.0003645061042334428,A段 主题
Shen Wenyu,70.63510204081632,53.03159454630597,0.3566407263278961,-0.1309727843363362,A段 主题
Shen Wenyu,70.86730158730158,53.205925889324725,0.3714429438114166,-0.001351453647657763,A段 主题
Shen Wenyu,71.09950113378684,53.38025723234348,0.3374529480934143,-0.07066926818879436,A段 主题
Shen Wenyu,71.35492063492063,53.572021709664114,0.24291767179965973,-0.10127423947778878,A段 主题
Shen Wenyu,71.5871201814059,53.74635305268288,0.31734439730644226,-0.09342838247903273,A段 主题
Shen Wenyu,71.8657596371882,53.955550664305385,0.23919039964675903,-0.014689204272144707,A段 主题
Shen Wenyu,72.09795918367347,54.12988200732414,0.4500308334827423,-0.014997283142292869,A段 主题
Shen Wenyu,72.35337868480725,54.32164648464477,0.0893520936369896,0.0021092276256240374,A段 主题
Shen Wenyu,72.58557823129252,54.49597782766353,0.26398175954818726,-0.09505579746473812,A段 主题
Shen Wenyu,72.8409977324263,54.68774230498416,0.2859850227832794,-0.09534312866890104,A段 主题
Shen Wenyu,73.04997732426304,54.84464051370105,0.22895613312721252,-0.13372484390856698,A段 主题
Shen Wenyu,73.30539682539683,55.03640499102168,0.43308427929878235,-0.12159191519458544,A段 主题
Shen Wenyu,73.51437641723356,55.193303199738565,0.09932497888803482,-0.14454738075073692,A段 主题
Shen Wenyu,73.76979591836735,55.3850676770592,0.10815195739269257,-0.03392499129404314,A段 主题
Shen Wenyu,73.97877551020409,55.54196588577608,0.37435051798820496,0.07167198991737678,A段 主题
Shen Wenyu,74.23419501133787,55.73373036309671,0.08268621563911438,-0.05954244752501836,A段 主题
Shen Wenyu,74.48961451247166,55.92549484041735,0.15344807505607605,-0.013730120826949133,A段 主题
Shen Wenyu,74.72181405895692,56.09982618343611,0.22909225523471832,-0.14254896968850514,A段 主题
Shen Wenyu,75.00045351473923,56.309023795058614,0.4408351182937622,-0.012173041250207465,A段 主题
Shen Wenyu,75.25587301587302,56.500788272379246,0.12467797845602036,-0.030541759952029676,A段 主题
Shen Wenyu,75.46485260770974,56.65768648109612,0.11832968890666962,-0.06272348700804285,A段 主题
Shen Wenyu,75.697052154195,56.83201782411488,0.1631348431110382,0.10928865049208979,A段 主题
Shen Wenyu,75.99891156462586,57.05864857003927,0.27624139189720154,-0.012112878175685182,A段 主题
Shen Wenyu,76.25433106575964,57.250413047359906,0.37931543588638306,-0.14592374191124688,A段 主题
Shen Wenyu,76.50975056689343,57.44217752468054,0.18584789335727692,-0.03347053279867396,A段 主题
Shen Wenyu,76.74195011337868,57.61650886769928,0.393204003572464,-0.08867264041327871,A段 主题
Shen Wenyu,76.97414965986394,57.790840210718045,0.43360066413879395,-0.12141999395680612,A段 主题
Shen Wenyu,77.2063492063492,57.9651715537368,0.08286652714014053,-0.018950115554616787,A段 主题
Shen Wenyu,77.43854875283446,58.13950289675556,0.33796530961990356,-0.16104079350043318,A段 主题
Shen Wenyu,77.67074829931973,58.313834239774316,0.09720217436552048,-0.022918981903785607,A段 主题
Shen Wenyu,77.90294784580499,58.48816558279307,0.026728885248303413,0.1823757618694799,A段 主题
Shen Wenyu,78.1815873015873,58.69736319441558,0.058048367500305176,0.05086390683572971,A段 主题
Shen Wenyu,78.39056689342404,58.85426140313247,0.15059131383895874,-0.10518585158934003,A段 主题
Shen Wenyu,78.66920634920635,59.063459014754976,0.1644962728023529,0.10386671219748675,A段 主题
Shen Wenyu,78.90140589569161,59.23779035777373,0.11785835027694702,0.07561943057226017,A段 主题
Shen Wenyu,79.20326530612245,59.464421103698115,0.06179318204522133,0.10841231705853716,A段 主题
Shen Wenyu,79.45868480725623,59.65618558101875,0.10334267467260361,0.0747625059375423,A段 主题
Shen Wenyu,79.80698412698413,59.91768259554689,0.20378774404525757,-0.04326197004047572,A段 主题
Shen Wenyu,80.1320634920635,60.16174647577315,0.3698523938655853,-0.1394554111357138,A段 主题
Shen Wenyu,80.38748299319728,60.35351095309378,0.47887927293777466,-0.11262683592576649,A段 主题
Shen Wenyu,80.64290249433107,60.545275430414414,0.4984716475009918,0.008181788507499737,A段 主题
Shen Wenyu,80.89832199546485,60.737039907735046,0.38928845524787903,-0.18691952554945598,A段 主题
Shen Wenyu,81.17696145124717,60.94623751935755,0.4223640263080597,-0.18988910996995398,B段 抒情
Shen Wenyu,81.43238095238095,61.138001996678184,0.07055698335170746,0.1540718295473198,B段 抒情
Shen Wenyu,81.66458049886621,61.31233333969694,0.14130406081676483,-0.17284157620451876,B段 抒情
Shen Wenyu,81.94321995464853,61.521530951319455,0.5239790081977844,-0.06902092600284959,B段 抒情
Shen Wenyu,82.22185941043084,61.73072856294196,0.532645046710968,-0.14594427184420053,B段 抒情
Shen Wenyu,82.4540589569161,61.90505990596072,0.11020512133836746,-0.017193315579788756,B段 抒情
Shen Wenyu,82.70947845804989,62.09682438328135,0.17812803387641907,-0.0363630015272065,B段 抒情
Shen Wenyu,82.94167800453515,62.27115572630011,0.37029239535331726,-0.1351336759398691,B段 抒情
Shen Wenyu,83.22031746031746,62.480353337922615,0.39544570446014404,-0.11570036303965026,B段 抒情
Shen Wenyu,83.47573696145125,62.67211781524325,0.13912537693977356,0.054323432595992927,B段 抒情
Shen Wenyu,83.70793650793651,62.84644915826201,0.21518608927726746,-0.02266735891680582,B段 抒情
Shen Wenyu,83.9633560090703,63.03821363558264,0.1909032166004181,-0.020781103285116842,B段 抒情
Shen Wenyu,84.3348752834467,63.31714378441265,0.43589672446250916,-0.10667893293430096,B段 抒情
Shen Wenyu,84.5902947845805,63.50890826173328,0.08792277425527573,0.22733608011549217,B段 抒情
Shen Wenyu,84.82249433106576,63.68323960475204,0.3208633065223694,-0.08593064812885132,B段 抒情
Shen Wenyu,85.10113378684807,63.892437216374546,0.3895477056503296,-0.20260009887351768,B段 抒情
Shen Wenyu,85.35655328798185,64.08420169369518,0.3227662146091461,-0.16934902378125116,B段 抒情
Shen Wenyu,85.58875283446712,64.25853303671394,0.2911830246448517,-0.12874515387011343,B段 抒情
Shen Wenyu,85.79773242630385,64.41543124543082,0.061145246028900146,0.4888025482614466,B段 抒情
Shen Wenyu,86.05315192743764,64.60719572275146,0.02474697306752205,-0.18914470747404266,B段 抒情
Shen Wenyu,86.33179138321995,64.81639333437396,0.060176506638526917,0.17365779813189874,B段 抒情
Shen Wenyu,86.7265306122449,65.11275661750585,0.11798613518476486,-0.03768130436583306,B段 抒情
Shen Wenyu,86.93551020408164,65.26965482622273,0.06968096643686295,0.03342557474752539,B段 抒情
Shen Wenyu,87.1677097505669,65.4439861692415,0.09776657819747925,0.002537846557970625,B段 抒情
Shen Wenyu,87.42312925170069,65.63575064656213,0.12377903610467911,0.0701359024787962,B段 抒情
Shen Wenyu,87.65532879818593,65.81008198958088,0.13769516348838806,0.009905133993015623,B段 抒情
Shen Wenyu,87.91074829931972,66.00184646690151,0.14315736293792725,-0.022097202054283116,B段 抒情
Shen Wenyu,88.16616780045351,66.19361094422214,0.12811800837516785,-0.012742376839014469,B段 抒情
Shen Wenyu,88.42158730158731,66.38537542154279,0.15898233652114868,-0.06791420428271522,B段 抒情
Shen Wenyu,88.74666666666667,66.62943930176904,0.15086814761161804,0.0028225974347151346,B段 抒情
Shen Wenyu,88.9556462585034,66.78633751048592,0.14545133709907532,0.018691290188144194,B段 抒情
Shen Wenyu,89.18784580498867,66.96066885350469,0.12387225776910782,0.07922283775769756,B段 抒情
Shen Wenyu,89.39682539682539,67.11756706222155,0.11355933547019958,-0.0680748244121787,B段 抒情
Shen Wenyu,89.69868480725624,67.34419780814595,0.21555283665657043,-0.0654636591207236,B段 抒情
Shen Wenyu,90.00054421768708,67.57082855407033,0.11028753966093063,-0.02023299284701352,B段 抒情
Shen Wenyu,90.58104308390023,68.00665691161723,0.1270294189453125,-0.007556644504802535,B段 抒情
Shen Wenyu,90.85968253968254,68.21585452323973,0.03996242210268974,-0.041906299247784766,B段 抒情
Shen Wenyu,91.13832199546485,68.42505213486224,0.12864674627780914,0.057764350776778876,B段 抒情
Shen Wenyu,91.46340136054421,68.66911601508849,0.10437687486410141,0.017425457190256566,B段 抒情
Shen Wenyu,91.74204081632654,68.87831362671102,0.22327426075935364,0.02025029689320945,B段 抒情
Shen Wenyu,91.99746031746032,69.07007810403165,0.09821970760822296,-0.011647796600300355,B段 抒情
Shen Wenyu,92.48507936507937,69.43617392437103,0.07570697367191315,-0.04707033372142177,B段 抒情
Shen Wenyu,92.87981859410431,69.73253720750292,0.05657743662595749,0.024291611043736335,B段 抒情
Shen Wenyu,93.25133786848073,70.01146735633294,0.04199093580245972,-0.0129432909488969,B段 抒情
Shen Wenyu,93.52997732426304,70.22066496795544,0.04805334284901619,0.02418434792161861,B段 抒情
Shen Wenyu,93.83183673469388,70.44729571387983,0.46100106835365295,-0.24134145751304456,B段 抒情
Shen Wenyu,94.15691609977324,70.69135959410609,0.5254939794540405,-0.1758798592163657,B段 抒情
Shen Wenyu,94.45877551020408,70.91799034003047,0.42507296800613403,0.0009855169992079049,B段 抒情
Shen Wenyu,94.76063492063491,71.14462108595485,0.4043835401535034,-0.10487563167771441,B段 抒情
Shen Wenyu,94.99283446712018,71.3189524289736,0.04444819316267967,0.16169591972357011,B段 抒情
Shen Wenyu,95.34113378684808,71.58044944350175,0.03825903683900833,-0.1075620275514666,B段 抒情
Shen Wenyu,95.57333333333334,71.75478078652051,0.05352579802274704,-0.021413982540252615,B段 抒情
Shen Wenyu,96.01451247165532,72.08601033825614,0.062028270214796066,-0.007367454793438808,B段 抒情
Shen Wenyu,96.40925170068027,72.38237362138803,0.21319149434566498,0.2590295284335298,B段 抒情
Shen Wenyu,96.73433106575963,72.62643750161429,0.055257514119148254,-0.05985787774989148,B段 抒情
Shen Wenyu,97.01297052154194,72.83563511323679,0.09243731200695038,-0.040008278392633656,B段 抒情
Shen Wenyu,97.26839002267573,73.02739959055744,0.05555250868201256,0.2292908318850095,B段 抒情
Shen Wenyu,97.54702947845804,73.23659720217994,0.0352201946079731,-0.0005140886969456904,B段 抒情
Shen Wenyu,97.91854875283447,73.51552735100995,0.050027552992105484,-0.023569766835862534,B段 抒情
Shen Wenyu,98.15074829931973,73.68985869402871,0.055870626121759415,-0.02120443741659983,B段 抒情
Shen Wenyu,98.42938775510204,73.89905630565121,0.17300643026828766,-0.01627962374186609,B段 抒情
Shen Wenyu,98.70802721088435,74.10825391727373,0.04250232130289078,-0.051277958664286416,B段 抒情
Shen Wenyu,98.96344671201814,74.30001839459436,0.058996692299842834,0.20139981688771513,B段 抒情
Shen Wenyu,99.21886621315193,74.49178287191499,0.3143468499183655,-0.4318532629440596,B段 抒情
Shen Wenyu,99.54394557823129,74.73584675214126,0.42221829295158386,-0.10090709574797074,B段 抒情
Shen Wenyu,99.86902494331066,74.97991063236752,0.4306302070617676,0.16643182325424277,B段 抒情
Shen Wenyu,100.19410430839002,75.22397451259377,0.3750322759151459,0.1701402293292631,B段 抒情
Shen Wenyu,100.56562358276643,75.50290466142378,0.303466260433197,-0.17040369202732109,B段 抒情
Shen Wenyu,101.09968253968253,75.90386675036693,0.061506763100624084,-0.012375297092148683,B段 抒情
Shen Wenyu,101.51764172335601,76.2176631678007,0.04623514786362648,-0.002314760206445498,B段 抒情
Shen Wenyu,101.84272108843537,76.46172704802694,0.20361210405826569,0.5215603730448493,B段 抒情
Shen Wenyu,102.19102040816327,76.72322406255509,0.045436564832925797,-0.04529437228484312,B段 抒情
Shen Wenyu,102.44643990929706,76.91498853987572,0.08131902664899826,-0.102816322214494,华彩
Shen Wenyu,102.74829931972789,77.1416192858001,0.09871956706047058,0.15680840333516244,华彩
Shen Wenyu,103.1198185941043,77.42054943463012,0.03383447602391243,-0.058061043546331355,华彩
Shen Wenyu,103.35201814058956,77.59488077764887,0.08631978183984756,0.06597827496079843,华彩
Shen Wenyu,103.72353741496599,77.87381092647888,0.12305077910423279,0.008968102702056058,华彩
Shen Wenyu,104.02539682539683,78.10044167240328,0.16579507291316986,0.02463128794261138,华彩
Shen Wenyu,104.32725623582766,78.32707241832766,0.09472498297691345,-0.054143886882229715,华彩
Shen Wenyu,104.6291156462585,78.55370316425204,0.08496232330799103,0.1745984869558015,华彩
Shen Wenyu,104.90775510204081,78.76290077587454,0.12879084050655365,-0.043966370776615804,华彩
Shen Wenyu,105.23283446712018,79.0069646561008,0.09916061908006668,-0.057508851568854866,华彩
Shen Wenyu,105.58113378684807,79.26846167062894,0.30862241983413696,-0.08316122912219724,华彩
Shen Wenyu,105.9526530612245,79.54739181945897,0.5778114199638367,-0.18172553845943182,华彩
Shen Wenyu,106.25451247165533,79.77402256538335,0.5191078186035156,-0.15124931805985398,华彩
Shen Wenyu,106.50993197278912,79.96578704270398,0.5493417382240295,-0.3524073443259112,华彩
Shen Wenyu,106.74213151927438,80.14011838572273,0.31452882289886475,0.06044813671906013,华彩
Shen Wenyu,107.09043083900227,80.40161540025086,0.21215833723545074,0.035792309881799156,华彩
Shen Wenyu,107.41551020408163,80.64567928047713,0.28004223108291626,0.2599672215183091,华彩
Shen Wenyu,107.69414965986394,80.85487689209963,0.1625082641839981,0.06732529755026917,华彩
Shen Wenyu,107.97278911564626,81.06407450372215,0.2579105496406555,0.19368703106010798,华彩
Shen Wenyu,108.20498866213151,81.2384058467409,0.277622789144516,0.049253874203714056,华彩
Shen Wenyu,108.43718820861677,81.41273718975965,0.23464500904083252,0.030545404115400736,华彩
Shen Wenyu,108.66938775510204,81.58706853277842,0.23921620845794678,-0.0668555156153161,华彩
Shen Wenyu,108.9015873015873,81.76139987579717,0.19399482011795044,-0.016106732255138926,华彩
Shen Wenyu,109.13378684807256,81.93573121881593,0.25770303606987,-0.04546958625724073,华彩
Shen Wenyu,109.36598639455782,82.1100625618347,0.35239100456237793,-0.05305329268594505,华彩
Shen Wenyu,109.57496598639456,82.26696077055158,0.14367049932479858,-0.0030912093279766846,华彩
Shen Wenyu,109.8768253968254,82.49359151647596,0.21859754621982574,-0.005831837916048245,华彩
Shen Wenyu,110.13224489795918,82.68535599379659,0.18533331155776978,0.17275880518354822,华彩
Shen Wenyu,110.48054421768707,82.94685300832472,0.2080916315317154,0.0319119691994274,华彩
Shen Wenyu,110.78240362811792,83.17348375424912,0.057670578360557556,0.18962939266202736,华彩
Shen Wenyu,111.06104308390023,83.38268136587162,0.1251765936613083,-0.13772043794233468,华彩
Shen Wenyu,111.27002267573697,83.5395795745885,0.0603722482919693,-0.029268399885040704,华彩
Shen Wenyu,111.50222222222222,83.71391091760725,0.04284406453371048,-0.008770993190410081,华彩
Shen Wenyu,111.71120181405895,83.87080912632413,0.08850279450416565,0.3677003643133503,华彩
Shen Wenyu,111.96662131519274,84.06257360364476,0.0859299972653389,0.14554191457136767,华彩
Shen Wenyu,112.22204081632653,84.2543380809654,0.07680219411849976,-0.04721434979728655,华彩
Shen Wenyu,112.66321995464853,84.58556763270104,0.28710705041885376,-0.05050545332778711,华彩
Shen Wenyu,113.01151927437641,84.84706464722917,0.10559577494859695,0.05302549352563801,华彩
Shen Wenyu,113.29015873015874,85.05626225885169,0.20716163516044617,0.048201390927715686,华彩
Shen Wenyu,113.56879818594105,85.2654598704742,0.06437791138887405,-0.10220151289104251,华彩
Shen Wenyu,113.80099773242631,85.43979121349295,0.06751010566949844,0.0062813191107125,华彩
Shen Wenyu,114.1492970521542,85.70128822802108,0.2719721794128418,-0.11991971787210785,华彩
Shen Wenyu,114.35827664399093,85.85818643673798,0.15210089087486267,-0.04759698313137052,华彩
Shen Wenyu,114.6833560090703,86.10225031696423,0.07119106501340866,-0.0922656250622822,华彩
Shen Wenyu,114.91555555555556,86.276581659983,0.14199472963809967,-0.02293132010890985,华彩
Shen Wenyu,115.19419501133787,86.4857792716055,0.35821065306663513,-0.09109361399168847,华彩
Shen Wenyu,115.4031746031746,86.64267748032238,0.08167169988155365,-0.05806111039419192,华彩
Shen Wenyu,115.89079365079365,87.00877330066177,0.045461609959602356,-0.09925916515385323,华彩
Shen Wenyu,116.14621315192744,87.2005377779824,0.6858093738555908,-0.06344968587654876,华彩
Shen Wenyu,116.51773242630385,87.47946792681242,0.028443368151783943,-0.08608303451183018,华彩
Shen Wenyu,116.84281179138323,87.72353180703868,0.08378398418426514,0.03417513216845691,华彩
Shen Wenyu,117.09823129251701,87.91529628435931,0.27365943789482117,-0.13014744436077305,华彩
Shen Wenyu,117.40009070294785,88.1419270302837,0.30363723635673523,-0.13496564715751447,华彩
Shen Wenyu,117.70195011337869,88.36855777620808,0.2767221927642822,-0.26330733599024825,华彩
Shen Wenyu,117.980589569161,88.57775538783058,0.43307018280029297,-0.11469943856354803,华彩
Shen Wenyu,118.30566893424036,88.82181926805684,0.22777101397514343,-0.09789852756512119,华彩
Shen Wenyu,118.53786848072562,88.9961506110756,0.04279259964823723,0.036690164506580907,华彩
Shen Wenyu,118.77006802721088,89.17048195409436,0.40841543674468994,-0.1957823256816482,华彩
Shen Wenyu,119.42022675736962,89.65860971454688,0.08156827837228775,0.031465156189369736,华彩
Shen Wenyu,119.6756462585034,89.85037419186752,0.31557995080947876,0.0037282045013853327,华彩
Shen Wenyu,119.95428571428572,90.05957180349003,0.2603549659252167,-0.12914391663798594,华彩
Shen Wenyu,120.2097052154195,90.25133628081066,0.20361903309822083,-0.05493347853189334,华彩
Shen Wenyu,120.48834467120182,90.46053389243316,0.21614201366901398,-0.04300142572901677,华彩
Shen Wenyu,120.72054421768708,90.63486523545193,0.13784343004226685,-0.09914042329910444,华彩
Shen Wenyu,121.04562358276644,90.87892911567818,0.30779868364334106,-0.23598606912855757,华彩
Shen Wenyu,121.39392290249432,91.14042613020631,0.3470955491065979,-0.03973926159233088,华彩
Shen Wenyu,121.62612244897959,91.31475747322507,0.1181013211607933,-0.15753401585243407,华彩
Shen Wenyu,121.88154195011337,91.5065219505457,0.3672885596752167,-0.37533270733547397,华彩
Shen Wenyu,122.18340136054422,91.7331526964701,0.3895873725414276,-0.14740768037881935,华彩
Shen Wenyu,122.43882086167801,91.92491717379073,0.15345804393291473,-0.19964321554652997,华彩
Shen Wenyu,122.6942403628118,92.11668165111136,0.3208411931991577,-0.11874821102537679,华彩
Shen Wenyu,123.01931972789116,92.36074553133761,0.0491216741502285,0.12743400566250784,华彩
Shen Wenyu,123.25151927437642,92.53507687435638,0.2900822162628174,-0.17767689205356874,华彩
Shen Wenyu,123.55337868480726,92.76170762028076,0.37393322587013245,-0.109206821070984,华彩
Shen Wenyu,123.80879818594104,92.95347209760139,0.12094859778881073,-0.12442639244909515,华彩
Shen Wenyu,124.06421768707483,93.14523657492202,0.3498988449573517,-0.3069228968342941,华彩
Shen Wenyu,124.34285714285714,93.35443418654454,0.4615238606929779,-0.08274477459053742,华彩
Shen Wenyu,124.59827664399093,93.54619866386517,0.1993146687746048,-0.14075920607865555,华彩
Shen Wenyu,124.87691609977324,93.75539627548767,0.28216856718063354,-0.11734725176211212,华彩
Shen Wenyu,125.22521541950114,94.01689329001582,0.037813056260347366,0.341181065505225,华彩
Shen Wenyu,125.66639455782312,94.34812284175145,0.08703361451625824,0.29381510858001997,华彩
Shen Wenyu,125.96825396825396,94.57475358767583,0.14335064589977264,-0.16254998135991625,华彩
Shen Wenyu,126.22367346938775,94.76651806499646,0.3711324632167816,-0.25709541068863473,华彩
Shen Wenyu,126.5255328798186,94.99314881092086,0.4085007607936859,-0.1077328448445769,华彩
Shen Wenyu,126.78095238095239,95.18491328824149,0.18323950469493866,-0.24087486326607177,华彩
Shen Wenyu,127.08281179138322,95.41154403416587,0.3758520781993866,-0.12209029464429479,华彩
Shen Wenyu,127.36145124716553,95.62074164578839,0.20310653746128082,-0.20559066970236017,华彩
Shen Wenyu,127.61687074829932,95.81250612310902,0.04616124927997589,0.33581915849936195,华彩
Shen Wenyu,128.17414965986396,96.23090134635405,0.07069166004657745,-0.04494836584854056,华彩
Shen Wenyu,128.4063492063492,96.40523268937278,0.07531270384788513,0.028096663845644795,华彩
Shen Wenyu,128.63854875283448,96.57956403239156,0.23268024623394012,-0.08506501799274702,华彩
Shen Wenyu,128.91718820861678,96.78876164401406,0.21780529618263245,-0.026569178771751467,华彩
Shen Wenyu,129.1958276643991,96.99795925563657,0.16570411622524261,0.037348495607147925,华彩
Shen Wenyu,129.42802721088435,97.17229059865532,0.1931556761264801,-0.1280968499486335,华彩
Shen Wenyu,129.66022675736963,97.34662194167409,0.15206487476825714,-0.02292780391144333,华彩
Shen Wenyu,130.0085260770975,97.60811895620222,0.38679996132850647,-0.15301040966733126,华彩
Shen Wenyu,130.24072562358276,97.78245029922097,0.052964355796575546,0.14402211318156333,华彩
Shen Wenyu,130.49614512471655,97.9742147765416,0.08129210770130157,-0.1130484759414685,华彩
Shen Wenyu,130.82122448979592,98.21827865676786,0.3564597964286804,-0.17626803328312238,华彩
Shen Wenyu,131.12308390022676,98.44490940269225,0.42455148696899414,-0.17308764508925378,华彩
Shen Wenyu,131.37850340136055,98.63667388001288,0.23614642024040222,-0.10687772319215581,华彩
Shen Wenyu,131.65714285714284,98.84587149163538,0.363371878862381,0.024761047279753253,华彩
Shen Wenyu,132.00544217687076,99.10736850616354,0.061410628259181976,-0.050725065739243284,华彩
Shen Wenyu,132.2144217687075,99.26426671488042,0.25997719168663025,-0.059408465313026675,华彩
Shen Wenyu,132.53950113378684,99.50833059510667,0.21940147876739502,0.05554172148549696,华彩
Shen Wenyu,132.81814058956917,99.71752820672918,0.06808710843324661,-0.08698479687154757,华彩
Shen Wenyu,133.0271201814059,99.87442641544607,0.23317983746528625,-0.2121365172570222,华彩
Shen Wenyu,133.32897959183674,100.10105716137045,0.38709357380867004,-0.07209723207779462,华彩
Shen Wenyu,133.60761904761904,100.31025477299295,0.22732311487197876,-0.21253086997603532,华彩
Shen Wenyu,133.88625850340136,100.51945238461546,0.3678566813468933,-0.2188423890402191,华彩
Shen Wenyu,134.3738775510204,100.88554820495484,0.261383980512619,0.16259042813544508,华彩
Shen Wenyu,134.65251700680273,101.09474581657736,0.07059819251298904,0.08388456881220917,华彩
Shen Wenyu,134.9079365079365,101.28651029389799,0.12667353451251984,0.11129578615509671,华彩
Shen Wenyu,135.2562358276644,101.54800730842612,0.28397515416145325,-0.12928930882480927,华彩
Shen Wenyu,135.53487528344672,101.75720492004865,0.39956289529800415,-0.08643495984870242,华彩
Shen Wenyu,135.83673469387756,101.98383566597303,0.20275963842868805,-0.144035110315599,华彩
Shen Wenyu,136.11537414965986,102.19303327759553,0.3009701371192932,-0.08000913476280402,华彩
Shen Wenyu,136.4172335600907,102.41966402351991,0.27943891286849976,-0.1949056140801986,华彩
Shen Wenyu,136.74231292517007,102.66372790374618,0.05380013585090637,0.31067547979546356,华彩
Shen Wenyu,137.32281179138323,103.09955626129307,0.047193486243486404,-0.007221782561828149,华彩
Shen Wenyu,137.57823129251702,103.2913207386137,0.0583806037902832,0.0776262243562087,华彩
Shen Wenyu,137.78721088435375,103.44821894733059,0.15774491429328918,0.020846333427471105,华彩
Shen Wenyu,138.06585034013605,103.65741655895309,0.27553799748420715,-0.02583361929282546,华彩
Shen Wenyu,138.34448979591838,103.8666141705756,0.1785859316587448,-0.04499300302995834,华彩
Shen Wenyu,138.55346938775511,104.0235123792925,0.058827176690101624,-0.04579809192364336,华彩
Shen Wenyu,138.87854875283446,104.26757625951873,0.20133204758167267,-0.06806058390793623,华彩
Shen Wenyu,139.13396825396825,104.45934073683937,0.06841304898262024,-0.0013118262359057555,华彩
Shen Wenyu,139.36616780045352,104.63367207985814,0.14727185666561127,-0.10506342259759548,华彩
Shen Wenyu,139.59836734693877,104.8080034228769,0.033176060765981674,-0.03480994237179402,华彩
Shen Wenyu,139.94666666666666,105.06950043740503,0.11609873920679092,-0.1319237448115018,华彩
Shen Wenyu,140.1556462585034,105.22639864612191,0.1675020009279251,-0.09650910051277606,华彩
Shen Wenyu,140.36462585034013,105.38329685483879,0.29700717329978943,-0.10365728739998302,华彩
Shen Wenyu,140.6897052154195,105.62736073506505,0.39942336082458496,-0.05285540773911633,华彩
Shen Wenyu,140.89868480725625,105.78425894378194,0.2802289128303528,-0.09560604703438003,华彩
Shen Wenyu,141.15410430839003,105.97602342110257,0.12434596568346024,0.06719567954860395,华彩
Shen Wenyu,141.43274376417233,106.18522103272507,0.2501092553138733,-0.04671768165280809,华彩
Shen Wenyu,141.78104308390022,106.4467180472532,0.15798844397068024,-0.029621578141814098,华彩
Shen Wenyu,142.0132426303855,106.62104939027196,0.10953593254089355,-0.06806041965319308,华彩
Shen Wenyu,142.22222222222223,106.77794759898885,0.16095705330371857,0.024207004571508144,华彩
Shen Wenyu,142.57052154195011,107.03944461351699,0.1983872801065445,0.04421369640112971,华彩
Shen Wenyu,142.77950113378685,107.19634282223387,0.30774274468421936,-0.2701256439650023,华彩
Shen Wenyu,142.9884807256236,107.35324103095076,0.3898795545101166,-0.1182638371574285,华彩
Shen Wenyu,143.24390022675738,107.54500550827139,0.1987958699464798,0.09800175403142929,华彩
Shen Wenyu,143.59219954648526,107.80650252279952,0.08524750918149948,0.07363378172158262,华彩
Shen Wenyu,143.8940589569161,108.0331332687239,0.11088293045759201,-0.10739844797171827,华彩
Shen Wenyu,144.17269841269842,108.24233088034642,0.0831947922706604,-0.012860810238635167,华彩
Shen Wenyu,144.45133786848072,108.45152849196892,0.07193285971879959,0.15518258696829434,华彩
Shen Wenyu,144.683537414966,108.62585983498768,0.1282389909029007,-0.14549893521689225,华彩
Shen Wenyu,144.9621768707483,108.83505744661018,0.13550052046775818,-0.14063333919693832,华彩
Shen Wenyu,145.19437641723357,109.00938878962894,0.18220940232276917,0.022300453929346983,华彩
Shen Wenyu,145.54267573696146,109.27088580415707,0.16328197717666626,0.02711305487537174,华彩
Shen Wenyu,145.79809523809524,109.4626502814777,0.09941104054450989,-0.029151454327802643,华彩
Shen Wenyu,146.00707482993198,109.6195484901946,0.08859693259000778,-0.08018152775548514,华彩
Shen Wenyu,146.28571428571428,109.82874610181709,0.0764852985739708,0.040977958178700646,华彩
Shen Wenyu,146.49469387755101,109.98564431053397,0.11284931749105453,0.07718061078776373,华彩
Shen Wenyu,146.8197732426304,110.22970819076025,0.1757214367389679,0.03465962063273764,华彩
Shen Wenyu,147.05197278911564,110.404039533779,0.12171139568090439,0.17568761813890887,华彩
Shen Wenyu,147.377052154195,110.64810341400526,0.1032567247748375,-0.29241627889859956,华彩
Shen Wenyu,147.7021315192744,110.89216729423153,0.11293694376945496,0.01081043451449659,华彩
Shen Wenyu,147.93433106575964,111.06649863725028,0.17179656028747559,0.0003921028110198681,华彩
Shen Wenyu,148.23619047619047,111.29312938317466,0.20784762501716614,-0.02888929802793427,华彩
Shen Wenyu,148.46839002267575,111.46746072619342,0.11741141229867935,-0.0165565171300841,华彩
Shen Wenyu,148.81668934240363,111.72895774072155,0.12277109920978546,0.008337311010109259,华彩
Shen Wenyu,149.11854875283447,111.95558848664594,0.10284902900457382,-0.04586545164784184,华彩
Shen Wenyu,149.4900680272109,112.23451863547596,0.0805329903960228,-0.06178644616738893,华彩
Shen Wenyu,149.74548752834468,112.4262831127966,0.04668211191892624,0.02830982782597857,华彩
Shen Wenyu,149.95446712018142,112.58318132151348,0.27710387110710144,-0.034049581381623284,华彩
Shen Wenyu,150.32598639455782,112.86211147034348,0.05358526110649109,-0.010825339677467126,华彩
Shen Wenyu,150.5581859410431,113.03644281336224,0.0789894312620163,-0.031799173939361935,华彩
Shen Wenyu,150.76716553287983,113.19334102207912,0.07657923549413681,0.03929543190679396,华彩
Shen Wenyu,151.16190476190476,113.489704305211,0.03362959995865822,0.14571514602721436,华彩
Shen Wenyu,151.48698412698414,113.73376818543727,0.03670249134302139,-0.12863251808994391,华彩
Shen Wenyu,151.8120634920635,113.97783206566352,0.04825518652796745,0.22063028043248775,华彩
Shen Wenyu,152.1835827664399,114.25676221449353,0.04204649478197098,-0.07601679717481602,华彩
Shen Wenyu,152.55510204081634,114.53569236332355,0.17701421678066254,0.11153041832585585,华彩
Shen Wenyu,152.76408163265307,114.69259057204044,0.2707269489765167,-0.08631648634036536,华彩
Shen Wenyu,153.01950113378686,114.88435504936108,0.4155624508857727,-0.03675944849419465,华彩
Shen Wenyu,153.36780045351475,115.14585206388921,0.16776034235954285,-0.007491753376598353,华彩
Shen Wenyu,153.6,115.32018340690796,0.14603133499622345,-0.010940280753857223,华彩
Shen Wenyu,153.80897959183673,115.47708161562484,0.1260250359773636,0.03909057472810673,华彩
Shen Wenyu,154.11083900226757,115.70371236154922,0.07223169505596161,-0.015771421476529213,华彩
Shen Wenyu,154.3894784580499,115.91290997317174,0.11678633838891983,0.055491152033937396,华彩
Shen Wenyu,154.64489795918368,116.10467445049237,0.16738779842853546,0.16680863509463958,华彩
Shen Wenyu,154.90031746031747,116.296438927813,0.14660295844078064,-0.014417578495340424,华彩
Shen Wenyu,155.1092970521542,116.45333713652988,0.15931054949760437,0.069063315186213,华彩
Shen Wenyu,155.34149659863945,116.62766847954863,0.185714989900589,-0.04689857578341616,华彩
Shen Wenyu,155.62013605442178,116.83686609117115,0.14613671600818634,0.08029240161704365,华彩
Shen Wenyu,155.85233560090703,117.0111974341899,0.17705640196800232,-0.34693495308601996,华彩
Shen Wenyu,156.13097505668935,117.22039504581241,0.182704359292984,0.16496019052283373,华彩
Shen Wenyu,156.40961451247165,117.42959265743491,0.12369001656770706,-0.09702545248728713,华彩
Shen Wenyu,156.68825396825397,117.63879026905744,0.14779357612133026,0.014457055021921406,华彩
Shen Wenyu,156.96689342403627,117.84798788067992,0.11516185104846954,-0.06808694679421023,华彩
Shen Wenyu,157.2455328798186,118.05718549230245,0.14386944472789764,0.16265702961391068,华彩
Shen Wenyu,157.5241723356009,118.26638310392495,0.10518479347229004,-0.11987107745881075,华彩
Shen Wenyu,157.75637188208617,118.44071444694372,0.06026072800159454,-0.006624940988331214,华彩
Shen Wenyu,157.98857142857142,118.61504578996247,0.3410668671131134,-0.11352404881108669,华彩
Shen Wenyu,158.499410430839,118.99857474460373,0.06842643767595291,-0.007392074383005819,华彩
Shen Wenyu,158.89414965986396,119.29493802773563,0.7555859088897705,-0.08942255594774905,华彩
Shen Wenyu,159.2192290249433,119.53900190796188,0.044504810124635696,0.11336783061324238,华彩
Shen Wenyu,159.98548752834466,120.11429533992377,0.6645475029945374,-0.04908272553620918,华彩
Shen Wenyu,160.21768707482994,120.28862668294255,0.04399922490119934,-0.011041681318602059,华彩
Shen Wenyu,160.42666666666668,120.44552489165943,0.26094695925712585,0.034036228998957085,华彩
Shen Wenyu,160.6356462585034,120.60242310037631,0.24200133979320526,-0.08527227978447627,华彩
Shen Wenyu,160.8910657596372,120.79418757769695,0.3825805187225342,-0.08399295545586936,华彩
Shen Wenyu,161.1697052154195,121.00338518931945,0.2832012474536896,0.13902652672186375,华彩
Shen Wenyu,161.51800453514738,121.26488220384758,0.13299305737018585,-0.05579904564001481,华彩
Shen Wenyu,161.7966439909297,121.47407981547009,0.15279404819011688,0.31599515041307313,华彩
Shen Wenyu,162.075283446712,121.68327742709259,0.1255161315202713,-0.0682016176142497,华彩
Shen Wenyu,162.3307029478458,121.87504190441322,0.1813306361436844,-0.12588997096827367,华彩
Shen Wenyu,162.63256235827666,122.10167265033762,0.1510602831840515,-0.071767659710531,华彩
Shen Wenyu,162.88798185941044,122.29343712765827,0.23867078125476837,-0.004926842984787073,华彩
Shen Wenyu,163.09696145124715,122.45033533637512,0.14456042647361755,-0.025037675186467823,华彩
Shen Wenyu,163.37560090702948,122.65953294799763,0.1763235181570053,0.056799579533617355,华彩
Shen Wenyu,163.6542403628118,122.86873055962016,0.15281887352466583,0.043191753047722145,华彩
Shen Wenyu,163.9096598639456,123.0604950369408,0.20793917775154114,-0.021404805283964375,华彩
Shen Wenyu,164.14185941043084,123.23482637995954,0.14274956285953522,-0.030282988063845547,华彩
Shen Wenyu,164.42049886621317,123.44402399158206,0.14150981605052948,-0.027974516569884134,华彩
Shen Wenyu,164.76879818594105,123.70552100611019,0.09932884573936462,-0.005922648824707721,华彩
Shen Wenyu,165.04743764172335,123.91471861773269,0.13840217888355255,-0.05546102800053631,华彩
Shen Wenyu,165.34929705215418,124.14134936365707,0.11316293478012085,-0.03173318841618311,华彩
Shen Wenyu,165.74403628117915,124.43771264678897,0.18871819972991943,-0.016211280876632372,华彩
Shen Wenyu,166.02267573696145,124.64691025841147,0.05781746283173561,0.013148236462257044,华彩
Shen Wenyu,166.44063492063492,124.96070667584523,0.15537072718143463,0.004590263529280492,华彩
Shen Wenyu,166.90503401360544,125.30936936188274,0.14910711348056793,0.07396105738735059,华彩
Shen Wenyu,167.23011337868482,125.55343324210902,0.07580306380987167,0.02694102954592381,华彩
Shen Wenyu,167.55519274376417,125.79749712233526,0.12519562244415283,0.16448717410639802,华彩
Shen Wenyu,167.8338321995465,126.00669473395779,0.09581146389245987,0.005984482140775071,华彩
Shen Wenyu,168.15891156462584,126.25075861418404,0.08963673561811447,0.049015123249773744,华彩
Shen Wenyu,168.41433106575963,126.44252309150467,0.10941646993160248,0.07052020891933353,华彩
Shen Wenyu,168.6697505668934,126.6342875688253,0.12166443467140198,-0.06788026848880689,华彩
Shen Wenyu,168.9251700680272,126.82605204614593,0.0630541443824768,0.012227107799844816,华彩
Shen Wenyu,169.180589569161,127.01781652346656,0.1013474315404892,0.1825123826620256,华彩
Shen Wenyu,169.4592290249433,127.22701413508908,0.07188638299703598,0.03519391266308958,华彩
Shen Wenyu,169.76108843537415,127.45364488101346,0.11943802982568741,-0.0726301288977993,华彩
Shen Wenyu,170.08616780045352,127.69770876123972,0.07547442615032196,0.02100074434565613,华彩
Shen Wenyu,170.4344671201814,127.95920577576786,0.07288028299808502,-0.02983111276080308,华彩
Shen Wenyu,170.64344671201815,128.11610398448474,0.28482890129089355,-0.0480218175198388,华彩
Shen Wenyu,170.8756462585034,128.2904353275035,0.09350238740444183,-0.04436179783624539,华彩
Shen Wenyu,171.10784580498867,128.46476667052227,0.3643120229244232,-0.15031619450383005,华彩
Shen Wenyu,171.80444444444444,128.98776069957853,0.3599971830844879,0.045296599273569875,华彩
Shen Wenyu,172.01342403628118,129.1446589082954,0.05431078001856804,-0.04678866739595832,华彩
Shen Wenyu,172.26884353741497,129.33642338561603,0.06887456029653549,-0.02704027808704268,华彩
Shen Wenyu,172.5474829931973,129.54562099723856,0.09031864255666733,-0.019005631509116935,华彩
Shen Wenyu,172.89578231292518,129.8071180117667,0.25478246808052063,-0.05011741391172109,华彩
Shen Wenyu,173.12798185941043,129.98144935478544,0.05674731358885765,-0.018142955809707928,华彩
Shen Wenyu,173.42984126984126,130.20808010070982,0.18297754228115082,-0.007873262711655114,尾声
Shen Wenyu,173.7317006802721,130.4347108466342,0.2069910168647766,0.037727215476479614,尾声
Shen Wenyu,173.94068027210884,130.59160905535109,0.11672267317771912,-0.09274398739762545,尾声
Shen Wenyu,174.24253968253967,130.81823980127547,0.06070566922426224,-0.03144496622553561,尾声
Shen Wenyu,174.4515192743764,130.97513800999235,0.05132617801427841,-0.01411858520441456,尾声
Shen Wenyu,174.82303854875283,131.25406815882238,0.05568482726812363,-0.005348136824068206,尾声
Shen Wenyu,175.31065759637187,131.62016397916176,0.05436233431100845,-0.0017248689005100455,尾声
Shen Wenyu,175.5196371882086,131.77706218787864,0.08709816634654999,0.0022492977677757153,尾声
Shen Wenyu,175.72861678004534,131.93396039659552,0.07154102623462677,-0.0013384811040850762,尾声
Shen Wenyu,175.96081632653062,132.1082917396143,0.05553180351853371,-0.003975316928972461,尾声
Shen Wenyu,176.16979591836736,132.26518994833117,0.06456336379051208,0.0021380204316301388,尾声
Shen Wenyu,176.4948752834467,132.5092538285574,0.06145568937063217,-0.008102510645358052,尾声
Shen Wenyu,176.88961451247167,132.80561711168932,0.06663456559181213,-0.0015622601665654656,尾声
Shen Wenyu,177.12181405895691,132.97994845470808,0.07536850869655609,0.0008182640101495054,尾声
Shen Wenyu,177.40045351473924,133.18914606633058,0.5165748596191406,0.005542188046092635,尾声
Shen Wenyu,177.93451247165532,133.59010815527373,0.06115259602665901,-0.019926377467527345,尾声
Shen Wenyu,178.2828117913832,133.85160516980184,0.3498494625091553,-0.0015167559922701903,尾声
Shen Wenyu,178.65433106575964,134.13053531863187,0.32794421911239624,-0.020914205015287735,尾声
Shen Wenyu,179.09551020408162,134.4617648703675,0.06637444347143173,-0.011605437975958918,尾声
Shen Wenyu,179.30448979591836,134.61866307908437,0.26138532161712646,-0.08244203877438849,尾声
Shen Wenyu,179.6063492063492,134.84529382500875,0.05434771254658699,0.011340715673213706,尾声
Shen Wenyu,180.00108843537416,135.14165710814066,0.1282079517841339,0.033726073070283746,尾声
Shen Wenyu,180.2332879818594,135.31598845115943,0.4954993426799774,-0.06781299089198,尾声
Shen Wenyu,180.69768707482993,135.66465113719693,0.051624845713377,-0.019274883948128263,尾声
Shen Wenyu,180.90666666666667,135.8215493459138,0.06465354561805725,-0.00902421503496953,尾声
Shen Wenyu,181.16208616780045,136.01331382323445,0.5721721649169922,-0.02159716095775366,尾声
Shen Wenyu,181.58004535147393,136.32711024066822,0.5274315476417542,-0.08508415558026172,尾声
Shen Wenyu,181.78902494331066,136.4840084493851,0.03317495808005333,-0.09566540077230455,尾声
Shen Wenyu,182.0212244897959,136.65833979240384,0.0643177330493927,-0.018817676095750357,尾声
Shen Wenyu,182.32308390022675,136.88497053832822,0.06246822327375412,0.20180988888114368,尾声
Shen Wenyu,182.7178231292517,137.18133382146013,0.042632807046175,-0.039196759450987884,尾声
Shen Wenyu,183.0893424036281,137.46026397029013,0.06313119828701019,-0.0008002577033039414,尾声
Shen Wenyu,183.36798185941043,137.66946158191266,0.22990261018276215,-0.004365261747807381,尾声
Shen Wenyu,183.6930612244898,137.91352546213892,0.1484186053276062,5.4982842812023666e-05,尾声
Shen Wenyu,183.9717006802721,138.12272307376142,0.18445703387260437,0.04424838805334729,尾声
Shen Wenyu,184.27356009070294,138.3493538196858,0.09981390088796616,-0.024817149824229997,尾声
Shen Wenyu,184.66829931972788,138.64571710281768,0.36901649832725525,-0.015038933179312151,尾声
Shen Wenyu,184.87727891156462,138.80261531153457,0.058280300348997116,-0.0074748267820723404,尾声
Shen Wenyu,185.34167800453514,139.15127799757207,0.0583440437912941,0.02665126925762706,尾声
Shen Wenyu,185.55065759637188,139.30817620628895,0.5977690815925598,-0.04256987289181779,尾声
Shen Wenyu,185.80607709750566,139.4999406836096,0.05305758863687515,0.011503923889222277,尾声
Shen Wenyu,186.03827664399094,139.67427202662836,0.08070997148752213,-0.010539761200334395,尾声
Shen Wenyu,186.31691609977324,139.88346963825086,0.06798364967107773,0.0007605691735079745,尾声
Shen Wenyu,186.71165532879817,140.17983292138274,0.07004621624946594,-2.9357789799178153e-05,尾声
Shen Wenyu,187.0831746031746,140.45876307021277,0.06624380499124527,-0.0023419414418413,尾声
Shen Wenyu,187.31537414965987,140.63309441323153,0.07177087664604187,-0.000598561413767129,尾声
Shen Wenyu,187.64045351473922,140.87715829345777,0.06863494962453842,-0.001272707106636517,尾声
Shen Wenyu,187.84943310657596,141.03405650217465,0.052120525389909744,0.00090494366133953,尾声
Shen Wenyu,188.31383219954648,141.38271918821218,0.06934206932783127,-0.0013801324541873326,尾声
Shen Wenyu,188.56925170068027,141.5744836655328,0.07851419597864151,-1.5759084703859116e-05,尾声
Shen Wenyu,188.8478911564626,141.78368127715532,0.07069012522697449,0.00022874168053022,尾声
Shen Wenyu,189.1265306122449,141.99287888877782,0.14630889892578125,0.0004003532694696332,尾声
Shen Wenyu,189.42839002267573,142.2195096347022,0.12295753508806229,0.0005815269076947516,尾声
Shen Wenyu,189.9160090702948,142.58560545504162,0.06308622658252716,-0.000629856299383391,尾声
Shen Wenyu,190.21786848072563,142.812236200966,0.06584655493497849,0.0010692688334756895,尾声
Shen Wenyu,190.8215873015873,143.26549769281476,0.07060723751783371,0.00132216121357942,尾声
Shen Wenyu,191.1698866213152,143.52699470734288,0.06310202181339264,0.0008427832682400549,尾声
Shen Wenyu,191.866485260771,144.04998873639917,0.07243122160434723,-0.0005388159891595024,尾声
Shen Wenyu,192.14512471655328,144.25918634802167,0.06022828444838524,0.0008001889156616926,尾声
Shen Wenyu,192.49342403628117,144.5206833625498,0.10779010504484177,-0.00011869661307173368,尾声
Shen Wenyu,192.7024036281179,144.67758157126667,0.09091871976852417,-0.0006008948517433055,尾声
Shen Wenyu,192.98104308390023,144.8867791828892,0.07180900126695633,0.0001305404722984349,尾声
Shen Wenyu,193.30612244897958,145.13084306311544,0.08357668668031693,0.00038106008162230864,尾声
Shen Wenyu,193.8401814058957,145.5318051520586,0.06833546608686447,-0.00041680748239514287,尾声
Shen Wenyu,194.11882086167802,145.7410027636811,0.07278487086296082,-3.854199945863001e-05,尾声
Shen Wenyu,194.44390022675736,145.98506664390737,0.0758722573518753,0.00031191596718826986,尾声
Shen Wenyu,194.7457596371882,146.21169738983176,0.08888417482376099,0.00046711389956044513,尾声
Shen Wenyu,194.97795918367348,146.38602873285052,0.06813890486955643,-0.0004935756848567507,尾声
Shen Wenyu,195.1869387755102,146.5429269415674,0.05376853421330452,0.0010815524859708603,尾声
Shen Wenyu,195.6281179138322,146.87415649330302,0.09160977602005005,-0.0006467593181014308,尾声
Shen Wenyu,196.06929705215418,147.20538604503867,0.08215796947479248,-0.00019682105119045448,尾声
Shen Wenyu,196.55691609977325,147.57148186537805,0.35978198051452637,-0.0031080848316378247,尾声
Shen Wenyu,196.7891156462585,147.7458132083968,0.09075608104467392,0.0016117905815349332,尾声
Shen Wenyu,197.16063492063492,148.0247433572268,0.3984217941761017,-0.002949762836124137,尾声
Shen Wenyu,197.43927437641725,148.23394096884934,0.1515231877565384,0.0018724357616406446,尾声
Shen Wenyu,198.08943310657597,148.72206872930187,0.08956632018089294,0.0016321646157280156,尾声
Shen Wenyu,198.41451247165534,148.96613260952813,0.21196503937244415,-0.0037757425516815593,尾声
Shen Wenyu,198.80925170068028,149.26249589266,0.08066289871931076,3.137999726732231e-05,尾声
Shen Wenyu,199.01823129251702,149.4193941013769,0.11833588778972626,-0.00024340857862625848,尾声
Shen Wenyu,199.22721088435375,149.57629231009378,0.09881706535816193,-0.00019185392687859346,尾声
Shen Wenyu,199.50585034013605,149.78548992171628,0.09185364842414856,-0.00010746029346364598,尾声
Shen Wenyu,199.78448979591838,149.99468753333878,0.08360503613948822,-0.00025288190528272025,尾声
Shen Wenyu,200.0863492063492,150.22131827926316,0.07927579432725906,0.0007604066198041436,尾声
Shen Wenyu,200.48108843537415,150.51768156239504,0.10055669397115707,-0.00013729219574543097,尾声
Shen Wenyu,200.87582766439908,150.81404484552692,0.15344950556755066,0.00287454141556509,尾声
Shen Wenyu,201.1544671201814,151.02324245714945,0.11410553008317947,0.005115733551974699,尾声
Shen Wenyu,201.36344671201815,151.18014066586633,0.5831716060638428,0.040565737265296775,尾声
Shen Wenyu,201.71174603174603,151.44163768039448,0.0662740170955658,0.002669520101505895,尾声
Yin Chengzong,0.06965986394557823,0.06231580840380931,0.22432377934455872,0.006862986458600061,A段 主题
Yin Chengzong,0.301859410430839,0.2700351697498404,0.11991040408611298,0.005565581335531533,A段 主题
Yin Chengzong,0.5340589569160997,0.4777545310958714,0.11158762872219086,-0.008841330031827965,A段 主题
Yin Chengzong,0.8591383219954648,0.7685616369803149,0.05595093220472336,0.004406773791743034,A段 主题
Yin Chengzong,1.1609977324263039,1.0385968067301552,1.0,-0.001228199681690967,A段 主题
Yin Chengzong,1.3699773242630386,1.2255442319415832,0.49055764079093933,-0.006820197859269683,A段 主题
Yin Chengzong,1.6253968253968254,1.4540355294222174,0.08551869541406631,7.447400776072714e-05,A段 主题
Yin Chengzong,1.8575963718820863,1.6617548907682484,0.393514484167099,-0.024404688616641582,A段 主题
Yin Chengzong,2.136235827664399,1.9110181243834856,0.15496353805065155,1.010198712640431,A段 主题
Yin Chengzong,2.414875283446712,2.160281357998723,0.08130882680416107,-0.322532046084234,A段 主题
Yin Chengzong,2.670294784580499,2.3887726554793574,0.06932170689105988,-0.20266416490812844,A段 主题
Yin Chengzong,3.0882539682539685,2.762667505902213,0.08256514370441437,0.000987497128335235,A段 主题
Yin Chengzong,3.297233560090703,2.949614931113641,0.10234574973583221,0.009838535618200693,A段 主题
Yin Chengzong,3.6687528344671203,3.281965909267291,0.6755965352058411,-0.8990097710920963,A段 主题
Yin Chengzong,4.1099319727891155,3.6766326958247495,0.42303773760795593,-0.9447133859794119,A段 主题
Yin Chengzong,4.667210884353741,4.175159163055224,0.5048186779022217,1.3230492372713343,A段 主题
Yin Chengzong,4.992290249433107,4.465966268939668,0.027871472761034966,-0.32158337180590024,A段 主题
Yin Chengzong,5.317369614512471,4.756773374824111,0.2590673565864563,0.3409852356526244,A段 主题
Yin Chengzong,5.572789115646258,4.985264672304745,0.08955639600753784,0.010550830847932938,A段 主题
Yin Chengzong,5.804988662131519,5.192984033650776,0.3151111900806427,-0.0014036637367098584,A段 主题
Yin Chengzong,6.013968253968254,5.379931458862204,0.37368205189704895,0.1476260207709856,A段 主题
Yin Chengzong,6.246167800453515,5.587650820208236,0.11299846321344376,0.13776720661553554,A段 主题
Yin Chengzong,6.501587301587302,5.8161421176888695,0.25392428040504456,0.010869324614759533,A段 主题
Yin Chengzong,6.826666666666667,6.106949223573313,0.08667481690645218,-0.522215525052161,A段 主题
Yin Chengzong,7.058866213151927,6.314668584919344,0.17051005363464355,0.5225159355177311,A段 主题
Yin Chengzong,7.4071655328798185,6.62624762693839,0.0889146625995636,0.13726335710089188,A段 主题
Yin Chengzong,7.732244897959184,6.917054732822835,0.08651567250490189,0.02192460851802025,A段 主题
Yin Chengzong,8.034104308390022,7.187089902572674,0.1052781194448471,-0.6577410898898962,A段 主题
Yin Chengzong,8.382403628117913,7.498668944591721,0.11652728915214539,-0.07703913015575381,A段 主题
Yin Chengzong,8.684263038548753,7.768704114341562,0.08990151435136795,-0.21887187849642942,A段 主题
Yin Chengzong,8.916462585034013,7.976423475687592,0.10819289833307266,0.08637795963295503,A段 主题
Yin Chengzong,9.264761904761905,8.288002517706639,0.05518883466720581,0.005681549600922157,A段 主题
Yin Chengzong,9.47374149659864,8.474949942918068,0.05461299046874046,-0.006783784874642151,A段 主题
Yin Chengzong,9.914920634920636,8.869616729475526,0.04963849112391472,0.749087197323206,A段 主题
Yin Chengzong,10.147120181405896,9.077336090821557,0.10643469542264938,-0.3548391205185908,A段 主题
Yin Chengzong,10.588299319727891,9.472002877379015,0.06942617893218994,-0.10009478346546528,A段 主题
Yin Chengzong,10.89015873015873,9.742038047128856,0.10357487201690674,0.024781257297945558,A段 主题
Yin Chengzong,11.099138321995465,9.928985472340285,0.04959481582045555,0.7591531944854069,A段 主题
Yin Chengzong,11.609977324263038,10.385968067301553,0.46656498312950134,-0.21884466950723436,A段 主题
Yin Chengzong,11.818956916099774,10.572915492512982,0.029586121439933777,-0.2183245377636922,A段 主题
Yin Chengzong,12.26013605442177,10.96758227907044,0.6880639791488647,0.07225123808893842,A段 主题
Yin Chengzong,12.49233560090703,11.175301640416471,0.10696355253458023,-0.3756546657314174,A段 主题
Yin Chengzong,12.747755102040816,11.403792937897105,0.14352330565452576,0.4788115567862405,A段 主题
Yin Chengzong,13.235374149659863,11.84000359672377,0.16018155217170715,0.28525766374514205,A段 主题
Yin Chengzong,13.514013605442177,12.089266830339007,0.08719773590564728,-0.013934257003711535,A段 主题
Yin Chengzong,13.931972789115646,12.463161680761862,0.08618688583374023,0.38233079976635054,A段 主题
Yin Chengzong,14.187392290249432,12.691652978242496,0.12590399384498596,-0.07287610133062117,A段 主题
Yin Chengzong,14.466031746031746,12.940916211857735,0.10050436854362488,-0.401175089427852,A段 主题
Yin Chengzong,14.814331065759637,13.25249525387678,0.13281254470348358,-0.38741747503081575,A段 主题
Yin Chengzong,15.116190476190477,13.522530423626621,0.13072438538074493,-0.06311889592325315,A段 主题
Yin Chengzong,15.348390022675737,13.730249784972653,0.1510607898235321,-0.137118094789912,A段 主题
Yin Chengzong,15.62702947845805,13.979513018587891,0.10705062001943588,0.012110782972740701,A段 主题
Yin Chengzong,15.836009070294784,14.166460443799318,0.09316948801279068,-0.20521541064226767,A段 主题
Yin Chengzong,16.207528344671204,14.498811421952968,0.065916046500206,0.0285373067981709,A段 主题
Yin Chengzong,16.532607709750568,14.789618527837412,0.17845755815505981,-0.08377783474315947,A段 主题
Yin Chengzong,16.99700680272109,15.205057250529473,0.05590705946087837,-0.03736332437256351,A段 主题
Yin Chengzong,17.252426303854875,15.433548548010107,0.22375841438770294,0.1820391742967331,A段 主题
Yin Chengzong,17.531065759637187,15.682811781625343,0.027845745906233788,1.1699368005793076,A段 主题
Yin Chengzong,18.018684807256236,16.11902244045201,0.34836283326148987,0.13545315714509343,A段 主题
Yin Chengzong,18.45986394557823,16.51368922700947,0.0919705182313919,-0.4655641940189525,A段 主题
Yin Chengzong,18.738503401360543,16.762952460624703,0.048913441598415375,0.606796373540419,A段 主题
Yin Chengzong,19.017142857142858,17.012215694239945,0.07717251777648926,0.3345132416143315,A段 主题
Yin Chengzong,19.319002267573698,17.282250863989784,0.08798521012067795,-0.15823719040781722,A段 主题
Yin Chengzong,19.59764172335601,17.531514097605022,0.10347660630941391,0.5255261978163617,A段 主题
Yin Chengzong,19.969160997732427,17.86386507575867,0.32525765895843506,-0.47622111051168753,A段 主题
Yin Chengzong,20.271020408163267,18.133900245508514,0.11580353230237961,-0.34533233483671205,A段 主题
Yin Chengzong,20.526439909297054,18.362391542989148,0.15767499804496765,-0.22507641042466275,A段 主题
Yin Chengzong,20.735419501133787,18.549338968200573,0.12743349373340607,0.11060190154239537,A段 主题
Yin Chengzong,21.037278911564627,18.819374137950415,0.09433639049530029,-0.3022302209501504,A段 主题
Yin Chengzong,21.269478458049885,19.027093499296445,0.09637080132961273,0.5040571364588686,A段 主题
Yin Chengzong,21.59455782312925,19.317900605180885,0.13421957194805145,-0.19139157484460156,A段 主题
Yin Chengzong,21.826757369614512,19.525619966526918,0.8922813534736633,-0.041547901128069505,A段 主题
Yin Chengzong,22.244716553287983,19.899514816949775,0.06174679473042488,-0.1637233943256433,A段 主题
Yin Chengzong,22.50013605442177,20.12800611443041,0.03875374794006348,-0.014307869696494889,A段 主题
Yin Chengzong,22.709115646258503,20.314953539641838,0.12600834667682648,0.0012849877748521963,A段 主题
Yin Chengzong,22.918095238095237,20.501900964853263,0.07787634432315826,0.017852618839242492,A段 主题
Yin Chengzong,23.173514739229024,20.730392262333897,0.11070378869771957,1.093621747349971,A段 主题
Yin Chengzong,23.54503401360544,21.06274324048755,0.03903983160853386,-0.2041661169641884,A段 主题
Yin Chengzong,23.91655328798186,21.395094218641198,0.07451222836971283,-0.08452018309981213,A段 主题
Yin Chengzong,24.2184126984127,21.66512938839104,0.13699862360954285,-0.002300446885783458,A段 主题
Yin Chengzong,24.56671201814059,21.976708430410085,0.6857590675354004,0.7475322592654265,A段 主题
Yin Chengzong,24.891791383219953,22.26751553629453,0.03472117707133293,-0.06679369471385144,A段 主题
Yin Chengzong,25.193650793650793,22.537550706044367,0.060250308364629745,0.05367207086237613,A段 主题
Yin Chengzong,25.44907029478458,22.766042003525,0.16004176437854767,0.5062447537056868,A段 主题
Yin Chengzong,25.86702947845805,23.13993685394786,0.06858833134174347,-0.17395481081621259,A段 主题
Yin Chengzong,26.192108843537415,23.430743959832302,0.037353940308094025,-0.11252641706960273,A段 主题
Yin Chengzong,26.424308390022677,23.638463321178335,0.07292956858873367,-0.01180870895041153,A段 主题
Yin Chengzong,26.679727891156464,23.86695461865897,0.04098469763994217,-0.21382301238190848,A段 主题
Yin Chengzong,26.958367346938775,24.116217852274204,0.09767862409353256,-0.19223045819671825,A段 主题
Yin Chengzong,27.631746031746033,24.718604000177695,0.05355047062039375,0.7931814943731297,A段 主题
Yin Chengzong,28.003265306122447,25.050954978331344,0.064276784658432,-0.18105364870280027,A段 主题
Yin Chengzong,28.374784580498865,25.383305956484993,0.07411747425794601,0.1047460709742154,A段 主题
Yin Chengzong,28.723083900226758,25.69488499850404,0.08697690069675446,-0.20438771953195098,A段 主题
Yin Chengzong,28.955283446712016,25.90260435985007,0.027670735493302345,0.11981964471488027,A段 主题
Yin Chengzong,29.396462585034012,26.29727114640753,0.048372212797403336,-0.08686285109433808,A段 主题
Yin Chengzong,29.744761904761905,26.60885018842658,0.34136179089546204,-0.056638160094735206,A段 主题
Yin Chengzong,30.00018140589569,26.837341485907213,0.32848629355430603,-0.06530236096295992,A段 主题
Yin Chengzong,30.25560090702948,27.065832783387847,0.3283170461654663,-0.08850817939674015,A段 主题
Yin Chengzong,30.48780045351474,27.273552144733877,0.3740260899066925,-0.13620402096421458,A段 主题
Yin Chengzong,30.72,27.481271506079906,0.18758364021778107,0.12020437898172531,A段 主题
Yin Chengzong,30.998639455782314,27.73053473969515,0.27051764726638794,-0.4180364041530993,A段 主题
Yin Chengzong,31.32371882086168,28.021341845579588,0.0769629254937172,-0.18328616861253977,A段 主题
Yin Chengzong,31.555918367346937,28.229061206925618,0.03712187334895134,0.0556536973817856,A段 主题
Yin Chengzong,31.973877551020408,28.602956057348475,0.10394982248544693,-0.3138438525638776,A段 主题
Yin Chengzong,32.229297052154195,28.83144735482911,0.18025578558444977,-0.12194486043881624,A段 主题
Yin Chengzong,32.46149659863946,29.039166716175142,0.2194288969039917,-0.13378988878685047,A段 主题
Yin Chengzong,32.670476190476194,29.22611414138657,0.09744235873222351,-0.17255175444006451,A段 主题
Yin Chengzong,32.949115646258505,29.47537737500181,0.15075309574604034,-0.8055853517362266,A段 主题
Yin Chengzong,33.22775510204082,29.724640608617044,0.2619255781173706,0.2293127236043801,A段 主题
Yin Chengzong,33.55283446712018,30.015447714501484,0.07188566774129868,-0.4078112866409356,A段 主题
Yin Chengzong,33.761814058956915,30.202395139712916,0.2200372815132141,-0.4816923290491104,A段 主题
Yin Chengzong,33.99401360544218,30.410114501058946,0.26408255100250244,-0.2476677174854558,A段 主题
Yin Chengzong,34.249433106575964,30.63860579853958,0.20687976479530334,0.11138031622976997,A段 主题
Yin Chengzong,34.50485260770975,30.867097096020213,0.25959548354148865,-0.38478295500681264,A段 主题
Yin Chengzong,34.71383219954649,31.054044521231646,0.03515532985329628,-0.4978001977178792,A段 主题
Yin Chengzong,34.969251700680275,31.28253581871228,0.34971147775650024,-0.11540907253220212,A段 主题
Yin Chengzong,35.247891156462586,31.531799052327514,0.4246515929698944,0.49928625048778474,A段 主题
Yin Chengzong,35.54975056689342,31.801834222077353,0.05823906883597374,-0.33195842333952896,A段 主题
Yin Chengzong,35.75873015873016,31.988781647288782,0.19517938792705536,-0.39648702222621063,A段 主题
Yin Chengzong,36.014149659863946,32.21727294476942,0.2970063388347626,-0.3934699299861677,A段 主题
Yin Chengzong,36.26956916099773,32.44576424225005,0.17280574142932892,0.13769848701485898,A段 主题
Yin Chengzong,36.501768707482995,32.65348360359609,0.3030160963535309,-0.4626452879165299,A段 主题
Yin Chengzong,36.73396825396826,32.861202964942116,0.1460578888654709,-0.5220174854002834,A段 主题
Yin Chengzong,36.96616780045351,33.06892232628814,0.3442222476005554,-0.3202747275281581,A段 主题
Yin Chengzong,37.24480725623583,33.318185559903384,0.35818496346473694,0.25836934946710244,A段 主题
Yin Chengzong,37.63954648526077,33.67130847419163,0.026007412001490593,0.10565728371147998,A段 主题
Yin Chengzong,37.98784580498866,33.982887516210674,0.21687975525856018,-0.13260495506983716,A段 主题
Yin Chengzong,38.243265306122446,34.21137881369131,0.18215735256671906,-0.2999651365826139,A段 主题
Yin Chengzong,38.45224489795918,34.39832623890274,0.23054008185863495,-0.19616687277448364,A段 主题
Yin Chengzong,38.66122448979592,34.58527366411417,0.18592968583106995,-0.32521698085474776,A段 主题
Yin Chengzong,38.963083900226756,34.85530883386401,0.18537570536136627,-0.10277000619680621,A段 主题
Yin Chengzong,39.24172335600907,35.104572067479246,0.19075098633766174,-0.0416847520682495,A段 主题
Yin Chengzong,39.7990022675737,35.60309853470972,0.09655505418777466,0.2300233622008818,A段 主题
Yin Chengzong,40.054421768707485,35.83158983219036,0.2103365808725357,-0.08298962493427098,A段 主题
Yin Chengzong,40.333061224489796,36.08085306580559,0.15103651583194733,-0.39472140597354155,A段 主题
Yin Chengzong,40.542040816326534,36.26780049101703,0.19340620934963226,-0.05956348359177354,A段 主题
Yin Chengzong,40.79746031746032,36.49629178849766,0.11704198271036148,-0.04761459276778623,A段 主题
Yin Chengzong,41.05287981859411,36.724783085978295,0.14417998492717743,-0.6948416448722127,A段 主题
Yin Chengzong,41.308299319727894,36.953274383458925,0.20211555063724518,0.24082920426735654,A段 主题
Yin Chengzong,41.56371882086168,37.18176568093956,0.04623646289110184,-0.29847107925888844,A段 主题
Yin Chengzong,41.795918367346935,37.389485042285585,0.25394442677497864,0.07326035811274778,A段 主题
Yin Chengzong,42.05133786848072,37.61797633976622,0.24908503890037537,-0.06293390306382207,A段 主题
Yin Chengzong,42.30675736961451,37.84646763724685,0.11073894798755646,-0.16308340054820292,A段 主题
Yin Chengzong,42.5621768707483,38.0749589347275,0.32184767723083496,-0.2590064936157432,A段 主题
Yin Chengzong,42.91047619047619,38.38653797674654,0.1398390382528305,0.7124661348825612,A段 主题
Yin Chengzong,43.32843537414966,38.760432827169396,0.21582567691802979,-0.0665184725221479,A段 主题
Yin Chengzong,43.56063492063492,38.968152188515425,0.0640927404165268,-0.1907300254970323,A段 主题
Yin Chengzong,43.816054421768705,39.196643485996056,0.22470900416374207,0.05048814546171345,A段 主题
Yin Chengzong,44.04825396825397,39.40436284734209,0.33018267154693604,0.05346512516553048,A段 主题
Yin Chengzong,44.28045351473923,39.61208220868812,0.1923203021287918,-0.003197642581653794,A段 主题
Yin Chengzong,44.535873015873015,39.84057350616875,0.5194517970085144,-0.18283775316376702,A段 主题
Yin Chengzong,44.7912925170068,40.06906480364939,0.08284306526184082,-0.2228962304798187,A段 主题
Yin Chengzong,45.023492063492064,40.27678416499542,0.506771981716156,0.17309752711298634,A段 主题
Yin Chengzong,45.302131519274376,40.52604739861066,0.1908789575099945,0.36666166124632577,A段 主题
Yin Chengzong,45.60399092970521,40.7960825683605,0.054116055369377136,-0.12392380922392475,A段 主题
Yin Chengzong,45.905850340136055,41.06611773811034,0.04488727077841759,0.3524442290654406,A段 主题
Yin Chengzong,46.23092970521542,41.35692484399478,0.11280127614736557,0.030217372113838785,A段 主题
Yin Chengzong,46.439909297052154,41.54387226920621,0.22655382752418518,0.0031329873309005113,A段 主题
Yin Chengzong,46.718548752834465,41.79313550282145,0.15671108663082123,-0.43808559785247775,A段 主题
Yin Chengzong,46.97396825396825,42.02162680030208,0.41810476779937744,-0.08752391149755566,A段 主题
Yin Chengzong,47.67056689342404,42.644784884340176,0.12465737760066986,0.3749387557036243,A段 主题
Yin Chengzong,48.01886621315193,42.956363926359224,0.19952769577503204,-0.300625387171749,A段 主题
Yin Chengzong,48.41360544217687,43.30948684064748,0.09504187107086182,0.3449490635830442,A段 主题
Yin Chengzong,48.64580498866213,43.5172062019935,0.04660511761903763,-0.12695870209427082,A段 主题
Yin Chengzong,48.970884353741496,43.80801330787795,0.7141686081886292,-0.4608976785675622,A段 主题
Yin Chengzong,49.31918367346939,44.119592349897,0.03745419159531593,-0.3436166978644905,A段 主题
Yin Chengzong,49.55138321995465,44.32731171124303,0.095770925283432,0.8112231054838048,A段 主题
Yin Chengzong,49.87646258503401,44.61811881712747,0.03503980487585068,-0.09047742569237016,A段 主题
Yin Chengzong,50.29442176870748,44.992013667550324,0.10132189095020294,0.7109276313713053,A段 主题
Yin Chengzong,50.61950113378685,45.28282077343477,0.04668588936328888,-0.4195016252197092,A段 主题
Yin Chengzong,50.944580498866216,45.57362787931922,0.3477548658847809,0.014178599303704688,A段 主题
Yin Chengzong,51.26965986394558,45.86443498520366,0.03834372013807297,-0.3485427816485754,A段 主题
Yin Chengzong,51.66439909297052,46.21755789949191,0.2968462407588959,-0.4029421190352877,A段 主题
Yin Chengzong,51.919818594104306,46.446049196972545,0.2779406011104584,-0.41778245868044905,A段 主题
Yin Chengzong,52.17523809523809,46.674540494453176,0.05704309418797493,0.3422570811380865,A段 主题
Yin Chengzong,52.569977324263036,47.027663408741425,0.05404610559344292,-0.545216884529509,A段 主题
Yin Chengzong,52.895056689342404,47.31847051462587,0.12446969747543335,-0.27838414898724295,A段 主题
Yin Chengzong,53.15047619047619,47.54696181210651,0.07456036657094955,-0.3469196850346634,A段 主题
Yin Chengzong,53.54521541950113,47.90008472639476,0.3150041401386261,-0.05149915632500778,A段 主题
Yin Chengzong,53.80063492063492,48.1285760238754,0.1400139182806015,-0.13759993416897487,A段 主题
Yin Chengzong,54.03283446712018,48.336295385221426,0.0781375989317894,0.3161097582051297,A段 主题
Yin Chengzong,54.4043537414966,48.668646363375075,0.12227236479520798,-0.4529259604169055,A段 主题
Yin Chengzong,54.72943310657596,48.959453469259515,0.20454029738903046,0.1661717029492138,A段 主题
Yin Chengzong,55.077732426303854,49.27103251127856,0.04301897808909416,0.1651354006753536,A段 主题
Yin Chengzong,55.42603174603175,49.58261155329761,0.14119987189769745,-0.28854347292508464,A段 主题
Yin Chengzong,55.68145124716553,49.81110285077825,0.13405926525592804,-0.21564619419223163,A段 主题
Yin Chengzong,56.14585034013606,50.226541573470314,0.13652268052101135,-0.148378257836157,A段 主题
Yin Chengzong,56.610249433106574,50.641980296162366,0.31543275713920593,0.22991995811025842,A段 主题
Yin Chengzong,56.888888888888886,50.891243529777604,0.4492189586162567,-0.037087777491251465,A段 主题
Yin Chengzong,57.09786848072562,51.07819095498903,0.10159514844417572,-0.32006872152123833,A段 主题
Yin Chengzong,57.35328798185941,51.30668225246967,0.38023531436920166,-0.5700128072930966,A段 主题
Yin Chengzong,57.58548752834467,51.5144016138157,0.40784764289855957,-0.48476389656570973,A段 主题
Yin Chengzong,57.817687074829934,51.72212097516174,0.4502604305744171,-1.098155514409882,A段 主题
Yin Chengzong,58.049886621315196,51.929840336507766,0.36082983016967773,-0.5506866171344882,A段 主题
Yin Chengzong,58.30530612244898,52.158331633988404,0.09275753051042557,-0.26788539453264093,A段 主题
Yin Chengzong,58.56072562358277,52.386822931469034,0.6546449065208435,-0.7108466881618368,A段 主题
Yin Chengzong,58.7697052154195,52.573770356680456,0.1457192301750183,-0.039035334521031466,A段 主题
Yin Chengzong,58.978684807256236,52.76071778189189,0.09817644953727722,-0.05813235111418179,A段 主题
Yin Chengzong,59.2108843537415,52.96843714323792,0.5835580825805664,-1.303551752334897,A段 主题
Yin Chengzong,59.44308390022676,53.17615650458395,0.3772585093975067,-0.11770595738198607,A段 主题
Yin Chengzong,59.72172335600907,53.42541973819919,0.2247263789176941,0.17523331625852737,A段 主题
Yin Chengzong,59.953922902494334,53.63313909954522,0.3965246379375458,-0.5595188467850675,A段 主题
Yin Chengzong,60.18612244897959,53.84085846089125,0.20664642751216888,-0.5647049687468098,A段 主题
Yin Chengzong,60.46476190476191,54.090121694506486,0.4728671610355377,-0.09451005535083823,A段 主题
Yin Chengzong,60.69696145124716,54.297841055852516,0.3901634216308594,-1.1134695341752376,A段 主题
Yin Chengzong,60.97560090702948,54.547104289467754,0.10418208688497543,-0.02336791494599311,A段 主题
Yin Chengzong,61.18458049886621,54.73405171467918,0.5290265679359436,-0.4300849097489845,A段 主题
Yin Chengzong,61.44,54.96254301215981,0.37794187664985657,-0.5595424345301581,A段 主题
Yin Chengzong,61.881179138322,55.35720979871728,0.5265763401985168,-1.1519305118781629,A段 主题
Yin Chengzong,62.27591836734694,55.71033271300553,0.2557030916213989,0.4981531830708263,A段 主题
Yin Chengzong,62.531337868480726,55.938824010486165,0.3017829656600952,-0.0016739697457524038,A段 主题
Yin Chengzong,62.74031746031746,56.125771435697594,0.2418774962425232,0.08042329354793765,A段 主题
Yin Chengzong,63.135056689342406,56.47889434998584,0.08653824031352997,-0.1811223759432323,A段 主题
Yin Chengzong,63.55301587301587,56.8527892004087,0.08703161031007767,-0.1390534014717559,A段 主题
Yin Chengzong,63.831655328798185,57.10205243402394,0.11860574781894684,0.07038574731268453,A段 主题
Yin Chengzong,64.31927437641724,57.538263092850606,0.3325527012348175,0.3899673771229572,A段 主题
Yin Chengzong,64.55147392290249,57.74598245419663,0.24683673679828644,-0.5096219916595146,A段 主题
Yin Chengzong,64.76045351473923,57.93292987940806,0.3646335005760193,-1.2753198820064429,A段 主题
Yin Chengzong,64.99265306122449,58.14064924075409,0.20735633373260498,0.2874590210922179,A段 主题
Yin Chengzong,65.24807256235827,58.369140538234724,0.4203847646713257,-0.478622002992779,A段 主题
Yin Chengzong,65.48027210884354,58.576859899580754,0.07578139752149582,-0.1176778278022539,A段 主题
Yin Chengzong,65.7124716553288,58.78457926092679,0.10601906478404999,-0.3262312729930272,A段 主题
Yin Chengzong,65.92145124716554,58.97152668613822,0.5286349058151245,-1.0442988288559718,A段 主题
Yin Chengzong,66.20009070294785,59.22078991975346,0.289167195558548,-0.5343982458725804,A段 主题
Yin Chengzong,66.47873015873016,59.47005315336869,0.07634244114160538,-0.029954220735817213,A段 主题
Yin Chengzong,66.82702947845804,59.78163219538773,0.3578146994113922,0.004813997111341449,A段 主题
Yin Chengzong,67.08244897959183,60.01012349286837,0.20439653098583221,-0.23235436237882817,A段 主题
Yin Chengzong,67.3146485260771,60.217842854214396,0.07984805852174759,-0.00834693710203282,A段 主题
Yin Chengzong,67.54684807256236,60.42556221556043,0.10204023122787476,-0.2989469481690321,A段 主题
Yin Chengzong,67.77904761904762,60.63328157690646,0.22008296847343445,0.6929515579031431,A段 主题
Yin Chengzong,68.0344671201814,60.8617728743871,0.5052729249000549,-0.6217311940417857,B段 抒情
Yin Chengzong,68.26666666666667,61.06949223573313,0.040034204721450806,-0.13018401587032713,B段 抒情
Yin Chengzong,68.52208616780045,61.29798353321376,0.37294209003448486,-1.2903218865176314,B段 抒情
Yin Chengzong,68.77750566893424,61.5264748306944,0.4285137355327606,-0.6229005732166114,B段 抒情
Yin Chengzong,69.0097052154195,61.73419419204043,0.4198090732097626,-0.7815133416443131,B段 抒情
Yin Chengzong,69.24190476190476,61.94191355338646,0.328360915184021,-1.2557258534798164,B段 抒情
Yin Chengzong,69.47410430839003,62.14963291473249,0.4515168070793152,0.0393171842006268,B段 抒情
Yin Chengzong,69.68308390022676,62.33658033994392,0.06297909468412399,0.032044557156041265,B段 抒情
Yin Chengzong,69.96172335600907,62.58584357355916,0.23239727318286896,0.1421882796421414,B段 抒情
Yin Chengzong,70.24036281179139,62.8351068071744,0.25835785269737244,-0.03570634544303174,B段 抒情
Yin Chengzong,70.47256235827665,63.04282616852043,0.08210296183824539,-0.4236085094817098,B段 抒情
Yin Chengzong,70.75120181405896,63.292089402135666,0.18425299227237701,0.0034867500289692496,B段 抒情
Yin Chengzong,70.98340136054422,63.499808763481695,0.15487338602542877,-0.034872389733209275,B段 抒情
Yin Chengzong,71.21560090702948,63.707528124827725,0.11997736245393753,-0.2942034545412752,B段 抒情
Yin Chengzong,71.42458049886622,63.89447555003916,0.14103974401950836,0.05303608413669281,B段 抒情
Yin Chengzong,71.68,64.12296684751979,0.15082916617393494,-0.2125236160281929,B段 抒情
Yin Chengzong,71.9354195011338,64.35145814500042,0.2136082500219345,-0.3342596437505563,B段 抒情
Yin Chengzong,72.2140589569161,64.60072137861566,0.24997158348560333,0.16043934228946452,B段 抒情
Yin Chengzong,72.51591836734694,64.8707565483655,0.1590096652507782,-0.1266991032025544,B段 抒情
Yin Chengzong,72.77133786848073,65.09924784584614,0.11913967877626419,0.15301420280593447,B段 抒情
Yin Chengzong,73.00353741496599,65.30696720719217,0.1534120738506317,0.014857292262604446,B段 抒情
Yin Chengzong,73.3750566893424,65.63931818534581,0.060788433998823166,0.4875857051956699,B段 抒情
Yin Chengzong,73.60725623582766,65.84703754669184,0.06334874033927917,-0.2514938980311853,B段 抒情
Yin Chengzong,73.83945578231292,66.05475690803787,0.19615669548511505,-0.21037954538769554,B段 抒情
Yin Chengzong,74.07165532879819,66.26247626938391,0.08795041590929031,0.10841021612577606,B段 抒情
Yin Chengzong,74.41995464852607,66.57405531140294,0.09570936113595963,-0.16617371220490895,B段 抒情
Yin Chengzong,74.65215419501133,66.78177467274898,0.2848966717720032,0.012371166849334253,B段 抒情
Yin Chengzong,75.07011337868481,67.15566952317184,0.10738854855298996,-0.09492670851614092,B段 抒情
Yin Chengzong,75.27909297052155,67.34261694838327,0.04566376283764839,-0.04705254359578248,B段 抒情
Yin Chengzong,75.55773242630386,67.5918801819985,0.11704247444868088,0.0938945737289032,B段 抒情
Yin Chengzong,75.8595918367347,67.86191535174835,0.22607572376728058,-0.12096063073840922,B段 抒情
Yin Chengzong,76.138231292517,68.11117858536358,0.28299975395202637,-0.21338957849366125,B段 抒情
Yin Chengzong,76.34721088435374,68.29812601057502,0.06508836895227432,-0.22972879996814297,B段 抒情
Yin Chengzong,76.62585034013605,68.54738924419024,0.16406147181987762,0.03634774111560546,B段 抒情
Yin Chengzong,76.88126984126984,68.77588054167089,0.1994999647140503,-0.22590109911106987,B段 抒情
Yin Chengzong,77.09024943310658,68.96282796688232,0.055174365639686584,-0.18392730453342662,B段 抒情
Yin Chengzong,77.36888888888889,69.21209120049755,0.13712862133979797,0.2414166479866253,B段 抒情
Yin Chengzong,77.71718820861678,69.52367024251659,0.1404857635498047,0.23431627450918313,B段 抒情
Yin Chengzong,77.94938775510204,69.73138960386262,0.1440085470676422,0.13446909360936843,B段 抒情
Yin Chengzong,78.15836734693877,69.91833702907405,0.03717038780450821,-0.1407165953423828,B段 抒情
Yin Chengzong,78.50666666666666,70.2299160710931,0.06782940030097961,-0.00017652419046499144,B段 抒情
Yin Chengzong,78.87818594104309,70.56226704924676,0.4173089563846588,-0.3255673400417436,B段 抒情
Yin Chengzong,79.13360544217687,70.79075834672739,0.1949387937784195,0.13764943214482628,B段 抒情
Yin Chengzong,79.34258503401361,70.97770577193882,0.21621081233024597,-0.46688430556969246,B段 抒情
Yin Chengzong,79.55156462585035,71.16465319715024,0.11427964270114899,-0.18777526602207215,B段 抒情
Yin Chengzong,79.83020408163266,71.41391643076548,0.10047107934951782,-0.015142545453272758,B段 抒情
Yin Chengzong,80.06240362811792,71.62163579211152,0.17999610304832458,-0.09245040782843716,B段 抒情
Yin Chengzong,80.48036281179138,71.99553064253436,0.18974189460277557,0.33877685164043214,B段 抒情
Yin Chengzong,80.73578231292517,72.22402194001499,0.32169532775878906,0.13370031265367285,B段 抒情
Yin Chengzong,81.037641723356,72.49405710976484,0.04408632591366768,-0.18744139342743438,B段 抒情
Yin Chengzong,81.40916099773243,72.8264080879185,0.38873839378356934,-0.3792044017245643,B段 抒情
Yin Chengzong,81.66458049886621,73.05489938539912,0.25097957253456116,-0.12947389295732137,B段 抒情
Yin Chengzong,81.87356009070295,73.24184681061055,0.04504094645380974,-0.15521276782237692,B段 抒情
Yin Chengzong,82.12897959183674,73.47033810809118,0.08356819301843643,0.831053702859208,B段 抒情
Yin Chengzong,82.43083900226758,73.74037327784103,0.0367828905582428,0.3192252122971695,B段 抒情
Yin Chengzong,82.68625850340136,73.96886457532166,0.09977281093597412,0.14937277446733788,B段 抒情
Yin Chengzong,82.91845804988662,74.1765839366677,0.1326770931482315,-0.04428040483617223,B段 抒情
Yin Chengzong,83.15065759637189,74.38430329801372,0.14888328313827515,0.024230042254202996,B段 抒情
Yin Chengzong,83.35963718820862,74.57125072322515,0.10987982898950577,0.14686428366985638,B段 抒情
Yin Chengzong,83.82403628117913,74.98668944591721,0.3336390554904938,-0.08750865490583236,B段 抒情
Yin Chengzong,84.12589569160998,75.25672461566705,0.06182873994112015,0.1522962644230574,B段 抒情
Yin Chengzong,84.42775510204082,75.5267597854169,0.34605467319488525,-0.5143109527125489,B段 抒情
Yin Chengzong,84.63673469387756,75.71370721062833,0.11539512872695923,-0.2290922402607975,B段 抒情
Yin Chengzong,84.89215419501134,75.94219850810896,0.2981733977794647,-0.20965933799743652,B段 抒情
Yin Chengzong,85.37977324263039,76.37840916693563,0.3053205907344818,-0.12678696803050116,B段 抒情
Yin Chengzong,85.58875283446712,76.56535659214704,0.09011220932006836,-0.26711473037721584,B段 抒情
Yin Chengzong,85.86739229024943,76.81461982576228,0.11085916310548782,-0.018014551096712246,华彩
Yin Chengzong,86.23891156462585,77.14697080391593,0.09813813120126724,-0.23774018372932912,华彩
Yin Chengzong,86.51755102040816,77.39623403753117,0.14834992587566376,-0.19353324278199577,华彩
Yin Chengzong,86.79619047619047,77.64549727114641,0.2175518423318863,0.05662198673235252,华彩
Yin Chengzong,87.14448979591836,77.95707631316544,0.17677724361419678,0.2529639168642462,华彩
Yin Chengzong,87.44634920634921,78.2271114829153,0.05666313320398331,0.028260998806217685,华彩
Yin Chengzong,87.65532879818593,78.41405890812672,0.06665180623531342,-0.09029961038322652,华彩
Yin Chengzong,87.91074829931972,78.64255020560735,0.16636410355567932,-0.08201227101380937,华彩
Yin Chengzong,88.16616780045351,78.87104150308798,0.09937375783920288,-0.04676282114814966,华彩
Yin Chengzong,88.39836734693877,79.07876086443402,0.19886508584022522,-0.19560509863367767,华彩
Yin Chengzong,88.63056689342403,79.28648022578005,0.23038803040981293,-0.21827751697856002,华彩
Yin Chengzong,88.8627664399093,79.49419958712608,0.08931764960289001,-0.20393852100824006,华彩
Yin Chengzong,89.18784580498867,79.78500669301053,0.18705153465270996,0.15613279683748263,华彩
Yin Chengzong,89.4897052154195,80.05504186276038,0.06064813211560249,0.0614503809629241,华彩
Yin Chengzong,89.74512471655329,80.283533160241,0.10504001379013062,0.007104827454895707,华彩
Yin Chengzong,90.37206349206349,80.84437543587528,0.11065249145030975,-0.06307479161478113,华彩
Yin Chengzong,90.62748299319728,81.07286673335592,0.1005101352930069,0.046768069660174647,华彩
Yin Chengzong,90.85968253968254,81.28058609470195,0.08584702759981155,0.024031209977692924,华彩
Yin Chengzong,91.16154195011337,81.55062126445179,0.10824430733919144,0.07815784629201515,华彩
Yin Chengzong,91.46340136054421,81.82065643420162,0.3407559096813202,-0.4579414446197915,华彩
Yin Chengzong,91.71882086167801,82.04914773168227,0.09800215810537338,0.02181108175136614,华彩
Yin Chengzong,91.9742403628118,82.27763902916291,0.22640463709831238,-0.9358741659525548,华彩
Yin Chengzong,92.27609977324263,82.54767419891274,0.2083675116300583,-0.25042730221684906,华彩
Yin Chengzong,92.601179138322,82.83848130479718,0.07559392601251602,-0.04705791052401764,华彩
Yin Chengzong,92.94947845804988,83.15006034681623,0.04593596234917641,0.008900625516616856,华彩
Yin Chengzong,93.39065759637188,83.54472713337368,0.18938657641410828,0.5884293126655393,华彩
Yin Chengzong,93.78539682539683,83.89785004766195,0.11336283385753632,-0.05207705034990794,华彩
Yin Chengzong,93.99437641723355,84.08479747287336,0.09861287474632263,-0.061123139676055864,华彩
Yin Chengzong,94.22657596371882,84.2925168342194,0.19285863637924194,-0.36561148517648684,华彩
Yin Chengzong,94.50521541950113,84.54178006783464,0.17278096079826355,-0.38629573355137836,华彩
Yin Chengzong,94.78385487528345,84.79104330144988,0.0928451269865036,0.39543529528600624,华彩
Yin Chengzong,95.17859410430839,85.14416621573812,0.0929654911160469,-0.13726865145144984,华彩
Yin Chengzong,95.43401360544217,85.37265751321875,0.18668948113918304,-0.25970295282604633,华彩
Yin Chengzong,95.71265306122449,85.621920746834,0.42016997933387756,-0.138301279002917,华彩
Yin Chengzong,96.01451247165532,85.89195591658384,0.27736696600914,-0.23144537663029038,华彩
Yin Chengzong,96.31637188208617,86.16199108633369,0.06913241744041443,0.04019900679850252,华彩
Yin Chengzong,96.57179138321996,86.39048238381432,0.15643338859081268,-0.29309611018106807,华彩
Yin Chengzong,97.05941043083901,86.82669304264098,0.05022755265235901,-0.25390672381035984,华彩
Yin Chengzong,97.36126984126984,87.09672821239083,0.05560186877846718,0.5122793297232419,华彩
Yin Chengzong,97.5934693877551,87.30444757373685,0.44860178232192993,0.23090804206731264,华彩
Yin Chengzong,97.89532879818594,87.5744827434867,0.06836069375276566,-0.21359988568292462,华彩
Yin Chengzong,98.19718820861678,87.84451791323653,0.2075745165348053,0.3870955013553612,华彩
Yin Chengzong,98.54548752834467,88.15609695525558,0.2680497169494629,-0.14123665641818658,华彩
Yin Chengzong,98.82412698412699,88.40536018887082,0.049339659512043,-0.035521218887879534,华彩
Yin Chengzong,99.26530612244898,88.80002697542827,0.10084172338247299,-0.21754076187789903,华彩
Yin Chengzong,99.54394557823129,89.0492902090435,0.2753186523914337,0.026921910102828395,华彩
Yin Chengzong,99.89224489795919,89.36086925106257,0.2081911712884903,-0.2896576395869488,华彩
Yin Chengzong,100.12444444444445,89.56858861240859,0.05422374606132507,-0.16209152345254552,华彩
Yin Chengzong,100.37986394557824,89.79707990988923,0.1328604519367218,-0.2298681643878808,华彩
Yin Chengzong,100.58884353741496,89.98402733510065,0.1539379209280014,-0.1861353008280275,华彩
Yin Chengzong,101.07646258503401,90.42023799392732,0.13199886679649353,-0.34893557203758974,华彩
Yin Chengzong,101.30866213151927,90.62795735527334,0.1840764880180359,-0.23469060724892185,华彩
Yin Chengzong,101.7730612244898,91.04339607796541,0.18044765293598175,-0.1719816988043021,华彩
Yin Chengzong,102.0517006802721,91.29265931158065,0.06320304423570633,-0.1711847347905859,华彩
Yin Chengzong,102.42321995464853,91.6250102897343,0.16861280798912048,-0.1985352962947218,华彩
Yin Chengzong,102.70185941043084,91.87427352334954,0.1257484257221222,-0.12135694305470676,华彩
Yin Chengzong,102.9340589569161,92.08199288469557,0.27107205986976624,0.16124182220664804,华彩
Yin Chengzong,103.21269841269842,92.3312561183108,0.10332930833101273,-0.19051703675359022,华彩
Yin Chengzong,103.74675736961451,92.80901064940667,0.13722975552082062,-0.37463375374500174,华彩
Yin Chengzong,104.04861678004535,93.07904581915652,0.03999828174710274,-0.11386632322682998,华彩
Yin Chengzong,104.30403628117914,93.30753711663715,0.04265928268432617,-0.514811830362305,华彩
Yin Chengzong,104.58267573696145,93.55680035025239,0.16960440576076508,-0.36175435598124744,华彩
Yin Chengzong,104.83809523809524,93.78529164773302,0.3338547348976135,-0.25157866875815676,华彩
Yin Chengzong,105.09351473922902,94.01378294521365,0.07830836623907089,0.09496196216787212,华彩
Yin Chengzong,105.34893424036281,94.2422742426943,0.29304569959640503,-0.016758598212618377,华彩
Yin Chengzong,105.6043537414966,94.47076554017492,0.06530146300792694,0.18209642948932014,华彩
Yin Chengzong,105.8829931972789,94.72002877379016,0.44276198744773865,-0.13360596167331093,华彩
Yin Chengzong,106.11519274376417,94.92774813513618,0.030029498040676117,-0.016644208153593347,华彩
Yin Chengzong,106.50993197278912,95.28087104942445,0.05646338313817978,-0.23639964347239584,华彩
Yin Chengzong,106.74213151927438,95.48859041077048,0.14622880518436432,-0.2916129968070891,华彩
Yin Chengzong,106.95111111111112,95.67553783598191,0.09301958233118057,0.24549721711082378,华彩
Yin Chengzong,107.27619047619048,95.96634494186635,0.05411955341696739,-0.20031665044371036,华彩
Yin Chengzong,107.60126984126984,96.2571520477508,0.22197875380516052,-0.2833084603480529,华彩
Yin Chengzong,107.81024943310658,96.44409947296222,0.045115988701581955,-0.29637864190590335,华彩
Yin Chengzong,108.08888888888889,96.69336270657746,0.40667521953582764,0.33443393331253896,华彩
Yin Chengzong,108.53006802721089,97.08802949313491,0.047094229608774185,-0.08147783191816416,华彩
Yin Chengzong,108.8087074829932,97.33729272675015,0.051995355635881424,-0.1620082119188737,华彩
Yin Chengzong,109.20344671201813,97.6904156410384,0.2775977849960327,-0.09433727464056574,华彩
Yin Chengzong,109.45886621315192,97.91890693851903,0.14889098703861237,-0.199987415180658,华彩
Yin Chengzong,109.71428571428571,98.14739823599967,0.27096885442733765,-0.2192951324104797,华彩
Yin Chengzong,109.99292517006803,98.39666146961491,0.0787004753947258,0.2794078380247811,华彩
Yin Chengzong,110.24834467120182,98.62515276709556,0.1511334329843521,-0.2355801192607032,华彩
Yin Chengzong,110.45732426303854,98.81210019230697,0.04016966372728348,-0.04445210070116444,华彩
Yin Chengzong,110.7591836734694,99.08213536205682,0.04534725099802017,-0.016292084183078256,华彩
Yin Chengzong,110.96816326530612,99.26908278726823,0.15831968188285828,-0.16992156233754938,华彩
Yin Chengzong,111.2235827664399,99.49757408474888,0.1126629039645195,-0.006404964733519588,华彩
Yin Chengzong,111.45578231292517,99.7052934460949,0.11860735714435577,-0.015059295037644912,华彩
Yin Chengzong,111.68798185941043,99.91301280744094,0.1459842473268509,0.1577007344167214,华彩
Yin Chengzong,111.89696145124717,100.09996023265236,0.11766863614320755,-0.2547046045947354,华彩
Yin Chengzong,112.17560090702948,100.3492234662676,0.33153948187828064,0.052925177806173444,华彩
Yin Chengzong,112.50068027210884,100.64003057215204,0.38545939326286316,-0.5199048351641977,华彩
Yin Chengzong,112.77931972789116,100.8892938057673,0.05267973989248276,0.41091408165812027,华彩
Yin Chengzong,113.01151927437641,101.0970131671133,0.27686807513237,-0.5061763473349855,华彩
Yin Chengzong,113.2669387755102,101.32550446459395,0.3245061933994293,-0.050226968960487284,华彩
Yin Chengzong,113.52235827664398,101.55399576207458,0.2461399883031845,-0.4484757875616196,华彩
Yin Chengzong,113.75455782312925,101.76171512342061,0.3175482451915741,-0.15683559322496876,华彩
Yin Chengzong,113.98675736961451,101.96943448476664,0.0372452586889267,0.051766318574664176,华彩
Yin Chengzong,114.26539682539682,102.21869771838188,0.25753623247146606,-0.4142259080254006,华彩
Yin Chengzong,114.56725623582767,102.48873288813172,0.3761211037635803,-0.23214473512780387,华彩
Yin Chengzong,114.7762358276644,102.67568031334315,0.07311293482780457,-0.10781528544612229,华彩
Yin Chengzong,115.03165532879818,102.90417161082378,0.3803459703922272,-0.5427007119578775,华彩
Yin Chengzong,115.26385487528344,103.11189097216982,0.44140368700027466,0.10746478110377211,华彩
Yin Chengzong,115.51927437641723,103.34038226965045,0.22606658935546875,-0.2173087959818076,华彩
Yin Chengzong,115.77469387755102,103.56887356713108,0.23935392498970032,-0.48186527019424824,华彩
Yin Chengzong,115.98367346938775,103.7558209923425,0.04114798083901405,0.13225446600699794,华彩
Yin Chengzong,116.26231292517006,104.00508422595775,0.3171798288822174,-0.6219613569555803,华彩
Yin Chengzong,116.51773242630385,104.23357552343838,0.36873531341552734,0.04117349963053129,华彩
Yin Chengzong,116.84281179138323,104.52438262932283,0.027026645839214325,-0.021408840984804552,华彩
Yin Chengzong,117.19111111111111,104.83596167134188,0.49605172872543335,-0.014791261855862103,华彩
Yin Chengzong,117.4465306122449,105.06445296882251,0.12843963503837585,-0.2487521272996673,华彩
Yin Chengzong,117.65551020408164,105.25140039403394,0.3399162292480469,0.13180728819861542,华彩
Yin Chengzong,117.91092970521542,105.47989169151457,0.14270809292793274,-0.33808488078648224,华彩
Yin Chengzong,118.14312925170069,105.6876110528606,0.1337449550628662,-0.34905194079328794,华彩
Yin Chengzong,118.37532879818595,105.89533041420664,0.04072796553373337,0.15876251527515703,华彩
Yin Chengzong,118.65396825396826,106.14459364782188,0.05740540102124214,0.10983389220200478,华彩
Yin Chengzong,119.07192743764172,106.51848849824472,0.1761019229888916,-0.2973951151943765,华彩
Yin Chengzong,119.35056689342403,106.76775173185996,0.12289555370807648,-0.25701713566377293,华彩
Yin Chengzong,119.58276643990929,106.97547109320598,0.14579419791698456,-0.09099370508920401,华彩
Yin Chengzong,119.79174603174603,107.16241851841743,0.08729942888021469,-0.5873062800674234,华彩
Yin Chengzong,120.07038548752834,107.41168175203265,0.3065611720085144,-0.16345098738383965,华彩
Yin Chengzong,120.32580498866213,107.6401730495133,0.19483637809753418,-0.22451795193774157,华彩
Yin Chengzong,120.55800453514739,107.84789241085932,0.0734153538942337,-0.06703829676553143,华彩
Yin Chengzong,120.81342403628118,108.07638370833996,0.11622276157140732,-0.3997551568318158,华彩
Yin Chengzong,121.06884353741496,108.30487500582059,0.1630135327577591,-0.106547254108591,华彩
Yin Chengzong,121.30104308390023,108.51259436716663,0.2260170578956604,0.09313761147495825,华彩
Yin Chengzong,121.55646258503401,108.74108566464726,0.22537720203399658,-0.40177021874114865,华彩
Yin Chengzong,121.76544217687075,108.92803308985869,0.1370030790567398,-0.16014156753954012,华彩
Yin Chengzong,122.02086167800454,109.15652438733932,0.3485409617424011,-0.28392990097927395,华彩
Yin Chengzong,122.29950113378685,109.40578762095456,0.30345404148101807,0.037573524605249986,华彩
Yin Chengzong,122.53170068027211,109.61350698230059,0.05098124220967293,0.27763848593167495,华彩
Yin Chengzong,123.01931972789116,110.04971764112726,0.2587217092514038,-0.07115388652891852,华彩
Yin Chengzong,123.25151927437642,110.25743700247328,0.14684605598449707,0.2673771406989544,华彩
Yin Chengzong,123.5069387755102,110.48592829995393,0.26301831007003784,-0.2964417577459244,华彩
Yin Chengzong,123.83201814058957,110.77673540583837,0.05205278843641281,0.5895404692637385,华彩
Yin Chengzong,124.08743764172335,111.005226703319,0.06285439431667328,-0.15176521737885193,华彩
Yin Chengzong,124.45895691609978,111.33757768147265,0.04423244670033455,0.5122427104652161,华彩
Yin Chengzong,124.6679365079365,111.52452510668407,0.23084869980812073,-0.2919890714110806,华彩
Yin Chengzong,124.92335600907029,111.7530164041647,0.3064311742782593,-0.13411750442173798,华彩
Yin Chengzong,125.15555555555555,111.96073576551073,0.1933966875076294,0.12971766991540792,华彩
Yin Chengzong,125.38775510204081,112.16845512685677,0.3239842355251312,-0.46791220411250833,华彩
Yin Chengzong,125.6431746031746,112.3969464243374,0.12703914940357208,-0.23426369007211176,华彩
Yin Chengzong,125.92181405895691,112.64620965795264,0.21430444717407227,0.2344577475014375,华彩
Yin Chengzong,126.50231292517007,113.16550806131772,0.03203114494681358,-0.03205693355994295,华彩
Yin Chengzong,126.75773242630386,113.39399935879835,0.05312223359942436,-0.1689932174485875,华彩
Yin Chengzong,127.12925170068027,113.726350336952,0.10331346094608307,-0.0993188306892989,华彩
Yin Chengzong,127.38467120181406,113.95484163443264,0.13991819322109222,0.16432188895123542,华彩
Yin Chengzong,127.66331065759637,114.20410486804788,0.08652939647436142,-0.1596288482687669,华彩
Yin Chengzong,127.91873015873016,114.43259616552851,0.07502632588148117,-0.09606026105757337,华彩
Yin Chengzong,128.19736961451247,114.68185939914375,0.4716387093067169,-0.02673498820513486,华彩
Yin Chengzong,128.61532879818594,115.0557542495666,0.4619031548500061,-0.031621200105291784,华彩
Yin Chengzong,128.8475283446712,115.26347361091263,0.18798552453517914,0.018351953258388686,华彩
Yin Chengzong,129.14938775510205,115.53350878066249,0.13538482785224915,0.07389462589344475,华彩
Yin Chengzong,129.35836734693876,115.72045620587389,0.1193796694278717,0.015123621778911913,华彩
Yin Chengzong,129.68344671201814,116.01126331175834,0.05393875017762184,-0.44995069965807477,华彩
Yin Chengzong,129.91564625850341,116.21898267310439,0.1824222356081009,-0.07363900731434113,华彩
Yin Chengzong,130.12462585034012,116.40593009831579,0.047081705182790756,0.019906842135242186,华彩
Yin Chengzong,130.3568253968254,116.61364945966183,0.0474613793194294,0.29366886265052017,华彩
Yin Chengzong,130.58902494331065,116.82136882100785,0.11331582069396973,-0.05497133352037053,华彩
Yin Chengzong,130.91410430839002,117.1121759268923,0.21361586451530457,-0.06975755313760601,华彩
Yin Chengzong,131.12308390022676,117.29912335210373,0.15278440713882446,-0.5933907914368319,华彩
Yin Chengzong,131.40172335600906,117.54838658571896,0.16906170547008514,-0.05676544606103561,华彩
Yin Chengzong,131.72680272108843,117.83919369160341,0.08866225183010101,0.03638969101302791,华彩
Yin Chengzong,132.07510204081632,118.15077273362246,0.09715968370437622,0.06918969011167063,华彩
Yin Chengzong,132.3073015873016,118.3584920949685,0.13390511274337769,-0.10308028722647578,华彩
Yin Chengzong,132.5859410430839,118.60775532858372,0.04792899638414383,0.25357854283356573,华彩
Yin Chengzong,132.86458049886622,118.85701856219897,0.06472770124673843,-0.1824180784751661,华彩
Yin Chengzong,133.2128798185941,119.16859760421802,0.12081689387559891,-0.16109297685034107,华彩
Yin Chengzong,133.44507936507935,119.37631696556403,0.12309712171554565,0.5875530823686858,华彩
Yin Chengzong,133.74693877551022,119.6463521353139,0.067618228495121,0.2666190783202182,华彩
Yin Chengzong,134.04879818594105,119.91638730506374,0.22688919305801392,-0.2601668235001853,华彩
Yin Chengzong,134.2809977324263,120.12410666640976,0.0621558353304863,-0.2537103362556081,华彩
Yin Chengzong,134.5364172335601,120.35259796389039,0.057185545563697815,-0.007923778684926221,华彩
Yin Chengzong,134.74539682539682,120.53954538910182,0.1399422287940979,-0.09442736263736151,华彩
Yin Chengzong,135.02403628117915,120.78880862271707,0.15784400701522827,0.024363783813896582,华彩
Yin Chengzong,135.32589569161,121.0588437924669,0.15535524487495422,0.004928941052639862,华彩
Yin Chengzong,135.58131519274377,121.28733508994755,0.10266174376010895,-0.23473672845284452,华彩
Yin Chengzong,135.83673469387756,121.51582638742818,0.11090640723705292,-0.0809285105788149,华彩
Yin Chengzong,136.25469387755103,121.88972123785103,0.17991061508655548,-0.2564828875620151,华彩
Yin Chengzong,136.46367346938774,122.07666866306243,0.029815280809998512,-0.2919037086030585,华彩
Yin Chengzong,136.90485260770976,122.47133544961991,0.06762681156396866,-0.06351956337766751,华彩
Yin Chengzong,137.27637188208618,122.80368642777357,0.6387600898742676,-0.4490856463235104,华彩
Yin Chengzong,137.57823129251702,123.0737215975234,0.3912574052810669,-0.32447351804876234,华彩
Yin Chengzong,137.9265306122449,123.38530063954245,0.03597848489880562,-0.15201271871774222,华彩
Yin Chengzong,138.1819501133787,123.61379193702308,0.6461350917816162,-0.04631898191291838,华彩
Yin Chengzong,138.41414965986394,123.8215112983691,0.04862406477332115,-0.3510066639137221,华彩
Yin Chengzong,138.6463492063492,124.02923065971515,0.05534454807639122,0.007232082862174133,华彩
Yin Chengzong,138.85532879818595,124.21617808492658,0.1720292717218399,0.2340877808819641,华彩
Yin Chengzong,139.2500680272109,124.56930099921483,0.05289966240525246,0.13939991786173775,华彩
Yin Chengzong,139.50548752834467,124.79779229669546,0.21351070702075958,0.3610892465076176,华彩
Yin Chengzong,139.85378684807256,125.1093713387145,0.04116690158843994,0.21277027699397877,华彩
Yin Chengzong,140.08598639455784,125.31709070006055,0.040766939520835876,-0.19783005518547722,华彩
Yin Chengzong,140.36462585034013,125.56635393367577,0.1126396581530571,-0.09275031789002242,华彩
Yin Chengzong,140.64326530612246,125.81561716729102,0.10227225720882416,-0.17890278631966788,华彩
Yin Chengzong,141.01478458049885,126.14796814544465,0.13879399001598358,-0.19955066945840375,华彩
Yin Chengzong,141.36308390022677,126.45954718746371,0.20543646812438965,-0.25460016149736475,华彩
Yin Chengzong,141.73460317460317,126.79189816561734,0.1755925565958023,0.013458090143103599,华彩
Yin Chengzong,142.0132426303855,127.04116139923259,0.047006119042634964,-0.09262743242288705,华彩
Yin Chengzong,142.2918820861678,127.29042463284782,0.041392698884010315,-0.11306397127555101,华彩
Yin Chengzong,142.57052154195011,127.53968786646307,0.49478602409362793,-0.03692089085234329,华彩
Yin Chengzong,143.15102040816328,128.05898626982815,0.04643400013446808,-0.06062855145501088,华彩
Yin Chengzong,143.36,128.24593369503958,0.047985322773456573,0.03278463268543418,华彩
Yin Chengzong,143.59219954648526,128.4536530563856,0.05835609883069992,1.231922800980101,华彩
Yin Chengzong,143.8940589569161,128.72368822613544,0.029123861342668533,0.001778378464223358,华彩
Yin Chengzong,144.63709750566895,129.38839018244275,0.7073319554328918,-0.36039815040567186,华彩
Yin Chengzong,144.84607709750566,129.57533760765415,0.05083812400698662,-0.20958246295776914,华彩
Yin Chengzong,145.14793650793652,129.84537277740404,0.16584493219852448,-0.027510736617841758,华彩
Yin Chengzong,145.4033560090703,130.07386407488465,0.260827898979187,-0.4836828788029379,尾声
Yin Chengzong,145.61233560090702,130.26081150009605,0.06511998176574707,0.509492833953118,尾声
Yin Chengzong,145.82131519274375,130.44775892530748,0.11154410243034363,0.14718273923790545,尾声
Yin Chengzong,146.09995464852608,130.69702215892275,0.1639208346605301,-0.14576163011952303,尾声
Yin Chengzong,146.30893424036282,130.88396958413418,0.056116633117198944,-0.2978169824928045,尾声
Yin Chengzong,146.51791383219955,131.0709170093456,0.10252916812896729,-0.3228557730835746,尾声
Yin Chengzong,146.7501133786848,131.27863637069163,0.23743672668933868,-0.0676783211019938,尾声
Yin Chengzong,146.95909297052154,131.46558379590306,0.10852930694818497,0.01516635475127259,尾声
Yin Chengzong,147.30739229024942,131.7771628379221,0.19399356842041016,-0.246052302645694,尾声
Yin Chengzong,147.67891156462585,132.10951381607575,0.23099040985107422,-0.1837513208556629,尾声
Yin Chengzong,147.95755102040818,132.35877704969099,0.0967661514878273,-0.23575267650812745,尾声
Yin Chengzong,148.259410430839,132.62881221944085,0.06367048621177673,-0.005061794490757161,尾声
Yin Chengzong,148.5380498866213,132.87807545305606,0.11393723636865616,0.012305065774853574,尾声
Yin Chengzong,148.7934693877551,133.1065667505367,0.0920250341296196,-0.010510842457733816,尾声
Yin Chengzong,149.07210884353742,133.35582998415194,0.281369686126709,-0.04087036654709664,尾声
Yin Chengzong,149.35074829931972,133.60509321776718,0.04100063070654869,-0.02341479917049583,尾声
Yin Chengzong,149.65260770975055,133.875128387517,0.18219643831253052,-0.1428296638550819,尾声
Yin Chengzong,149.97768707482993,134.16593549340146,0.08369572460651398,-0.007852537964936346,尾声
Yin Chengzong,150.18666666666667,134.3528829186129,0.15203644335269928,0.3696192364486705,尾声
Yin Chengzong,150.3956462585034,134.53983034382432,0.5517228245735168,-0.2962073643175245,尾声
Yin Chengzong,150.6510657596372,134.76832164130494,0.11694367974996567,-0.22020442183929842,尾声
Yin Chengzong,150.90648526077098,134.99681293878558,0.08906285464763641,0.21117717406013983,尾声
Yin Chengzong,151.18512471655328,135.24607617240082,0.19843409955501556,-0.19645965112431438,尾声
Yin Chengzong,151.41732426303855,135.45379553374684,0.08266191184520721,-0.26816161180249765,尾声
Yin Chengzong,151.67274376417234,135.6822868312275,0.06856143474578857,-0.13663608924616708,尾声
Yin Chengzong,151.92816326530613,135.91077812870813,0.1900128722190857,0.12629080410988539,尾声
Yin Chengzong,152.1835827664399,136.13926942618875,0.1641779989004135,-0.11633461363089735,尾声
Yin Chengzong,152.41578231292516,136.34698878753477,0.15755042433738708,-0.059892092394875356,尾声
Yin Chengzong,152.74086167800453,136.63779589341922,0.12980222702026367,-0.07873628273955546,尾声
Yin Chengzong,152.94984126984127,136.82474331863065,0.09769697487354279,-0.4748343420942547,尾声
Yin Chengzong,153.20526077097506,137.0532346161113,0.10223336517810822,0.2600034702481935,尾声
Yin Chengzong,153.48390022675736,137.3024978497265,0.2959200143814087,-0.54405968694482,尾声
Yin Chengzong,153.76253968253968,137.55176108334177,0.15060852468013763,-0.012061065353918822,尾声
Yin Chengzong,153.99473922902493,137.7594804446878,0.1165338009595871,-0.3779063117690384,尾声
Yin Chengzong,154.55201814058958,138.25800691191827,0.21546481549739838,0.08479084244754634,尾声
Yin Chengzong,154.7609977324263,138.44495433712967,0.030374394729733467,-0.3397886990569532,尾声
Yin Chengzong,155.01641723356008,138.67344563461032,0.03844384476542473,-0.01011133863357827,尾声
Yin Chengzong,155.27183673469386,138.90193693209096,0.28038787841796875,-0.07124013363863922,尾声
Yin Chengzong,155.4808163265306,139.0888843573024,0.10111445933580399,0.021864369045943022,尾声
Yin Chengzong,155.68979591836734,139.27583178251382,0.08277472853660583,0.29702803258260246,尾声
Yin Chengzong,155.9219954648526,139.48355114385987,0.2472359985113144,-0.17046047069015913,尾声
Yin Chengzong,156.5257142857143,140.02362148335953,0.03967451676726341,0.002409664830338443,尾声
Yin Chengzong,156.85079365079366,140.314428589244,0.09180400520563126,-0.024580059562140374,尾声
Yin Chengzong,157.175873015873,140.6052356951284,0.05453702434897423,9.574905561748892e-05,尾声
Yin Chengzong,157.45451247165533,140.85449892874365,0.0495927557349205,1.2142777690996809,尾声
Yin Chengzong,157.91891156462586,141.26993765143573,0.0222576092928648,-0.11830218300019624,尾声
Yin Chengzong,158.19755102040816,141.51920088505096,0.04050261527299881,-0.04293749243515776,尾声
Yin Chengzong,158.42975056689343,141.726920246397,0.23343883454799652,0.640173781539488,尾声
Yin Chengzong,158.63873015873017,141.91386767160841,0.02805512584745884,-0.14006764395162463,尾声
Yin Chengzong,159.3121088435374,142.5162538195119,0.22260624170303345,0.21810656216985078,尾声
Yin Chengzong,159.59074829931973,142.76551705312716,0.09365610033273697,-0.11335404324199772,尾声
Yin Chengzong,159.9390476190476,143.07709609514617,0.41720864176750183,-0.19662397844513177,尾声
Yin Chengzong,160.264126984127,143.36790320103063,0.06562919914722443,-0.1427353510734974,尾声
Yin Chengzong,160.65886621315192,143.7210261153189,0.05453405901789665,0.3806127085226762,尾声
Yin Chengzong,160.96072562358276,143.99106128506872,0.030604319646954536,0.4288059058126236,尾声
Yin Chengzong,161.44834467120182,144.4272719438954,0.04225670546293259,-0.10416303252895885,尾声
Yin Chengzong,161.77342403628117,144.71807904977982,0.40754151344299316,-0.26837892464754987,尾声
Yin Chengzong,162.0520634920635,144.96734228339508,0.03365384042263031,-0.04794407441295334,尾声
Yin Chengzong,162.49324263038548,145.36200906995253,0.19356361031532288,0.17390681787219367,尾声
Yin Chengzong,162.79510204081632,145.63204423970237,0.1391938477754593,-0.26819407503353426,尾声
Yin Chengzong,163.0273015873016,145.83976360104842,0.10229045152664185,-0.07762675531921558,尾声
Yin Chengzong,163.37560090702948,146.15134264306744,0.3081718385219574,-0.4066840865561971,尾声
Yin Chengzong,163.79356009070295,146.52523749349032,0.3059079647064209,-0.06154882112241466,尾声
Yin Chengzong,164.07219954648525,146.77450072710553,0.41161781549453735,-0.08591680489189457,尾声
Yin Chengzong,164.281179138322,146.96144815231696,0.03357715159654617,-0.02607269780128263,尾声
Yin Chengzong,164.6526984126984,147.29379913047063,0.09992948919534683,-0.050484948701523535,尾声
Yin Chengzong,164.86167800453515,147.48074655568206,0.3443657457828522,-0.044507373377200565,尾声
Yin Chengzong,165.20997732426304,147.79232559770108,0.09155147522687912,0.06689277088298695,尾声
Yin Chengzong,165.41895691609977,147.97927302291254,0.3558086156845093,-0.06089630769565701,尾声
Yin Chengzong,165.6279365079365,148.16622044812397,0.08404768258333206,-0.0015305815622923542,尾声
Yin Chengzong,165.9762358276644,148.47779949014298,0.07572810351848602,-0.00939853392765144,尾声
Yin Chengzong,166.30131519274377,148.76860659602744,0.09216483682394028,0.04029952688142657,尾声
Yin Chengzong,166.55673469387756,148.99709789350808,0.06992896646261215,0.0023642813403057512,尾声
Yin Chengzong,166.92825396825396,149.32944887166173,0.11779861897230148,-0.010568864252036292,尾声
Yin Chengzong,167.16045351473923,149.53716823300775,0.17876523733139038,0.003005165507374841,尾声
Niemczuk,0.16253968253968254,0.114195831033658,0.7263277769088745,-0.030455403975793157,A段 主题
Niemczuk,0.6733786848072563,0.47309701428229745,0.03049410693347454,-0.008937954078191979,A段 主题
Niemczuk,1.3003174603174603,0.913566648269264,0.7033466100692749,-0.07925672962301177,A段 主题
Niemczuk,1.5789569160997732,1.109330930041249,0.6926125288009644,-0.10778053697322319,A段 主题
Niemczuk,1.787936507936508,1.256154141370238,0.057269129902124405,-0.008499894079250224,A段 主题
Niemczuk,2.2291156462585033,1.566114254175881,0.5201228260993958,-0.07965872209751977,A段 主题
Niemczuk,2.786394557823129,1.9576428177198513,0.15367014706134796,-0.0018498144754630623,A段 主题
Niemczuk,3.0418140589569163,2.137093409344171,0.33326560258865356,-0.04022678709816318,A段 主题
Niemczuk,3.320453514739229,2.3328576911161565,0.034083105623722076,-0.008306155848458728,A段 主题
Niemczuk,3.575873015873016,2.512308282740476,0.09073401987552643,0.0629900173066744,A段 主题
Niemczuk,3.8312925170068026,2.6917588743647958,0.16351519525051117,0.031903408853395376,A段 主题
Niemczuk,4.063492063492063,2.8548957758414497,0.09886771440505981,-0.04091104824510693,A段 主题
Niemczuk,4.295691609977324,3.018032677318104,0.0773252472281456,0.0009934900390362593,A段 主题
Niemczuk,4.551111111111111,3.197483268942424,0.1876629889011383,-0.008679368647790398,A段 主题
Niemczuk,4.829750566893424,3.3932475507144093,0.1511029750108719,0.022620668551098788,A段 主题
Niemczuk,5.108390022675737,3.589011832486394,0.20593057572841644,-0.02892588290706044,A段 主题
Niemczuk,5.410249433106576,3.8010898044060446,0.21373598277568817,-0.08245801827797548,A段 主题
Niemczuk,5.735328798185941,4.029481466473361,0.11075828969478607,-0.041553625692358764,A段 主题
Niemczuk,6.060408163265306,4.257873128540677,0.1786385327577591,-0.021735303494097028,A段 主题
Niemczuk,6.2693877551020405,4.404696339869665,0.1061585545539856,0.0004596143753587967,A段 主题
Niemczuk,6.548027210884354,4.600460621641651,0.0835571214556694,-0.0005453582161862869,A段 主题
Niemczuk,6.8034467120181406,4.7799112132659705,0.1301478147506714,0.0010891884812735948,A段 主题
Niemczuk,7.058866213151927,4.95936180489029,0.06801200658082962,-0.0025004306166920283,A段 主题
Niemczuk,7.732244897959184,5.432458819172588,0.2719014286994934,-0.05672239126397471,A段 主题
Niemczuk,8.6378231292517,6.068692734931539,0.694767951965332,-0.056553088552391266,A段 主题
Niemczuk,8.916462585034013,6.264457016703524,0.4819957911968231,-0.06430756261579516,A段 主题
Niemczuk,9.450521541950113,6.639671890099829,0.03656812384724617,0.07163981102848993,A段 主题
Niemczuk,9.729160997732427,6.835436171871815,0.03439999371767044,-0.03204665880502944,A段 主题
Niemczuk,9.984580498866213,7.0148867634961345,0.20778582990169525,-0.00030266801331890736,A段 主题
Niemczuk,10.216780045351474,7.178023664972788,0.3449508249759674,-0.04016632273078357,A段 主题
Niemczuk,10.425759637188209,7.324846876301778,0.037710025906562805,0.04643037718778942,A段 主题
Niemczuk,10.681179138321996,7.504297467926097,0.1556101143360138,-0.023064093329594467,A段 主题
Niemczuk,10.936598639455783,7.683748059550417,0.15667474269866943,-0.008030528033486915,A段 主题
Niemczuk,11.215238095238096,7.879512341322402,0.09048254787921906,-0.11795019177043287,A段 主题
Niemczuk,11.493877551020407,8.075276623094387,0.1426846981048584,-0.007875188885009266,A段 主题
Niemczuk,11.818956916099774,8.303668285161704,0.3007603883743286,-0.05584269538303487,A段 主题
Niemczuk,12.07437641723356,8.483118876786023,0.15066179633140564,-0.03098776458045904,A段 主题
Niemczuk,12.329795918367347,8.662569468410343,0.07763759046792984,0.06399357821464946,A段 主题
Niemczuk,12.585215419501134,8.842020060034663,0.20955736935138702,0.05676485016010701,A段 主题
Niemczuk,12.863854875283447,9.037784341806647,0.12236852198839188,-0.060790744419136886,A段 主题
Niemczuk,13.096054421768708,9.200921243283302,0.16226784884929657,-0.031961369768396246,A段 主题
Niemczuk,13.351473922902494,9.38037183490762,0.11020244657993317,0.0010129948122994392,A段 主题
Niemczuk,13.676553287981859,9.608763496974937,0.11982103437185287,-0.009537259472836011,A段 主题
Niemczuk,13.955192743764172,9.804527778746923,0.14991813898086548,-0.007297380568616062,A段 主题
Niemczuk,14.210612244897959,9.983978370371242,0.18157877027988434,-0.00015404397117890748,A段 主题
Niemczuk,14.466031746031746,10.163428961995562,0.21491026878356934,-0.0024982366937820193,A段 主题
Niemczuk,14.675011337868481,10.310252173324551,0.17940261960029602,-0.015059644198345268,A段 主题
Niemczuk,15.046530612244897,10.571271215687197,0.035442255437374115,0.15273100381421045,A段 主题
Niemczuk,15.32517006802721,10.767035497459183,0.02988588809967041,0.0004600016154654441,A段 主题
Niemczuk,15.766349206349206,11.076995610264825,0.20685707032680511,0.04364728516748073,A段 主题
Niemczuk,16.091428571428573,11.305387272332142,0.03345288336277008,0.04778963412945813,A段 主题
Niemczuk,16.300408163265306,11.452210483661132,0.43447935581207275,-0.07568226565126679,A段 主题
Niemczuk,16.50938775510204,11.59903369499012,0.1220511868596077,0.04104090785403969,A段 主题
Niemczuk,16.834467120181404,11.827425357057434,0.10303980857133865,0.021283214039158338,A段 主题
Niemczuk,17.159546485260773,12.055817019124753,0.10432778298854828,-0.0067646993329617535,A段 主题
Niemczuk,17.438185941043084,12.251581300896737,0.09888045489788055,0.06647066961704695,A段 主题
Niemczuk,17.740045351473924,12.463659272816388,0.04323991760611534,0.009256701628146402,A段 主题
Niemczuk,18.088344671201813,12.708364625031368,0.0548369362950325,-0.016310838111621706,A段 主题
Niemczuk,18.390204081632653,12.92044259695102,0.12135511636734009,-0.059354753057050395,A段 主题
Niemczuk,18.64562358276644,13.099893188575338,0.10157734155654907,0.006791641408199211,A段 主题
Niemczuk,18.92426303854875,13.295657470347324,0.06787417083978653,0.03099023604136164,A段 主题
Niemczuk,19.342222222222222,13.589303893005303,0.2595045864582062,-0.00018419259504298704,A段 主题
Niemczuk,19.644081632653062,13.801381864924952,0.3339180648326874,-0.005776965610948537,A段 主题
Niemczuk,19.9459410430839,14.013459836844602,0.28935664892196655,-0.041311939639854245,A段 主题
Niemczuk,20.154920634920636,14.160283048173593,0.06663990020751953,0.020168585888313828,A段 主题
Niemczuk,20.59609977324263,14.470243160979235,0.06257740408182144,-0.006198296694037707,A段 主题
Niemczuk,20.805079365079365,14.617066372308225,0.16009125113487244,-0.008831706327327993,A段 主题
Niemczuk,21.5481179138322,15.139104457033518,0.02656850405037403,-0.0032648507044541475,A段 主题
Niemczuk,21.757097505668934,15.285927668362506,0.027345828711986542,-0.0029066464435345547,A段 主题
Niemczuk,22.01251700680272,15.465378259986826,0.1627987027168274,0.012538406110707001,A段 主题
Niemczuk,22.221496598639455,15.612201471315814,0.0773046612739563,0.07943700827581779,A段 主题
Niemczuk,22.871655328798187,16.068984795450447,0.037585631012916565,-0.0020995915065213917,A段 主题
Niemczuk,23.2431746031746,16.33000383781309,0.03251386806368828,-0.00591829464156035,A段 主题
Niemczuk,24.543492063492064,17.24357048608236,0.2651255428791046,-0.023017469811748015,A段 主题
Niemczuk,25.658049886621317,18.026627613170298,0.13721023499965668,0.0067768107328447505,A段 主题
Niemczuk,26.02956916099773,18.287646655532946,0.09350661933422089,0.008217226468332228,A段 主题
Niemczuk,26.33142857142857,18.499724627452597,0.12700046598911285,-0.011806020233962046,A段 主题
Niemczuk,26.63328798185941,18.711802599372245,0.16037195920944214,-0.0022352697442329377,A段 主题
Niemczuk,26.888707482993198,18.891253190996565,0.15225756168365479,-0.009331997625849908,A段 主题
Niemczuk,27.260226757369615,19.152272233359213,0.12624038755893707,-0.015143565360631326,A段 主题
Niemczuk,28.189024943310656,19.80481983926583,0.17296062409877777,-0.001316150815000583,A段 主题
Niemczuk,28.398004535147393,19.951643050594818,0.023113738745450974,0.020596253193616576,A段 主题
Niemczuk,28.81596371882086,20.245289473252797,0.06414102762937546,-0.009224622294823348,A段 主题
Niemczuk,29.141043083900225,20.47368113532011,0.09448476135730743,0.0004149549909016058,A段 主题
Niemczuk,29.466122448979593,20.70207279738743,0.10684178024530411,-0.010590752867756235,A段 主题
Niemczuk,29.95374149659864,21.0446602904884,0.10840475559234619,0.026718722210716805,A段 主题
Niemczuk,31.091519274376417,21.844031107724007,0.38079115748405457,-0.023275470562111874,A段 主题
Niemczuk,31.30049886621315,21.990854319052996,0.03169925883412361,0.01443940527678933,A段 主题
Niemczuk,31.509478458049887,22.137677530381985,0.37167346477508545,-0.015998990693333322,A段 主题
Niemczuk,31.834557823129252,22.366069192449302,0.36278820037841797,-0.07366807515154507,A段 主题
Niemczuk,32.13641723356009,22.57814716436895,0.5068914890289307,-0.025865335737762504,A段 主题
Niemczuk,32.48471655328798,22.822852516583932,0.23194357752799988,-0.03665889403237088,A段 主题
Niemczuk,32.71691609977324,22.98598941806059,0.029155466705560684,0.012574568177114996,A段 主题
Niemczuk,33.97079365079365,23.866928686034523,0.1338435411453247,-0.012855837474035068,A段 主题
Niemczuk,34.27265306122449,24.07900665795417,0.10890022665262222,-0.009188927924697053,A段 主题
Niemczuk,34.62095238095238,24.323712010169153,0.12774835526943207,0.011150079899380216,A段 主题
Niemczuk,34.92281179138322,24.535789982088804,0.16401125490665436,-0.0013126613566782905,A段 主题
Niemczuk,35.247891156462586,24.76418164415612,0.16166819632053375,-0.008083824877758161,A段 主题
Niemczuk,35.57297052154195,24.992573306223434,0.26197168231010437,0.08150872422447719,A段 主题
Niemczuk,35.828390022675734,25.172023897847755,0.2044447362422943,-0.02014507072090055,A段 主题
Niemczuk,36.08380952380952,25.351474489472075,0.03708653897047043,0.017567928125572504,A段 主题
Niemczuk,36.52498866213152,25.66143460227772,0.4734911024570465,0.025880820089696496,A段 主题
Niemczuk,36.87328798185941,25.9061399544927,0.322115421295166,-0.052082084948779084,A段 主题
Niemczuk,37.08226757369614,26.052963165821687,0.03222210332751274,0.0034871372690759004,A段 主题
Niemczuk,37.52344671201814,26.362923278627335,0.17964062094688416,0.014217891998669074,A段 主题
Niemczuk,38.17360544217687,26.819706602761965,0.45045652985572815,0.0684671296767192,A段 主题
Niemczuk,38.42902494331066,26.999157194386285,0.16286170482635498,0.05924614056311839,A段 主题
Niemczuk,38.75410430839002,27.2275488564536,0.030381198972463608,0.014365500669555328,A段 主题
Niemczuk,39.172063492063494,27.521195279111577,0.46079573035240173,0.01988720891858975,A段 主题
Niemczuk,39.54358276643991,27.782214321474225,0.28184834122657776,-0.032133516856447386,A段 主题
Niemczuk,39.75256235827664,27.92903753280321,0.026179220527410507,-0.006158963651614613,A段 主题
Niemczuk,40.054421768707485,28.141115504722865,0.023449072614312172,0.053420138942783524,A段 主题
Niemczuk,40.44916099773243,28.41844823723318,0.02703755907714367,-0.005893257252864714,A段 主题
Niemczuk,40.68136054421769,28.581585138709833,0.028059184551239014,0.026175371579029157,A段 主题
Niemczuk,41.00643990929705,28.809976800777147,0.1723005473613739,0.051846089081664104,A段 主题
Niemczuk,41.586938775510205,29.217819054468784,0.11716988682746887,-0.02599941535663674,A段 主题
Niemczuk,41.86557823129252,29.413583336240766,0.34196045994758606,0.016714658158889506,A段 主题
Niemczuk,42.21387755102041,29.658288688455748,0.4278258681297302,-0.04225934476380644,A段 主题
Niemczuk,42.515736961451246,29.8703666603754,0.3139793276786804,-0.026494108146835053,A段 主题
Niemczuk,42.840816326530614,30.098758322442716,0.38685429096221924,-0.035117173229082255,A段 主题
Niemczuk,43.165895691609975,30.32714998451003,0.20271313190460205,-0.010764465628199103,A段 主题
Niemczuk,43.37487528344671,30.47397319583902,0.026081344112753868,-0.02780511740638758,A段 主题
Niemczuk,43.653514739229024,30.669737477611005,0.19800961017608643,-0.002354135267523815,A段 主题
Niemczuk,44.00181405895692,30.914442829825987,0.026523396372795105,-0.007321594296172407,A段 主题
Niemczuk,44.419773242630384,31.208089252483962,0.04506950452923775,-0.0011009084630586583,A段 主题
Niemczuk,44.651972789115646,31.37122615396062,0.17462122440338135,-0.0027465997732178944,A段 主题
Niemczuk,44.977052154195015,31.599617816027937,0.24610017240047455,-0.0006402649887604638,A段 主题
Niemczuk,45.302131519274376,31.82800947809525,0.17298118770122528,-0.010168712719860194,A段 主题
Niemczuk,45.627210884353744,32.05640114016257,0.15890899300575256,-0.005678344484749686,A段 主题
Niemczuk,45.92907029478458,32.26847911208222,0.2700842022895813,-0.004118826632293349,A段 主题
Niemczuk,46.27736961451247,32.5131844642972,0.2775620222091675,0.02843489324959591,A段 主题
Niemczuk,46.509569160997735,32.67632136577385,0.26657330989837646,0.06891279003866656,A段 主题
Niemczuk,46.99718820861678,33.01890885887482,0.1341245174407959,-0.015219871715999034,A段 主题
Niemczuk,47.275827664399095,33.214673140646816,0.27464666962623596,-0.026624536917552174,A段 主题
Niemczuk,47.600907029478456,33.443064802714126,0.27457624673843384,-0.05008416856071562,A段 主题
Niemczuk,47.9027664399093,33.65514277463378,0.32359227538108826,-0.032932050362433074,A段 主题
Niemczuk,48.29750566893424,33.93247550714409,0.2092028707265854,-0.009143144779955037,A段 主题
Niemczuk,48.6225850340136,34.16086716921141,0.024445340037345886,-0.0019007964738193548,A段 主题
Niemczuk,48.970884353741496,34.405572521426386,0.3841201066970825,0.020327511424511613,A段 主题
Niemczuk,49.20308390022676,34.56870942290304,0.26549115777015686,0.08957492370882392,A段 主题
Niemczuk,49.574603174603176,34.82972846526569,0.03212811052799225,0.02216806078649824,A段 主题
Niemczuk,49.946122448979594,35.090747507628336,0.448708713054657,-0.021481183739524564,A段 主题
Niemczuk,50.155102040816324,35.23757071895732,0.029670611023902893,0.06254753818666357,A段 主题
Niemczuk,50.48018140589569,35.46596238102464,0.02139143832027912,0.039989202878132346,A段 主题
Niemczuk,50.96780045351474,35.80854987412562,0.23916654288768768,-0.03785074077313766,A段 主题
Niemczuk,51.26965986394558,36.020627846045265,0.03328811749815941,-0.005753446981771048,A段 主题
Niemczuk,51.61795918367347,36.26533319826025,0.30566883087158203,0.039556243370952864,A段 主题
Niemczuk,51.85015873015873,36.428470099736906,0.23864489793777466,0.054037905329096254,A段 主题
Niemczuk,52.19845804988662,36.67317545195188,0.03534318134188652,0.015731262863027947,A段 主题
Niemczuk,52.75573696145125,37.064704015495856,0.1096104234457016,-0.00854728801868987,A段 主题
Niemczuk,53.19691609977324,37.3746641283015,0.17129302024841309,-0.03263719089545702,A段 主题
Niemczuk,53.52199546485261,37.60305579036881,0.20013508200645447,-0.007076293206864647,A段 主题
Niemczuk,53.823854875283445,37.81513376228846,0.2907463610172272,-0.010918039038187995,A段 主题
Niemczuk,54.14893424036281,38.04352542435578,0.1659141182899475,-0.03275591675446776,A段 主题
Niemczuk,54.56689342403628,38.33717184701376,0.3050478398799896,-0.025934954442163868,A段 主题
Niemczuk,55.51891156462585,39.00603314306804,0.28231340646743774,0.0021379819941103047,A段 主题
Niemczuk,55.86721088435374,39.25073849528302,0.18696404993534088,0.00016192700513784083,A段 主题
Niemczuk,56.19229024943311,39.47913015735033,0.10756154358386993,-0.010110965718013176,A段 主题
Niemczuk,56.49414965986394,39.69120812926999,0.12358029931783676,-0.016742189927754222,A段 主题
Niemczuk,56.81922902494331,39.919599791337305,0.15099385380744934,-0.018241023531118113,A段 主题
Niemczuk,57.14430839002267,40.147991453404615,0.2555229961872101,-0.038821164957880676,A段 主题
Niemczuk,57.446167800453516,40.36006942532427,0.12903714179992676,0.001127067821471428,A段 主题
Niemczuk,57.77124716553288,40.588461087391586,0.08082442730665207,0.0010407182912786086,A段 主题
Niemczuk,58.049886621315196,40.78422536916357,0.192458838224411,-0.019167004870723755,A段 主题
Niemczuk,58.35174603174603,40.99630334108322,0.16234949231147766,-0.03144861802866216,A段 主题
Niemczuk,58.978684807256236,41.43677297507019,0.17314524948596954,-0.009629925170884235,A段 主题
Niemczuk,59.23410430839002,41.61622356669451,0.22088928520679474,-0.0351008544726028,A段 主题
Niemczuk,59.48952380952381,41.795674158318825,0.03361721709370613,0.08900417954009752,A段 主题
Niemczuk,59.9307029478458,42.105634271124465,0.14797815680503845,0.012982410316908496,A段 主题
Niemczuk,60.232562358276645,42.31771224304412,0.05875752121210098,-0.015461830889762496,A段 主题
Niemczuk,60.51120181405896,42.513476524816106,0.10121294111013412,-0.02434686987271561,A段 主题
Niemczuk,60.836281179138325,42.74186818688342,0.15794813632965088,-0.023653691459912803,A段 主题
Niemczuk,61.13814058956916,42.95394615880307,0.06807050108909607,-0.028350092679829682,A段 主题
Niemczuk,61.46321995464853,43.182337820870394,0.1092616617679596,-0.0280723749142453,A段 主题
Niemczuk,61.74185941043084,43.37810210264237,0.18997417390346527,-0.004763220908898802,A段 主题
Niemczuk,62.09015873015873,43.62280745485735,0.30457547307014465,-0.09187102500618494,A段 主题
Niemczuk,62.368798185941046,43.818571736629345,0.35661131143569946,-0.06624783895858853,A段 主题
Niemczuk,62.69387755102041,44.046963398696654,0.07788851857185364,-0.025068821634022243,A段 主题
Niemczuk,62.97251700680272,44.24272768046864,0.552627444267273,-0.01731441047922999,A段 主题
Niemczuk,63.32081632653061,44.48743303268362,0.4033527374267578,-0.08643402517236608,A段 主题
Niemczuk,63.622675736961455,44.69951100460327,0.32999616861343384,-0.03315881597245607,A段 主题
Niemczuk,63.92453514739229,44.91158897652292,0.3643084466457367,-0.014968313428198597,A段 主题
Niemczuk,64.24961451247165,45.13998063859024,0.15708738565444946,-0.011540935520315543,A段 主题
Niemczuk,64.62113378684808,45.40099968095289,0.5832556486129761,-0.09428457584590431,A段 主题
Niemczuk,64.96943310657596,45.645705033167864,0.06666366010904312,-0.006813641277858551,A段 主题
Niemczuk,65.24807256235827,45.84146931493985,0.17030322551727295,-0.006795408285142912,A段 主题
Niemczuk,65.52671201814059,46.037233596711836,0.4488959312438965,-0.03490013493774313,A段 主题
Niemczuk,65.87501133786849,46.28193894892682,0.46933266520500183,-0.06640113518869839,A段 主题
Niemczuk,66.20009070294785,46.51033061099414,0.21133311092853546,-0.046115911482047516,A段 主题
Niemczuk,66.40907029478458,46.657153822323124,0.03663995489478111,0.02720919785588194,A段 主题
Niemczuk,66.80380952380952,46.934486554833434,0.1931052953004837,-0.0008374358571927584,A段 主题
Niemczuk,67.19854875283447,47.21181928734375,0.6409122943878174,-0.034603658946252835,A段 主题
Niemczuk,67.5004081632653,47.4238972592634,0.3898007571697235,-0.04523999107277631,A段 主题
Niemczuk,67.82548752834467,47.652288921330715,0.10724844038486481,-0.011008196747752663,A段 主题
Niemczuk,68.05768707482993,47.81542582280737,0.3957351744174957,-0.03746051017969876,A段 主题
Niemczuk,68.26666666666667,47.962249034136356,0.032581865787506104,0.016498979266543756,A段 主题
Niemczuk,68.75428571428571,48.304836527237335,0.10352075099945068,-0.008257337810846364,A段 主题
Niemczuk,69.05614512471655,48.51691449915698,0.4596152901649475,-0.036216014780166006,A段 主题
Niemczuk,69.35800453514739,48.72899247107663,0.11722865700721741,-0.04133841497377943,A段 主题
Niemczuk,69.79918367346939,49.03895258388228,0.3088347613811493,0.0073947471037172354,A段 主题
Niemczuk,70.14748299319727,49.283657936097256,0.14838886260986328,0.007603841004311106,A段 主题
Niemczuk,70.37968253968253,49.44679483757391,0.3228587210178375,0.02800196048156067,A段 主题
Niemczuk,70.68154195011338,49.658872809493566,0.20170974731445312,-0.008876849165062595,A段 主题
Niemczuk,71.0530612244898,49.91989185185621,0.19142508506774902,0.05895014826364787,A段 主题
Niemczuk,71.37814058956916,50.14828351392352,0.10729775577783585,-0.0813993873862273,A段 主题
Niemczuk,71.65678004535147,50.34404779569551,0.10981953889131546,-0.01065583451236307,A段 主题
Niemczuk,71.91219954648525,50.523498387319826,0.16238518059253693,0.07057273176087618,A段 主题
Niemczuk,72.3998185941043,50.866085880420805,0.2666108012199402,-0.04776267940087564,A段 主题
Niemczuk,72.72489795918368,51.09447754248813,0.45024359226226807,-0.02421580747977714,A段 主题
Niemczuk,73.02675736961451,51.306555514407776,0.5223421454429626,-0.1068014760448932,A段 主题
Niemczuk,73.30539682539683,51.502319796179755,0.4758966267108917,-0.11515866856370847,A段 主题
Niemczuk,73.65369614512471,51.747025148394734,0.3353646993637085,-0.05230616327480674,A段 主题
Niemczuk,73.97877551020409,51.97541681046206,0.14972622692584991,-0.01472961141644191,A段 主题
Niemczuk,74.30385487528345,52.203808472529374,0.11263811588287354,-0.005358639816677168,A段 主题
Niemczuk,74.60571428571428,52.41588644444902,0.5617964863777161,-0.060698465722452966,A段 主题
Niemczuk,74.86113378684807,52.59533703607334,0.0419037751853466,-0.001069204074610752,A段 主题
Niemczuk,75.30231292517007,52.90529714887899,0.10064870864152908,-0.006163352213661711,A段 主题
Niemczuk,75.60417233560091,53.117375120798634,0.1199890747666359,-0.012842026944781537,A段 主题
Niemczuk,75.88281179138322,53.31313940257062,0.23778389394283295,-0.022460644083821535,A段 主题
Niemczuk,76.11501133786848,53.476276304047275,0.029031571000814438,0.017569063106748217,A段 主题
Niemczuk,76.41687074829932,53.68835427596692,0.0270979106426239,0.02443995456360426,A段 主题
Niemczuk,76.6722902494331,53.86780486759124,0.03339577093720436,0.026507317761570448,A段 主题
Niemczuk,77.13668934240363,54.194078670544556,0.17769034206867218,-0.003020100513140278,A段 主题
Niemczuk,77.48498866213151,54.43878402275953,0.6635187864303589,-0.07652466902072773,A段 主题
Niemczuk,77.69396825396825,54.58560723408852,0.02193947695195675,-0.030075585414124358,A段 主题
Niemczuk,77.94938775510204,54.76505782571284,0.5060198307037354,-0.03088567691520438,A段 主题
Niemczuk,78.27446712018141,54.99344948778016,0.037391748279333115,0.013416191336546037,A段 主题
Niemczuk,78.66920634920635,55.27078222029047,0.35987216234207153,-0.02371105122165318,A段 主题
Niemczuk,78.94784580498866,55.46654650206246,0.3962320387363434,-0.08530628958851592,A段 主题
Niemczuk,79.29614512471656,55.71125185427744,0.37872806191444397,-0.06061234992102982,A段 主题
Niemczuk,79.73732426303854,56.021211967083076,0.17531782388687134,0.03343876287544845,A段 主题
Niemczuk,79.9695238095238,56.18434886855973,0.3631889224052429,-0.13803216527321638,A段 主题
Niemczuk,80.29460317460317,56.41274053062705,0.20097245275974274,0.010952836453270718,A段 主题
Niemczuk,80.59646258503402,56.6248185025467,0.17851285636425018,-0.01747246150216597,A段 主题
Niemczuk,80.89832199546485,56.83689647446636,0.37287649512290955,-0.0014046996398064944,A段 主题
Niemczuk,81.22340136054422,57.06528813653367,0.16373303532600403,-0.014698363861498363,A段 主题
Niemczuk,81.52526077097505,57.277366108453315,0.1562000960111618,-0.017464889549501095,A段 主题
Niemczuk,81.80390022675736,57.4731303902253,0.40075811743736267,0.0007171839570219164,A段 主题
Niemczuk,82.10575963718821,57.685208362144955,0.30529943108558655,-0.010335231218050467,A段 主题
Niemczuk,82.43083900226758,57.91360002421227,0.28077375888824463,-0.04517904349086166,A段 主题
Niemczuk,82.75591836734694,58.14199168627958,0.411044716835022,0.00876176436577225,A段 主题
Niemczuk,83.0809977324263,58.3703833483469,0.12590476870536804,0.033173404563058284,A段 主题
Niemczuk,83.38285714285715,58.58246132026655,0.36534807085990906,-0.011608791828621179,A段 主题
Niemczuk,83.59183673469387,58.72928453159554,0.07171249389648438,-0.02908991609729128,A段 主题
Niemczuk,83.91691609977325,58.95767619366286,0.17303979396820068,-0.014287709336713302,A段 主题
Niemczuk,84.26521541950113,59.20238154587784,0.09531144052743912,0.03727971775333572,A段 主题
Niemczuk,84.5902947845805,59.43077320794515,0.1250334531068802,-0.041590821274439804,A段 主题
Niemczuk,84.9385941043084,59.67547856016014,0.058445755392313004,-0.025867405634016905,A段 主题
Niemczuk,85.26367346938775,59.903870222227454,0.4118881821632385,-0.04763230649587057,A段 主题
Niemczuk,85.47265306122449,60.05069343355644,0.05480581149458885,-0.017355398722429527,A段 主题
Niemczuk,85.77451247165533,60.262771405476094,0.1878819465637207,0.06683523445190075,A段 主题
Niemczuk,86.09959183673469,60.491163067543404,0.15103662014007568,0.10817589432008391,A段 主题
Niemczuk,86.40145124716554,60.703241039463066,0.185439333319664,-0.06721696581735159,A段 主题
Niemczuk,86.61043083900226,60.850064250792045,0.16104798018932343,-0.002893599412345793,B段 抒情
Niemczuk,86.91229024943311,61.0621422227117,0.13752903044223785,-0.011018024338227404,B段 抒情
Niemczuk,87.21414965986395,61.274220194631354,0.17490698397159576,-0.056886093079810955,B段 抒情
Niemczuk,87.49278911564626,61.46998447640333,0.20369142293930054,-0.01716574752208544,B段 抒情
Niemczuk,87.81786848072562,61.69837613847065,0.363073468208313,-0.05758797365160716,B段 抒情
Niemczuk,88.11972789115646,61.9104541103903,0.4022713899612427,-0.011867169314427883,B段 抒情
Niemczuk,88.39836734693877,62.10621839216228,0.12553313374519348,-0.04708901960839284,B段 抒情
Niemczuk,88.72344671201814,62.33461005422961,0.42340511083602905,-0.027956824806096847,B段 抒情
Niemczuk,89.0485260770975,62.56300171629692,0.256077378988266,-0.058723380743686,B段 抒情
Niemczuk,89.35038548752834,62.775079688216564,0.16881708800792694,-0.01911890926749038,B段 抒情
Niemczuk,89.65224489795918,62.98715766013621,0.34794676303863525,-0.02276388340760604,B段 抒情
Niemczuk,89.97732426303855,63.215549322203536,0.12911885976791382,-0.03069873639560683,B段 抒情
Niemczuk,90.27918367346939,63.427627294123184,0.18173107504844666,-9.649631920183267e-05,B段 抒情
Niemczuk,90.58104308390023,63.63970526604284,0.05405934154987335,-0.0199258426846427,B段 抒情
Niemczuk,90.90612244897959,63.86809692811015,0.04395641013979912,0.07016414569989138,B段 抒情
Niemczuk,91.13832199546485,64.03123382958681,0.09984833747148514,-0.030974715400589048,B段 抒情
Niemczuk,91.46340136054421,64.25962549165412,0.1912996470928192,-0.008426878548561948,B段 抒情
Niemczuk,91.76526077097506,64.47170346357377,0.34093958139419556,-0.005672416273228011,B段 抒情
Niemczuk,92.04390022675737,64.66746774534576,0.3214094340801239,-0.10748446063644222,B段 抒情
Niemczuk,92.34575963718821,64.87954571726542,0.3381205201148987,0.0030597898785345015,B段 抒情
Niemczuk,92.6940589569161,65.12425106948038,0.3721911907196045,-0.08552347446766362,B段 抒情
Niemczuk,93.042358276644,65.36895642169537,0.30897003412246704,-0.03519978811254987,B段 抒情
Niemczuk,93.29777777777778,65.54840701331969,0.3793673813343048,-0.024566533852521385,B段 抒情
Niemczuk,93.59963718820862,65.76048498523934,0.41935789585113525,-0.08518396994077192,B段 抒情
Niemczuk,93.97115646258503,66.02150402760198,0.2711271345615387,-0.018509427241042428,B段 抒情
Niemczuk,94.27301587301588,66.23358199952165,0.12917254865169525,-0.009338015843241008,B段 抒情
Niemczuk,94.52843537414967,66.41303259114596,0.17588335275650024,-0.0023973442921487727,B段 抒情
Niemczuk,94.8302947845805,66.62511056306562,0.40789109468460083,-0.05321751591509382,B段 抒情
Niemczuk,95.10893424036281,66.82087484483759,0.5216060876846313,-0.0324132030527835,B段 抒情
Niemczuk,95.41079365079365,67.03295281675724,0.1428470015525818,-0.024563647457398478,B段 抒情
Niemczuk,95.85197278911565,67.34291292956289,0.05086002126336098,0.07570305414219547,B段 抒情
Niemczuk,96.08417233560091,67.50604983103955,0.1664789617061615,0.00028694348657154397,B段 抒情
Niemczuk,96.4324716553288,67.75075518325453,0.09778948873281479,-0.012273827292119677,B段 抒情
Niemczuk,96.68789115646258,67.93020577487884,0.18094584345817566,0.028592867874976943,B段 抒情
Niemczuk,96.9665306122449,68.12597005665083,0.3313428461551666,-0.01397223613821552,B段 抒情
Niemczuk,97.2451700680272,68.32173433842281,0.12345962226390839,0.12503217444645998,B段 抒情
Niemczuk,97.57024943310658,68.55012600049014,0.06823372095823288,-0.01529166202089982,B段 抒情
Niemczuk,97.8488888888889,68.74589028226212,0.24109040200710297,0.08411882663494907,B段 抒情
Niemczuk,98.1275283446712,68.9416545640341,0.06301087886095047,0.04061356667079963,B段 抒情
Niemczuk,98.40616780045352,69.13741884580608,0.0265500470995903,0.04286646562832175,B段 抒情
Niemczuk,98.61514739229025,69.28424205713507,0.3335205912590027,-0.08795123453637642,B段 抒情
Niemczuk,98.89378684807257,69.48000633890706,0.21113891899585724,-0.11019520775334968,B段 抒情
Niemczuk,99.26530612244898,69.74102538126971,0.3674143850803375,-0.057423437192483114,B段 抒情
Niemczuk,99.84580498866214,70.14886763496135,0.03492358699440956,0.1350177908761907,B段 抒情
Niemczuk,100.31020408163265,70.47514143791464,0.10052236914634705,0.00040204165543400444,B段 抒情
Niemczuk,100.58884353741496,70.67090571968663,0.13209384679794312,0.07833242807464558,B段 抒情
Niemczuk,100.86748299319729,70.86667000145863,0.09830698370933533,-0.002441692595311906,B段 抒情
Niemczuk,101.16934240362812,71.07874797337827,0.1417495459318161,-0.019722104252650748,B段 抒情
Niemczuk,101.47120181405896,71.29082594529793,0.121291384100914,-0.030761254902245124,B段 抒情
Niemczuk,101.79628117913832,71.51921760736523,0.09642687439918518,-0.06050135812074586,B段 抒情
Niemczuk,102.14458049886622,71.76392295958023,0.23389822244644165,-0.02486111088728649,B段 抒情
Niemczuk,102.35356009070294,71.9107461709092,0.16156217455863953,-0.033249356624764914,B段 抒情
Niemczuk,102.65541950113379,72.12282414282886,0.07849577069282532,-0.008623056487522261,B段 抒情
Niemczuk,103.00371882086168,72.36752949504384,0.027794284746050835,0.010949432464713027,B段 抒情
Niemczuk,103.25913832199547,72.54698008666816,0.275661826133728,-0.023942012012412306,B段 抒情
Niemczuk,103.51455782312925,72.72643067829247,0.12853769958019257,0.039964271013559476,B段 抒情
Niemczuk,103.83963718820861,72.9548223403598,0.12868651747703552,0.018195807160736877,B段 抒情
Niemczuk,104.07183673469387,73.11795924183645,0.0337897390127182,-0.04625661811132886,B段 抒情
Niemczuk,104.32725623582766,73.29740983346076,0.33141249418258667,-0.10446996161590504,B段 抒情
Niemczuk,104.65233560090702,73.52580149552809,0.24737673997879028,-0.09697310774754442,B段 抒情
Niemczuk,105.37215419501133,74.03152589010571,0.2574167549610138,-0.061990412120849214,B段 抒情
Niemczuk,105.74367346938776,74.29254493246836,0.041888173669576645,-0.005563841261846391,B段 抒情
Niemczuk,106.0455328798186,74.50462290438801,0.029989685863256454,0.05352672188791985,B段 抒情
Niemczuk,106.3241723356009,74.70038718616,0.0307549387216568,0.006912713388373958,B段 抒情
Niemczuk,106.62603174603174,74.91246515807964,0.17700695991516113,0.006977318503231798,B段 抒情
Niemczuk,106.97433106575964,75.15717051029463,0.030058789998292923,-0.01484898904209331,B段 抒情
Niemczuk,107.25297052154195,75.35293479206662,0.14161056280136108,-0.007417665415232477,B段 抒情
Niemczuk,107.60126984126984,75.5976401442816,0.22903889417648315,-0.0032544651730859187,B段 抒情
Niemczuk,108.29786848072563,76.08705084871156,0.19154508411884308,-0.003814766273535496,B段 抒情
Niemczuk,108.59972789115646,76.29912882063121,0.025409502908587456,-0.01651857953675062,B段 抒情
Niemczuk,108.9015873015873,76.51120679255085,0.0752340778708458,-0.030782176372667888,B段 抒情
Niemczuk,109.15700680272109,76.69065738417518,0.25484535098075867,-0.05068759321602556,B段 抒情
Niemczuk,109.38920634920635,76.85379428565183,0.034789055585861206,-0.018007440871770086,华彩
Niemczuk,109.69106575963718,77.06587225757148,0.5014469027519226,-0.027437301616828332,华彩
Niemczuk,110.13224489795918,77.37583237037713,0.23626719415187836,-0.0014155495250633956,华彩
Niemczuk,110.50376417233561,77.63685141273977,0.20171526074409485,-0.022547604137912455,华彩
Niemczuk,110.80562358276644,77.84892938465943,0.028751613572239876,0.01901755197479815,华彩
Niemczuk,111.17714285714285,78.10994842702208,0.040351878851652145,-0.003178592970698446,华彩
Niemczuk,111.45578231292517,78.30571270879405,0.05618809536099434,0.000351400879594621,华彩
Niemczuk,111.68798185941043,78.46884961027071,0.03871393948793411,-0.0005418422873049166,华彩
Niemczuk,112.17560090702948,78.81143710337169,0.018619833514094353,0.007857596408200607,华彩
Niemczuk,112.40780045351474,78.97457400484834,0.42655330896377563,0.006572807774318789,华彩
Niemczuk,112.7328798185941,79.20296566691565,0.04696090519428253,0.006463114254984248,华彩
Niemczuk,113.081179138322,79.44767101913064,0.09545149654150009,-0.012090671316400401,华彩
Niemczuk,113.40625850340136,79.67606268119795,0.05403602123260498,0.009301691670771108,华彩
Niemczuk,113.73133786848072,79.90445434326527,0.06844881176948547,0.00043877885218535106,华彩
Niemczuk,114.03319727891156,80.11653231518491,0.07914229482412338,-0.014055697124604194,华彩
Niemczuk,114.33505668934241,80.32861028710457,0.04360901936888695,-0.0010978987575072092,华彩
Niemczuk,114.63691609977325,80.54068825902422,0.10659030079841614,-0.015112650135051807,华彩
Niemczuk,114.91555555555556,80.73645254079621,0.12151163816452026,-0.01609137013929285,华彩
Niemczuk,115.31029478458049,81.01378527330651,0.17536722123622894,-0.028161753607491843,华彩
Niemczuk,115.86757369614513,81.4053138368505,0.5707728266716003,-0.02850201256023865,华彩
Niemczuk,116.14621315192744,81.60107811862247,0.0451132208108902,0.11805432068285882,华彩
Niemczuk,116.40163265306123,81.7805287102468,0.03067793883383274,0.03313383349450305,华彩
Niemczuk,116.70349206349206,81.99260668216644,0.04433198645710945,-0.024447667851745788,华彩
Niemczuk,116.93569160997733,82.1557435836431,0.20184937119483948,-0.025489657446087225,华彩
Niemczuk,117.28399092970521,82.40044893585808,0.17709288001060486,-0.04261657137476504,华彩
Niemczuk,117.49297052154195,82.54727214718707,0.04312834516167641,-0.010780847412661386,华彩
Niemczuk,117.84126984126983,82.79197749940204,0.03775641694664955,0.00267189060423334,华彩
Niemczuk,118.37532879818595,83.16719237279835,0.03269292414188385,-0.0015656599771318722,华彩
Niemczuk,118.90938775510205,83.54240724619466,0.21592052280902863,0.08440219280601013,华彩
Niemczuk,119.11836734693877,83.68923045752364,0.02608407661318779,-0.04080181406607153,华彩
Niemczuk,119.46666666666667,83.93393580973863,0.04830360785126686,0.0014146640296530666,华彩
Niemczuk,119.74530612244898,84.12970009151061,0.07357719540596008,-0.0106255681885159,华彩
Niemczuk,119.95428571428572,84.2765233028396,0.05963301658630371,0.05844319844072742,华彩
Niemczuk,120.37224489795918,84.57016972549758,0.09455998986959457,-0.006173357428451708,华彩
Niemczuk,120.72054421768708,84.81487507771256,0.11914341896772385,-0.05583697034126089,华彩
Niemczuk,120.97596371882086,84.99432566933689,0.07728949934244156,0.02104175121075968,华彩
Niemczuk,121.20816326530613,85.15746257081354,0.16265743970870972,0.027051966435465147,华彩
Niemczuk,121.51002267573696,85.36954054273319,0.12515075504779816,0.02843634933924477,华彩
Niemczuk,121.78866213151927,85.56530482450518,0.11207592487335205,0.06105123047746019,华彩
Niemczuk,121.99764172335601,85.71212803583416,0.2634395658969879,0.01829246630222769,华彩
Niemczuk,122.20662131519275,85.85895124716315,0.2659933269023895,-0.1381096873046772,华彩
Niemczuk,122.43882086167801,86.02208814863981,0.2707306444644928,-0.09268588419217849,华彩
Niemczuk,122.64780045351473,86.16891135996879,0.13555611670017242,0.06753141815352137,华彩
Niemczuk,122.94965986394558,86.38098933188844,0.15237419307231903,-0.05352708453756349,华彩
Niemczuk,123.25151927437642,86.5930673038081,0.2866595685482025,0.04604017858582665,华彩
Niemczuk,123.57659863945578,86.82145896587541,0.24670986831188202,0.10205685125583841,华彩
Niemczuk,123.87845804988662,87.03353693779506,0.2593499422073364,-0.010879198043767246,华彩
Niemczuk,124.1338775510204,87.21298752941938,0.1564512401819229,0.020924274213030003,华彩
Niemczuk,124.43573696145124,87.42506550133902,0.19105644524097443,-0.07400588842756406,华彩
Niemczuk,124.73759637188209,87.63714347325869,0.26513537764549255,-0.054329430759025854,华彩
Niemczuk,125.03945578231293,87.84922144517833,0.2765844166278839,-0.25576590223863604,华彩
Niemczuk,125.31809523809524,88.04498572695032,0.2577416002750397,-0.06354635170282563,华彩
Niemczuk,125.59673469387755,88.2407500087223,0.3525316119194031,0.06751306937076151,华彩
Niemczuk,125.87537414965986,88.43651429049429,0.20087510347366333,-0.05411642864601162,华彩
Niemczuk,126.10757369614512,88.59965119197093,0.03585824742913246,0.096270874792026,华彩
Niemczuk,126.47909297052155,88.8606702343336,0.2954299747943878,-0.042272530981790624,华彩
Niemczuk,126.75773242630386,89.05643451610558,0.16200624406337738,0.04827316070077358,华彩
Niemczuk,127.08281179138322,89.28482617817289,0.07327979803085327,0.0159234507009387,华彩
Niemczuk,127.31501133786848,89.44796307964954,0.17982731759548187,-0.09126819386438001,华彩
Niemczuk,127.54721088435375,89.6110999811262,0.04690125584602356,-0.037503452767850824,华彩
Niemczuk,127.80263038548753,89.79055057275052,0.05381959304213524,-0.06264180465223035,华彩
Niemczuk,128.01160997732427,89.93737378407951,0.06376878172159195,-0.0017848187781055469,华彩
Niemczuk,128.26702947845806,90.11682437570383,0.08359182626008987,0.06800506007493821,华彩
Niemczuk,128.4992290249433,90.27996127718048,0.07145467400550842,0.0633859072877385,华彩
Niemczuk,128.80108843537414,90.49203924910013,0.07518161088228226,0.07267529608725452,华彩
Niemczuk,129.05650793650793,90.67148984072445,0.08335304260253906,0.010326909614377657,华彩
Niemczuk,129.33514739229025,90.86725412249643,0.2680278718471527,-0.05142266327311517,华彩
Niemczuk,129.5673469387755,91.03039102397308,0.054929159581661224,-0.09970199307645088,华彩
Niemczuk,129.8227664399093,91.2098416155974,0.09137528389692307,0.31590356884407805,华彩
Niemczuk,130.1710657596372,91.4545469678124,0.06652041524648666,0.1226615459017921,华彩
Niemczuk,130.49614512471655,91.6829386298797,0.047708895057439804,0.045384620716504294,华彩
Niemczuk,130.75156462585034,91.86238922150402,0.16666223108768463,0.06912920998729531,华彩
Niemczuk,131.14630385487527,92.13972195401433,0.07323931902647018,0.20888732542516664,华彩
Niemczuk,131.49460317460318,92.38442730622933,0.06473007798194885,-0.02305395537405275,华彩
Niemczuk,131.75002267573697,92.56387789785364,0.08967341482639313,-0.035765320535574574,华彩
Niemczuk,131.98222222222222,92.72701479933029,0.3096121847629547,-0.01134061731136171,华彩
Niemczuk,132.2144217687075,92.89015170080695,0.07588932663202286,-0.16024571459638537,华彩
Niemczuk,132.53950113378684,93.11854336287426,0.032814253121614456,-0.06753841043973809,华彩
Niemczuk,132.88780045351473,93.36324871508924,0.5651059746742249,-0.057620773986855056,华彩
Niemczuk,133.35219954648525,93.68952251804255,0.033943552523851395,-0.024945143422883113,华彩
Niemczuk,133.6540589569161,93.90160048996219,0.09491444379091263,0.07346022462115796,华彩
Niemczuk,133.86303854875283,94.04842370129118,0.3850078284740448,0.04563940465232008,华彩
Niemczuk,134.1184580498866,94.2278742929155,0.0813228115439415,0.19088065282630848,华彩
Niemczuk,134.3738775510204,94.40732488453983,0.04145989194512367,0.07780163123243256,华彩
Niemczuk,134.65251700680273,94.60308916631182,0.03259843960404396,-0.009009174027596604,华彩
Niemczuk,134.86149659863946,94.74991237764081,0.5509527325630188,-0.08657360995130148,华彩
Niemczuk,135.0936961451247,94.91304927911746,0.04758375510573387,0.21352630146793672,华彩
Niemczuk,135.30267573696145,95.05987249044645,0.04407547414302826,-0.15219599836200357,华彩
Niemczuk,135.55809523809523,95.23932308207077,0.6263501048088074,-0.3158737107696652,华彩
Niemczuk,136.30113378684808,95.76136116679608,0.1152791976928711,-0.02907875536948268,华彩
Niemczuk,136.64943310657597,96.00606651901104,0.15405631065368652,0.049215469152841244,华彩
Niemczuk,137.0209523809524,96.2670855613737,0.20780335366725922,-0.010903438032983104,华彩
Niemczuk,137.32281179138323,96.47916353329335,0.1731351912021637,-0.007420318797812795,华彩
Niemczuk,137.62467120181407,96.691241505213,0.19008462131023407,0.03675567731988849,华彩
Niemczuk,137.88009070294785,96.87069209683732,0.18784256279468536,-0.04764288278238382,华彩
Niemczuk,138.22839002267574,97.1153974490523,0.5952151417732239,-0.4294425839361793,华彩
Niemczuk,138.59990929705216,97.37641649141494,0.5559887290000916,-0.32351180652767647,华彩
Niemczuk,138.9249886621315,97.60480815348225,0.2597736716270447,-0.12137465009800505,华彩
Niemczuk,139.2500680272109,97.83319981554958,0.3116377592086792,-0.34277044310329075,华彩
Niemczuk,139.64480725623582,98.11053254805988,0.49364253878593445,-0.2668794545570563,华彩
Niemczuk,139.9698866213152,98.3389242101272,0.38430678844451904,-0.1063184033228026,华彩
Niemczuk,140.29496598639454,98.56731587219451,0.2707254886627197,-0.17317722695224802,华彩
Niemczuk,140.80580498866212,98.92621705544315,0.1016722321510315,0.3088357025262667,华彩
Niemczuk,141.08444444444444,99.12198133721515,0.08546024560928345,0.16930685042098045,华彩
Niemczuk,141.43274376417233,99.36668668943013,0.046999700367450714,0.16675305014359765,华彩
Niemczuk,141.87392290249434,99.67664680223578,0.35326096415519714,-0.29987571897436277,华彩
Niemczuk,142.08290249433108,99.82347001356477,0.04671722277998924,0.4019074344796536,华彩
Niemczuk,142.38476190476192,100.03554798548441,0.04912449046969414,0.010822823333000999,华彩
Niemczuk,142.7562811791383,100.29656702784705,0.03418397530913353,0.16354075069102691,华彩
Niemczuk,143.31356009070294,100.68809559139102,0.0873926430940628,0.3977232511715556,华彩
Niemczuk,143.68507936507936,100.94911463375367,0.11817527562379837,0.2503726836948772,华彩
Niemczuk,144.14947845804988,101.27538843670698,0.26402342319488525,-0.124394124986793,华彩
Niemczuk,144.4281179138322,101.47115271847898,0.3966453969478607,-0.31589053542120377,华彩
Niemczuk,144.63709750566895,101.61797592980797,0.04565119743347168,0.2224022410246107,华彩
Niemczuk,145.00861678004534,101.87899497217059,0.04110763967037201,-0.01132798306571203,华彩
Niemczuk,145.42657596371882,102.17264139482857,0.03501462936401367,0.08993385708890854,华彩
Niemczuk,145.7748752834467,102.41734674704355,0.3481135368347168,-0.3605174337280914,华彩
Niemczuk,145.98385487528344,102.56416995837255,0.042909376323223114,-0.04058575414092047,华彩
Niemczuk,146.26249433106577,102.75993424014453,0.5930695533752441,-0.186592719728651,华彩
Niemczuk,146.4714739229025,102.90675745147352,0.04137052968144417,-0.014071831810724687,华彩
Niemczuk,146.70367346938775,103.06989435295017,0.03838518634438515,0.06589714075744268,华彩
Niemczuk,147.05197278911564,103.31459970516515,0.11676763743162155,-0.00469700953544816,华彩
Niemczuk,147.35383219954647,103.5266776770848,0.14767006039619446,0.10366443821112625,华彩
Niemczuk,147.6324716553288,103.72244195885679,0.08348061889410019,-0.04529279276539455,华彩
Niemczuk,147.95755102040818,103.95083362092412,0.1064583882689476,-0.09265574535675114,华彩
Niemczuk,148.259410430839,104.16291159284377,0.16034294664859772,0.1333703859927482,华彩
Niemczuk,148.58448979591836,104.39130325491107,0.10622832924127579,0.005493667958944571,华彩
Niemczuk,148.83990929705215,104.57075384653538,0.10372036695480347,-0.14855725348752458,华彩
Niemczuk,149.16498866213152,104.7991455086027,0.1369965523481369,0.4129194315282802,华彩
Niemczuk,149.46684807256236,105.01122348052236,0.04611384496092796,-0.010310325615137115,华彩
Niemczuk,149.6758276643991,105.15804669185135,0.4165169894695282,-0.05979554307486978,华彩
Niemczuk,150.00090702947847,105.38643835391868,0.19396725296974182,0.01883798686321825,华彩
Niemczuk,150.3027664399093,105.59851632583832,0.35631343722343445,-0.09435977563043707,华彩
Niemczuk,150.6510657596372,105.8432216780533,0.5101129412651062,-0.11837660949822747,华彩
Niemczuk,150.95292517006803,106.05529964997295,0.32359200716018677,-0.2893526204388763,华彩
Niemczuk,151.2780045351474,106.28369131204028,0.3757050037384033,-0.1398301621520659,华彩
Niemczuk,151.7191836734694,106.5936514248459,0.035109713673591614,-0.001864997057055007,华彩
Niemczuk,151.97460317460317,106.77310201647023,0.47438549995422363,-0.15270076273736777,华彩
Niemczuk,152.29968253968255,107.00149367853756,0.26656609773635864,-0.11312001461192266,华彩
Niemczuk,152.6015419501134,107.2135716504572,0.10808396339416504,-0.05027987044741167,华彩
Niemczuk,152.88018140589568,107.40933593222917,0.414775013923645,-0.1461872829167987,华彩
Niemczuk,153.22848072562357,107.65404128444415,0.5416246652603149,-0.1734397614200134,华彩
Niemczuk,153.5071201814059,107.84980556621615,0.3410041630268097,-0.35017127192986663,华彩
Niemczuk,153.83219954648527,108.07819722828347,0.40735942125320435,-0.2038070007074566,华彩
Niemczuk,154.18049886621316,108.32290258049845,0.03243137523531914,-0.04160556313763663,华彩
Niemczuk,154.43591836734694,108.50235317212277,0.46835315227508545,-0.18839264803318656,华彩
Niemczuk,154.7609977324263,108.73074483419008,0.3936774432659149,-0.021874644517083652,华彩
Niemczuk,155.06285714285715,108.94282280610973,0.251803994178772,-0.010708332047215663,华彩
Niemczuk,155.364716553288,109.15490077802939,0.4908129870891571,-0.08724147928660386,华彩
Niemczuk,155.57369614512473,109.30172398935838,0.040094658732414246,0.03520081709211808,华彩
Niemczuk,155.78267573696147,109.44854720068737,0.5659063458442688,-0.20470466624828987,华彩
Niemczuk,155.99165532879817,109.59537041201634,0.044392991811037064,0.2656411762472999,华彩
Niemczuk,156.31673469387755,109.82376207408366,0.04405665025115013,-0.00554746329726185,华彩
Niemczuk,156.64181405895692,110.05215373615098,0.05391127988696098,-0.0026293402697774586,华彩
Niemczuk,156.94367346938776,110.26423170807064,0.03850387781858444,-0.06677317433059216,华彩
Niemczuk,157.22231292517006,110.45999598984261,0.4991770386695862,-0.1362327445349365,华彩
Niemczuk,157.89569160997732,110.93309300412491,0.09712903201580048,-0.03886759986926336,华彩
Niemczuk,158.1511111111111,111.11254359574923,0.2308894693851471,-0.009078113271243637,华彩
Niemczuk,158.38331065759638,111.27568049722589,0.21428203582763672,-0.03277325804447173,华彩
Niemczuk,158.73160997732427,111.52038584944087,0.24409186840057373,0.03946237011405174,华彩
Niemczuk,159.05668934240362,111.74877751150818,0.19236737489700317,0.15469276022486153,华彩
Niemczuk,159.33532879818594,111.94454179328017,0.0977315604686737,-0.02360167236474808,华彩
Niemczuk,159.66040816326532,112.17293345534749,0.29043132066726685,-0.16202708975470156,华彩
Niemczuk,159.9158276643991,112.3523840469718,0.12849389016628265,-0.06308635438472265,华彩
Niemczuk,160.1944671201814,112.54814832874379,0.20895248651504517,0.13947541392553828,华彩
Niemczuk,160.51954648526078,112.7765399908111,0.11776646971702576,0.007754288799333153,华彩
Niemczuk,160.79818594104307,112.97230427258309,0.1719430834054947,-0.18153390474253683,华彩
Niemczuk,161.0768253968254,113.16806855435507,0.10626865178346634,0.21261064716782127,华彩
Niemczuk,161.30902494331065,113.33120545583172,0.03911455348134041,0.060601413133554154,华彩
Niemczuk,161.65732426303856,113.57591080804671,0.5037944912910461,-0.4105090094071784,华彩
Niemczuk,161.93596371882086,113.7716750898187,0.4096653163433075,-0.19688693309944938,华彩
Niemczuk,162.19138321995464,113.95112568144302,0.19060637056827545,-0.04536855431069853,华彩
Niemczuk,162.42358276643992,114.11426258291968,0.11938861757516861,0.15818189385754522,华彩
Niemczuk,162.7718820861678,114.35896793513466,0.07554124295711517,-0.077971100108698,华彩
Niemczuk,163.00408163265305,114.5221048366113,0.1424107402563095,-0.0500719888805179,华彩
Niemczuk,163.37560090702948,114.78312387897395,0.10424589365720749,0.05608526907963096,华彩
Niemczuk,163.67746031746032,114.99520185089361,0.09043044596910477,0.00449904055130901,华彩
Niemczuk,163.9096598639456,115.15833875237027,0.17606720328330994,-0.2103905523654248,华彩
Niemczuk,164.16507936507938,115.33778934399459,0.22766098380088806,0.16575562849538983,华彩
Niemczuk,164.5598185941043,115.61512207650489,0.6043316125869751,-0.14734772739757318,华彩
Niemczuk,164.8152380952381,115.79457266812922,0.2581562101840973,-0.06166587745610741,华彩
Niemczuk,165.04743764172335,115.95770956960585,0.11203208565711975,0.22129280050648956,华彩
Niemczuk,165.30285714285714,116.13716016123018,0.15808293223381042,-0.0631865115792607,华彩
Niemczuk,165.5350566893424,116.30029706270685,0.0987769216299057,0.01703840807749657,华彩
Niemczuk,165.8136961451247,116.49606134447882,0.07454302161931992,0.049611494978307746,华彩
Niemczuk,166.02267573696145,116.64288455580781,0.20914679765701294,-0.05852175900145085,华彩
Niemczuk,166.27809523809523,116.82233514743213,0.03608168661594391,0.03975958334194729,华彩
Niemczuk,166.55673469387756,117.01809942920413,0.11622747033834457,-0.08965208476183761,华彩
Niemczuk,166.8585941043084,117.23017740112377,0.03392678499221802,0.038690988776579616,华彩
Niemczuk,167.23011337868482,117.49119644348643,0.24164274334907532,0.028991658336963155,华彩
Niemczuk,167.4855328798186,117.67064703511075,0.2353362888097763,-0.15034692351036935,华彩
Niemczuk,167.7409523809524,117.85009762673506,0.09064871817827225,-0.0511973592438153,华彩
Niemczuk,167.97315192743764,118.01323452821171,0.08493734896183014,0.006690928421448915,华彩
Niemczuk,168.2053514739229,118.17637142968836,0.1148248165845871,0.017954174109036103,华彩
Niemczuk,168.46077097505668,118.35582202131268,0.06439521163702011,0.015287244332284898,华彩
Niemczuk,168.71619047619046,118.53527261293699,0.06786467134952545,0.017020944551404682,华彩
Niemczuk,168.97160997732425,118.71472320456131,0.07085037976503372,-0.027273758087176247,华彩
Niemczuk,169.2734693877551,118.92680117648098,0.05880828946828842,0.034868857301262324,华彩
Niemczuk,169.6449886621315,119.18782021884361,0.02574903890490532,0.02286840338001639,华彩
Niemczuk,169.99328798185942,119.4325255710586,0.144566610455513,0.010948908902719268,华彩
Niemczuk,170.20226757369613,119.57934878238758,0.1279614120721817,-0.06103528153289516,华彩
Niemczuk,170.48090702947846,119.77511306415957,0.08482257276773453,-0.05130779859428003,华彩
Niemczuk,170.73632653061225,119.9545636557839,0.11013524234294891,0.08572921451559522,华彩
Niemczuk,171.03818594104308,120.16664162770354,0.07016989588737488,0.027990748185402477,华彩
Niemczuk,171.27038548752836,120.3297785291802,0.13454249501228333,-0.030538221790266107,华彩
Niemczuk,171.82766439909298,120.72130709272417,0.20341052114963531,-0.051003154749196256,华彩
Niemczuk,172.05986394557823,120.88444399420082,0.0335678830742836,-0.02141206209671509,华彩
Niemczuk,172.40816326530611,121.1291493464158,0.03742584213614464,-0.010615139206038293,华彩
Niemczuk,172.77968253968254,121.39016838877845,0.6344562768936157,-0.0901795621302881,华彩
Niemczuk,173.05832199546487,121.58593267055045,0.5852181315422058,-0.11728717845471692,华彩
Niemczuk,173.7084807256236,122.04271599468507,0.3191678524017334,-0.0643684197143557,华彩
Niemczuk,174.28897959183672,122.4505582483767,0.12856139242649078,0.0009444275292480596,华彩
Niemczuk,174.49795918367346,122.59738145970569,0.08464640378952026,0.031824104371480644,华彩
Niemczuk,175.05523809523808,122.98891002324966,0.13107091188430786,0.0036028182080372058,华彩
Niemczuk,175.26421768707482,123.13573323457865,0.21215678751468658,0.04142251196981305,华彩
Niemczuk,175.56607709750566,123.34781120649829,0.21036182343959808,-0.0035708914310816904,华彩
Niemczuk,175.84471655328798,123.54357548827029,0.11221909523010254,0.0033193238323292466,华彩
Niemczuk,176.07691609977323,123.70671238974693,0.09405603259801865,0.004774470926349748,华彩
Niemczuk,176.33233560090702,123.88616298137126,0.189437597990036,0.007597034937134595,华彩
Niemczuk,176.5645351473923,124.04929988284792,0.16027453541755676,0.04488465219765204,华彩
Niemczuk,176.86639455782313,124.26137785476756,0.17254212498664856,0.02272914352943189,华彩
Niemczuk,177.1914739229025,124.48976951683488,0.15011842548847198,0.028928554911544772,华彩
Niemczuk,177.51655328798185,124.71816117890219,0.17277300357818604,-0.09165141163975932,华彩
Niemczuk,177.86485260770976,124.96286653111719,0.12002820521593094,-0.032504636124031094,华彩
Niemczuk,178.12027210884355,125.14231712274152,0.12402193248271942,0.03479295800161708,华彩
Niemczuk,178.39891156462585,125.33808140451349,0.1308661252260208,0.006563312513208075,华彩
Niemczuk,178.67755102040817,125.53384568628547,0.11963630467653275,0.0006982655349929703,华彩
Niemczuk,179.11873015873016,125.84380579909111,0.028032498434185982,-0.004717918949381783,华彩
Niemczuk,179.420589569161,126.05588377101077,0.027539899572730064,0.04677770733110264,华彩
Niemczuk,179.74566893424037,126.28427543307808,0.027390174567699432,-0.013633076952146437,华彩
Niemczuk,180.02430839002267,126.48003971485007,0.02636953443288803,-0.004114219441930799,华彩
Niemczuk,180.34938775510204,126.70843137691739,0.03732224926352501,-0.0016220478784134682,华彩
Niemczuk,180.62802721088434,126.90419565868936,0.7935814261436462,-0.027338388031239443,华彩
Niemczuk,180.83700680272108,127.05101887001835,0.030358316376805305,0.10364073586970333,华彩
Niemczuk,181.1156462585034,127.24678315179034,0.04076066240668297,-0.03125365122969015,华彩
Niemczuk,181.71936507936508,127.67093909562963,0.5723996162414551,-0.059979359889439365,华彩
Niemczuk,182.23020408163265,128.02984027887828,0.033090364187955856,0.021041332934146336,华彩
Niemczuk,182.50884353741498,128.22560456065028,0.18327325582504272,0.08395107288379222,华彩
Niemczuk,182.88036281179137,128.4866236030129,0.0375024788081646,0.01520215751042997,华彩
Niemczuk,183.2518820861678,128.74764264537555,0.14223551750183105,-0.014688464648315856,华彩
Niemczuk,183.57696145124717,128.9760343074429,0.18742606043815613,-0.021195976864873952,华彩
Niemczuk,183.80916099773242,129.13917120891952,0.11813699454069138,-0.00977574804892356,华彩
Niemczuk,184.11102040816326,129.35124918083918,0.13928823173046112,-0.022141128738439875,华彩
Niemczuk,184.34321995464853,129.51438608231584,0.13794568181037903,0.014155245048641516,华彩
Niemczuk,184.55219954648527,129.66120929364482,0.20002418756484985,-0.03142331611343251,华彩
Niemczuk,184.761179138322,129.80803250497382,0.17640459537506104,0.016875024266482797,华彩
Niemczuk,185.0165986394558,129.98748309659814,0.3342708945274353,-0.010394152832304824,华彩
Niemczuk,185.2952380952381,130.1832473783701,0.22249151766300201,-0.010445409861858932,尾声
Niemczuk,185.50421768707483,130.33007058969912,0.1965087205171585,-0.015881370450188115,尾声
Niemczuk,185.75963718820861,130.50952118132344,0.13536497950553894,-0.012946188803653058,尾声
Niemczuk,186.1079365079365,130.7542265335384,0.13967318832874298,-0.014437806180467305,尾声
Niemczuk,186.38657596371883,130.9499908153104,0.2219720482826233,-0.011447128156305553,尾声
Niemczuk,186.66521541950112,131.14575509708237,0.24799498915672302,-0.00954166904421072,尾声
Niemczuk,186.96707482993196,131.35783306900203,0.1408623456954956,-0.0019605596548899484,尾声
Niemczuk,187.38503401360543,131.65147949166,0.2239868938922882,-0.00957947634390166,尾声
Niemczuk,187.68689342403627,131.86355746357964,0.23501133918762207,-0.01245137186742795,尾声
Niemczuk,187.91909297052155,132.0266943650563,0.03599225729703903,-0.000489002545123185,尾声
Niemczuk,188.17451247165533,132.20614495668065,0.25615742802619934,-0.0303599614653649,尾声
Niemczuk,188.38349206349207,132.35296816800962,0.029500212520360947,-0.01841798187456334,尾声
Niemczuk,188.6853514739229,132.56504613992928,0.2984057068824768,-0.001723614786897087,尾声
Niemczuk,189.08009070294784,132.84237887243958,0.14040756225585938,0.003432677988257637,尾声
Niemczuk,189.28907029478458,132.98920208376856,0.03647152706980705,-0.003985007720075373,尾声
Niemczuk,189.52126984126983,133.15233898524522,0.03150008246302605,0.02623695708052764,尾声
Niemczuk,189.98566893424035,133.47861278819852,0.38192272186279297,-0.009703822854589818,尾声
Niemczuk,190.1946485260771,133.62543599952753,0.16416911780834198,0.016404479072207323,尾声
Niemczuk,190.61260770975056,133.9190824221855,0.07537366449832916,-0.0017790008655538256,尾声
Niemczuk,190.84480725623584,134.08221932366217,0.4313107132911682,-0.019058530011761828,尾声
Niemczuk,191.10022675736963,134.2616699152865,0.11051768809556961,-0.001038709990552889,尾声
Niemczuk,191.40208616780046,134.47374788720614,0.12101607769727707,0.04537391264420875,尾声
Niemczuk,191.7039455782313,134.68582585912577,0.11399916559457779,0.009768802078724546,尾声
Niemczuk,191.9825850340136,134.88159014089774,0.0327795036137104,0.027494940945871345,尾声
Niemczuk,192.21478458049887,135.04472704237443,0.404146283864975,0.005938400806826395,尾声
Niemczuk,192.4237641723356,135.1915502537034,0.07991420477628708,-0.05068630734967882,尾声
Niemczuk,192.72562358276645,135.40362822562307,0.08052283525466919,0.001324422521520319,尾声
Niemczuk,193.02748299319728,135.61570619754272,0.04757750779390335,0.02325234096360873,尾声
Niemczuk,193.3990022675737,135.87672523990537,0.06671290099620819,-0.0025512545676065197,尾声
Niemczuk,193.7705215419501,136.137744282268,0.06534422934055328,0.005195365588406275,尾声
Niemczuk,194.11882086167802,136.38244963448298,0.07485026121139526,0.007563873145954857,尾声
Niemczuk,194.56,136.69240974728862,0.07496877014636993,-0.00940708567895854,尾声
Niemczuk,195.16371882086167,137.11656569112793,0.09181999415159225,0.0025918858909790283,尾声
Niemczuk,195.3726984126984,137.2633889024569,0.284894198179245,-0.017408265114227103,尾声
Niemczuk,196.2550566893424,137.8833091280682,0.02455994486808777,-0.0026627078568708384,尾声
Niemczuk,196.5104761904762,138.06275971969254,0.023633280768990517,-0.0014181414314862193,尾声
Niemczuk,197.04453514739228,138.43797459308882,0.11900468915700912,0.017530034460833118,尾声
Niemczuk,197.25351473922902,138.5847978044178,0.11784643679857254,0.05169823641608672,尾声
Niemczuk,197.5089342403628,138.76424839604212,0.1635822057723999,-0.026726679971034173,尾声
Niemczuk,197.74113378684808,138.92738529751878,0.02500896342098713,-0.00876092160524422,尾声
Niemczuk,199.13433106575962,139.9062067063787,0.019190408289432526,0.00041899576501691627,尾声
Niemczuk,199.41297052154195,140.1019709881507,0.30911785364151,-0.02449130494142082,尾声
Niemczuk,199.6219501133787,140.24879419947968,0.03448885306715965,-0.0109168331505316,尾声
Niemczuk,199.83092970521542,140.39561741080868,0.024188591167330742,-0.004123395922306372,尾声
Niemczuk,200.66684807256235,140.98291025612463,0.24889661371707916,-0.005415699718014366,尾声
Niemczuk,201.03836734693877,141.24392929848727,0.14348015189170837,-0.002989353004068107,尾声
Niemczuk,201.73496598639457,141.73334000291726,0.2116546630859375,0.0006113556764830721,尾声
Niemczuk,202.64054421768708,142.3695739186762,1.0,-0.04862579653490684,尾声
Niemczuk,202.89596371882087,142.5490245103005,0.033822521567344666,-0.013510243769587756,尾声
Niemczuk,203.15138321995465,142.72847510192483,0.030834566801786423,-0.005532234160909866,尾声
Niemczuk,203.917641723356,143.2668268767978,0.45151907205581665,-0.0330528801384844,尾声
Niemczuk,204.28916099773244,143.52784591916046,0.38517898321151733,-0.03372191143284908,尾声
Niemczuk,204.77678004535147,143.8704334122614,0.029699137434363365,-0.0035526996811086065,尾声
Niemczuk,205.1482993197279,144.13145245462405,0.23665441572666168,-0.005532619431392049,尾声
Niemczuk,206.123537414966,144.816627440826,0.01889127492904663,0.026181033115335588,尾声
Niemczuk,206.42539682539683,145.02870541274567,0.02417503111064434,-0.004653723993897074,尾声
Niemczuk,206.65759637188208,145.1918423142223,0.2634713351726532,-0.026451660113480106,尾声
Niemczuk,206.91301587301587,145.37129290584662,0.3018750250339508,-0.012432044957222388,尾声
Niemczuk,207.16843537414965,145.55074349747093,0.23488183319568634,-0.017493820348590813,尾声
Niemczuk,207.44707482993198,145.74650777924293,0.21921811997890472,-0.02442652244099008,尾声
Niemczuk,207.74893424036281,145.9585857511626,0.20927251875400543,-0.012532264105402646,尾声
Niemczuk,207.95791383219955,146.10540896249157,0.04433199763298035,1.858334712778744e-05,尾声
Niemczuk,208.2829931972789,146.33380062455888,0.030394412577152252,-0.001590758901670597,尾声
Niemczuk,208.58485260770976,146.54587859647856,0.31493672728538513,-0.013926615756076897,尾声
Niemczuk,209.37433106575963,147.10054406149916,0.02447257563471794,0.036489117745475134,尾声
Niemczuk,209.93160997732426,147.49207262504314,0.035317312926054,-0.00046425648179138063,尾声
Niemczuk,213.9718820861678,150.33065471073692,0.022232316434383392,-0.00044136091048585513,尾声
HIEW Tzejia,0.06965986394557823,0.049435811122089404,0.0990801528096199,0.018976630460088014,A段 主题
HIEW Tzejia,0.301859410430839,0.21422184819572077,0.044075120240449905,-0.009927926606678739,A段 主题
HIEW Tzejia,0.603718820861678,0.42844369639144153,0.067781962454319,-7.137793716083249e-05,A段 主题
HIEW Tzejia,1.2770975056689342,0.9063232039049725,0.04709906131029129,0.020715262290593728,A段 主题
HIEW Tzejia,1.555736961451247,1.10406644839333,0.05332370474934578,0.006618251069312464,A段 主题
HIEW Tzejia,1.8808163265306121,1.3347669002964138,0.060613278299570084,-0.0031537039603790618,A段 主题
HIEW Tzejia,2.159455782312925,1.5325101447847715,0.054775603115558624,-0.004998732248395753,A段 主题
HIEW Tzejia,2.414875283446712,1.7137747855657661,0.04424254596233368,0.013330891944463017,A段 主题
HIEW Tzejia,2.6238548752834467,1.8620822189320343,0.2590959370136261,-0.009313965773571908,A段 主题
HIEW Tzejia,3.0418140589569163,2.1586970856645706,0.045252475887537,-0.002471736769393828,A段 主题
HIEW Tzejia,3.3901133786848074,2.405876141275018,0.3033998906612396,0.024938812572372623,A段 主题
HIEW Tzejia,3.645532879818594,2.587140782056012,0.36589837074279785,-0.01663407998648836,A段 主题
HIEW Tzejia,3.877732426303855,2.7519268191296433,0.05550510808825493,-0.004601606417509174,A段 主题
HIEW Tzejia,4.133151927437642,2.9331914599106383,0.1508808583021164,-0.0016854716363923215,A段 主题
HIEW Tzejia,4.4117913832199545,3.1309347043989955,0.097065769135952,0.02372980431459837,A段 主题
HIEW Tzejia,4.667210884353741,3.31219934517999,0.28907546401023865,0.02655327757565828,A段 主题
HIEW Tzejia,4.96907029478458,3.5264211933757106,0.271780788898468,0.03926446797777316,A段 主题
HIEW Tzejia,5.201269841269841,3.691207230449342,0.10941553115844727,-0.012571318893606076,A段 主题
HIEW Tzejia,5.410249433106576,3.8395146638156104,0.12605178356170654,-0.04122166972138075,A段 主题
HIEW Tzejia,5.642448979591837,4.0043007008892415,0.0881011113524437,-0.015467710159100532,A段 主题
HIEW Tzejia,5.851428571428571,4.15260813425551,0.14843252301216125,-0.00859972109310547,A段 主题
HIEW Tzejia,6.060408163265306,4.300915567621778,0.1417154222726822,-0.003491812799438776,A段 主题
HIEW Tzejia,6.315827664399093,4.482180208402773,0.13529938459396362,0.0028603967962226307,A段 主题
HIEW Tzejia,6.524807256235827,4.630487641769041,0.23243089020252228,0.0017893622839437737,A段 主题
HIEW Tzejia,6.757006802721088,4.795273678842673,0.2855229079723358,0.03138358938485907,A段 主题
HIEW Tzejia,6.965986394557823,4.94358111220894,0.20845045149326324,-0.00018329540125705554,A段 主题
HIEW Tzejia,7.22140589569161,5.124845752989935,0.22345541417598724,0.01779001152044657,A段 主题
HIEW Tzejia,7.500045351473923,5.3225889974782925,0.22051581740379333,-0.01776427175173012,A段 主题
HIEW Tzejia,7.778684807256236,5.520332241966651,0.16274766623973846,-0.0030235428198466248,A段 主题
HIEW Tzejia,7.987664399092971,5.668639675332918,0.11686784774065018,0.017341357806799348,A段 主题
HIEW Tzejia,8.289523809523809,5.882861523528638,0.09151686728000641,-0.009132226972496937,A段 主题
HIEW Tzejia,8.544943310657596,6.064126164309633,0.14890658855438232,-0.0029166640132416433,A段 主题
HIEW Tzejia,8.870022675736962,6.294826616212718,0.11305156350135803,-0.002507494704673263,A段 主题
HIEW Tzejia,10.425759637188209,7.398893064606048,0.04326310008764267,4.590627611378294e-05,A段 主题
HIEW Tzejia,10.634739229024943,7.547200497972315,0.0648060217499733,0.0005263364187158004,A段 主题
HIEW Tzejia,10.913378684807256,7.7449437424606735,0.04280620068311691,-0.0016611890018225493,A段 主题
HIEW Tzejia,11.19201814058957,7.942686986949031,0.04809035733342171,-0.0014388696548905953,A段 主题
HIEW Tzejia,11.470657596371883,8.140430231437389,0.4254072606563568,-0.016579750999312637,A段 主题
HIEW Tzejia,11.842176870748299,8.404087890755198,0.0414964035153389,-0.0048412480296633476,A段 主题
HIEW Tzejia,12.144036281179138,8.61830973895092,0.07508165389299393,-0.0007318955447033204,A段 主题
HIEW Tzejia,12.538775510204081,8.898446001976092,0.6076164841651917,-0.0068782093876507125,A段 主题
HIEW Tzejia,12.817414965986394,9.09618924646445,0.3760623037815094,-0.01441755056248439,A段 主题
HIEW Tzejia,13.119274376417234,9.310411094660171,0.09936865419149399,-0.0046734308625673284,A段 主题
HIEW Tzejia,13.421133786848072,9.524632942855892,0.04645400866866112,-0.0036780965686489244,A段 主题
HIEW Tzejia,13.699773242630386,9.72237618734425,0.5917181968688965,-0.013074482262709353,A段 主题
HIEW Tzejia,13.908752834467121,9.870683620710519,0.07348228245973587,-0.004382729093777016,A段 主题
HIEW Tzejia,14.32671201814059,10.167298487443055,0.05679173767566681,0.015617536119805209,A段 主题
HIEW Tzejia,14.55891156462585,10.332084524516686,0.44649192690849304,0.03261826268499135,A段 主题
HIEW Tzejia,14.883990929705215,10.562784976419769,0.07874537259340286,-0.009364966393832217,A段 主题
HIEW Tzejia,15.162630385487528,10.760528220908126,0.16628116369247437,0.008201254843243078,A段 主题
HIEW Tzejia,15.534149659863946,11.024185880225938,0.19534288346767426,0.010995833235938335,A段 主题
HIEW Tzejia,15.74312925170068,11.172493313592206,0.24152153730392456,0.05871369353371847,A段 主题
HIEW Tzejia,16.091428571428573,11.419672369202653,0.11774726957082748,-0.026618797073751917,A段 主题
HIEW Tzejia,16.300408163265306,11.567979802568921,0.2674767076969147,-0.039711165914013684,A段 主题
HIEW Tzejia,16.532607709750568,11.732765839642553,0.2096167504787445,-0.03467713262352845,A段 主题
HIEW Tzejia,16.741587301587302,11.88107327300882,0.17755666375160217,-0.0117546159003723,A段 主题
HIEW Tzejia,17.020226757369613,12.078816517497177,0.2539471685886383,-0.012687545358858186,A段 主题
HIEW Tzejia,17.29886621315193,12.276559761985537,0.4667748212814331,0.01510177756927078,A段 主题
HIEW Tzejia,17.57750566893424,12.474303006473892,0.20006871223449707,0.007098511764525028,A段 主题
HIEW Tzejia,17.832925170068027,12.655567647254887,0.36004117131233215,0.0025330779180876557,A段 主题
HIEW Tzejia,18.22766439909297,12.93570391028006,0.373516708612442,0.004312893133828767,A段 主题
HIEW Tzejia,18.52952380952381,13.149925758475781,0.1576165109872818,0.010275935733261576,A段 主题
HIEW Tzejia,18.738503401360543,13.29823319184205,0.191898912191391,-0.02697495053780585,A段 主题
HIEW Tzejia,18.970702947845805,13.46301922891568,0.26696640253067017,-0.0036953213225388026,A段 主题
HIEW Tzejia,19.249342403628116,13.660762473404038,0.11362314969301224,-0.00877601728461741,A段 主题
HIEW Tzejia,19.551201814058956,13.87498432159976,0.21233148872852325,-0.0037863866111820244,A段 主题
HIEW Tzejia,19.760181405895693,14.02329175496603,0.1870983988046646,0.0010072032807784124,A段 主题
HIEW Tzejia,20.038820861678005,14.221034999454385,0.1263439804315567,0.0024250497460798215,A段 主题
HIEW Tzejia,20.271020408163267,14.385821036528018,0.11533964425325394,0.0002456968047681584,A段 主题
HIEW Tzejia,21.223038548752836,15.061443788529907,0.05742181837558746,0.0007030627045878646,A段 主题
HIEW Tzejia,22.453696145124717,15.934809785020152,0.04424676299095154,-7.194399529453221e-05,A段 主题
HIEW Tzejia,22.941315192743765,16.280860462874777,0.3806394338607788,-0.0009884925646019835,A段 主题
HIEW Tzejia,23.289614512471655,16.528039518485222,0.0894717201590538,0.0033080588039524623,A段 主题
HIEW Tzejia,23.707573696145126,16.824654385217762,0.07407040148973465,0.011465312893221833,A段 主题
HIEW Tzejia,24.03265306122449,17.055354837120845,0.6903362274169922,-0.013441121529922384,A段 主题
HIEW Tzejia,24.241632653061224,17.20366227048711,0.060792647302150726,0.020911605648166187,A段 主题
HIEW Tzejia,24.52027210884354,17.401405514975472,0.6768134236335754,0.0045066034317642325,A段 主题
HIEW Tzejia,24.86857142857143,17.648584570585918,0.6974357962608337,-0.014919683758307654,A段 主题
HIEW Tzejia,25.21687074829932,17.895763626196366,0.7256322503089905,-0.01989276039466859,A段 主题
HIEW Tzejia,25.495510204081633,18.093506870684724,0.7555482983589172,-0.010498981021100917,A段 主题
HIEW Tzejia,25.704489795918366,18.24181430405099,0.19632112979888916,0.05054721366377633,A段 主题
HIEW Tzejia,26.006349206349206,18.45603615224671,0.24514980614185333,-0.0016321325347234967,A段 主题
HIEW Tzejia,26.284988662131518,18.653779396735068,0.17566274106502533,-0.014764591469429435,A段 主题
HIEW Tzejia,26.563628117913833,18.851522641223426,0.16200575232505798,0.01181804091174854,A段 主题
HIEW Tzejia,26.842267573696144,19.049265885711783,0.2233428657054901,0.004008189603155184,A段 主题
HIEW Tzejia,27.074467120181406,19.214051922785416,0.2886600196361542,0.0690272221163468,A段 主题
HIEW Tzejia,27.353106575963718,19.411795167273773,0.15190337598323822,-0.004008852829429087,A段 主题
HIEW Tzejia,27.608526077097505,19.593059808054768,0.15374116599559784,-0.018198101952293655,A段 主题
HIEW Tzejia,27.88716553287982,19.790803052543126,0.08130791783332825,-0.024252687444459298,A段 主题
HIEW Tzejia,28.142585034013607,19.97206769332412,0.11275946348905563,0.012691861343228077,A段 主题
HIEW Tzejia,28.35156462585034,20.120375126690387,0.051182184368371964,-0.00841674441289797,A段 主题
HIEW Tzejia,28.583764172335602,20.28516116376402,0.13342547416687012,-0.004992701497030793,A段 主题
HIEW Tzejia,29.164263038548754,20.697126256448097,0.0544564351439476,-0.007340606245520575,A段 主题
HIEW Tzejia,29.41968253968254,20.878390897229092,0.0780220702290535,-0.0009734181929843544,A段 主题
HIEW Tzejia,29.76798185941043,21.125569952839538,0.5219211578369141,0.044050938095097074,A段 主题
HIEW Tzejia,29.976961451247167,21.273877386205807,0.21342416107654572,0.006783315507163934,A段 主题
HIEW Tzejia,30.209160997732425,21.438663423279436,0.35731184482574463,-0.03422032466460223,A段 主题
HIEW Tzejia,30.72,21.801192704841426,0.06158764660358429,-0.004055839235661551,A段 主题
HIEW Tzejia,31.2540589569161,22.18020059011078,0.046144258230924606,-0.002770261349382963,A段 主题
HIEW Tzejia,31.834557823129252,22.592165682794857,0.04097724333405495,-0.0021082917854187144,A段 主题
HIEW Tzejia,32.25251700680272,22.888780549527393,0.04179651290178299,0.021015533241097728,A段 主题
HIEW Tzejia,32.64725623582766,23.168916812552567,0.058651793748140335,-0.007487968593977711,A段 主题
HIEW Tzejia,33.36707482993197,23.679753527480823,0.1868189126253128,-0.0002482918148416504,A段 主题
HIEW Tzejia,33.62249433106576,23.86101816826182,0.41760924458503723,0.0062379486962527144,A段 主题
HIEW Tzejia,33.877913832199546,24.042282809042813,0.13193541765213013,-0.011451506929915922,A段 主题
HIEW Tzejia,34.13333333333333,24.22354744982381,0.11468596011400223,0.0034354972967776116,A段 主题
HIEW Tzejia,34.66739229024943,24.602555335093157,0.11995909363031387,-0.015313005587813676,A段 主题
HIEW Tzejia,35.456870748299316,25.162827861143505,0.4003257751464844,0.0028075927161808063,A段 主题
HIEW Tzejia,35.735510204081635,25.360571105631866,0.3195050060749054,-0.0003140426542813655,A段 主题
HIEW Tzejia,35.944489795918365,25.508878538998133,0.14729762077331543,-0.012988866387786402,A段 主题
HIEW Tzejia,36.19990929705215,25.690143179779124,0.23471170663833618,0.0013386833188633318,A段 主题
HIEW Tzejia,36.40888888888889,25.838450613145394,0.08919205516576767,-0.010386692133579343,A段 主题
HIEW Tzejia,36.710748299319725,26.052672461341114,0.2672390341758728,-0.028956874768937265,A段 主题
HIEW Tzejia,37.1287074829932,26.349287328073654,0.036276254802942276,-0.005472126474614924,A段 主题
HIEW Tzejia,37.45378684807256,26.579987779976737,0.6134752035140991,0.016924051442401833,A段 主题
HIEW Tzejia,37.70920634920635,26.76125242075773,0.5303646922111511,0.030944923696551992,A段 主题
HIEW Tzejia,37.918185941043085,26.909559854124,0.5088194608688354,0.0006295445018622564,A段 主题
HIEW Tzejia,38.17360544217687,27.090824494904993,0.5479457378387451,-0.06813912345933204,A段 主题
HIEW Tzejia,38.40580498866213,27.255610531978625,0.2926379442214966,-0.048562955726083594,A段 主题
HIEW Tzejia,38.70766439909297,27.469832380174346,0.22493033111095428,-0.07622409239047556,A段 主题
HIEW Tzejia,39.450702947845805,27.997147698809968,0.29238513112068176,0.0021853967041352007,A段 主题
HIEW Tzejia,39.72934240362812,28.194890943298322,0.22711341083049774,0.025087962922043513,A段 主题
HIEW Tzejia,40.170521541950116,28.507984413738225,0.11880824714899063,0.00441643330759689,A段 主题
HIEW Tzejia,40.63492063492063,28.837556487885486,0.2406381368637085,-0.02097993126426445,A段 主题
HIEW Tzejia,40.84390022675737,28.985863921251756,0.4548565149307251,0.08371740379971014,A段 主题
HIEW Tzejia,41.09931972789116,29.167128562032747,0.35913750529289246,0.0063940160089259734,A段 主题
HIEW Tzejia,41.33151927437642,29.33191459910638,0.4298407733440399,-0.08889993698630858,A段 主题
HIEW Tzejia,41.586938775510205,29.513179239887375,0.3029211163520813,-0.05852703902746725,A段 主题
HIEW Tzejia,41.84235827664399,29.69444388066837,0.3268950581550598,-0.010264019624628418,A段 主题
HIEW Tzejia,42.09777777777778,29.875708521449365,0.3020799160003662,-0.006107791136855667,A段 主题
HIEW Tzejia,42.60861678004535,30.238237803011355,0.3578106164932251,-0.029268165440043955,A段 主题
HIEW Tzejia,42.81759637188209,30.386545236377625,0.28658604621887207,0.01940353026839147,A段 主题
HIEW Tzejia,43.0962358276644,30.58428848086598,0.5263790488243103,0.0062216764945333125,A段 主题
HIEW Tzejia,43.32843537414966,30.74907451793961,0.5326772332191467,-0.1432975711850304,A段 主题
HIEW Tzejia,43.607074829931975,30.94681776242797,0.35027897357940674,-0.06007138122186006,A段 主题
HIEW Tzejia,43.86249433106576,31.128082403208964,0.31658852100372314,-0.0112659377464297,A段 主题
HIEW Tzejia,44.07147392290249,31.276389836575227,0.1779807209968567,0.0076691217600455275,A段 主题
HIEW Tzejia,44.62875283446712,31.671876325551946,0.2606852650642395,-0.038921436748751155,A段 主题
HIEW Tzejia,44.93061224489796,31.886098173747666,0.5122228860855103,-0.08491620606037031,A段 主题
HIEW Tzejia,45.255691609977326,32.11679862565075,0.05810488387942314,0.03416388358346012,A段 主题
HIEW Tzejia,45.60399092970521,32.3639776812612,0.3110369145870209,-0.03824007178536703,A段 主题
HIEW Tzejia,45.859410430839006,32.54524232204219,0.46959587931632996,-0.024278837850033597,A段 主题
HIEW Tzejia,46.09160997732426,32.710028359115825,0.26785069704055786,-0.02300883593306935,A段 主题
HIEW Tzejia,46.32380952380952,32.87481439618946,0.2621150612831116,-0.04755698423650755,A段 主题
HIEW Tzejia,46.53278911564626,33.02312182955573,0.05110364407300949,0.014289937280409504,A段 主题
HIEW Tzejia,47.438367346938776,33.66578737414289,0.262160062789917,-0.021960627458383897,A段 主题
HIEW Tzejia,47.69378684807256,33.84705201492388,0.5780878663063049,0.03054802646147436,A段 主题
HIEW Tzejia,47.925986394557825,34.011838051997515,0.34755831956863403,-0.01668284669449349,A段 主题
HIEW Tzejia,48.204625850340136,34.209581296485865,0.3163631856441498,0.0020821337102461253,A段 主题
HIEW Tzejia,48.4368253968254,34.3743673335595,0.2703092694282532,-0.03860644485484954,A段 主题
HIEW Tzejia,48.692244897959185,34.55563197434049,0.28942638635635376,-0.03984818636126874,A段 主题
HIEW Tzejia,48.92444444444445,34.720418011414125,0.3357917070388794,-0.01362083794447244,A段 主题
HIEW Tzejia,49.179863945578234,34.90168265219512,0.3316799998283386,0.0033988441373367082,A段 主题
HIEW Tzejia,49.412063492063496,35.06646868926875,0.4043961763381958,-0.04304272242734441,A段 主题
HIEW Tzejia,49.64426303854875,35.23125472634238,0.5003492832183838,-0.05396741044023656,A段 主题
HIEW Tzejia,49.87646258503401,35.39604076341601,0.2891853153705597,-0.06437958784317743,A段 主题
HIEW Tzejia,50.1318820861678,35.577305404197006,0.1688946932554245,0.006605074759136187,A段 主题
HIEW Tzejia,50.340861678004536,35.725612837563276,0.059640686959028244,-0.05151376878984592,A段 主题
HIEW Tzejia,50.64272108843537,35.939834685758996,0.3878634572029114,-0.028520487876448893,A段 主题
HIEW Tzejia,50.874920634920635,36.10462072283263,0.24966628849506378,-0.03097273956882418,A段 主题
HIEW Tzejia,51.1071201814059,36.26940675990626,0.3835912346839905,-0.047714714628455106,A段 主题
HIEW Tzejia,51.316099773242634,36.41771419327253,0.4830132722854614,-0.021540792931773464,A段 主题
HIEW Tzejia,51.594739229024945,36.61545743776089,0.3789726793766022,-0.0582402741201804,A段 主题
HIEW Tzejia,51.82693877551021,36.78024347483452,0.2581849992275238,-0.07017309424099949,A段 主题
HIEW Tzejia,52.10557823129252,36.97798671932288,0.23831617832183838,-0.008035060318434262,A段 主题
HIEW Tzejia,52.59319727891157,37.324037397177506,0.3264690041542053,-0.021884050966036735,A段 主题
HIEW Tzejia,52.8021768707483,37.47234483054377,0.199277862906456,0.019246779197601423,A段 主题
HIEW Tzejia,53.057596371882084,37.65360947132476,0.27933821082115173,-0.07146449750052852,A段 主题
HIEW Tzejia,53.31301587301587,37.83487411210576,0.5636675953865051,-0.018139590974897146,A段 主题
HIEW Tzejia,53.54521541950113,37.99966014917939,0.5758810043334961,0.00969294646893104,A段 主题
HIEW Tzejia,53.777414965986395,38.16444618625302,0.33304429054260254,-0.026873961087403586,A段 主题
HIEW Tzejia,54.03283446712018,38.34571082703402,0.3106095790863037,-0.05163695077499142,A段 主题
HIEW Tzejia,54.24181405895692,38.49401826040029,0.4442319869995117,0.023885966766101774,A段 主题
HIEW Tzejia,54.61333333333334,38.757675919718096,0.17961335182189941,-0.04198215819997131,A段 主题
HIEW Tzejia,55.031292517006804,39.05429078645063,0.03930060565471649,-0.006312341173497771,A段 主题
HIEW Tzejia,55.33315192743764,39.26851263464635,0.25382697582244873,0.0057421526776124665,A段 主题
HIEW Tzejia,55.61179138321995,39.46625587913471,0.47174206376075745,0.02017531651290483,A段 主题
HIEW Tzejia,55.86721088435374,39.6475205199157,0.21769468486309052,-0.02465996089995315,A段 主题
HIEW Tzejia,56.099410430839,39.812306556989334,0.25323671102523804,-0.006530424320771999,A段 主题
HIEW Tzejia,56.30839002267574,39.960613990355604,0.1769133061170578,-0.034308474073441175,A段 主题
HIEW Tzejia,56.563809523809525,40.1418786311366,0.8232594728469849,0.006416934320441214,A段 主题
HIEW Tzejia,56.81922902494331,40.323143271917594,0.1035856381058693,-0.03358011840646213,A段 主题
HIEW Tzejia,57.05142857142857,40.48792930899123,0.18094101548194885,-0.026769144596983093,A段 主题
HIEW Tzejia,57.283628117913835,40.65271534606486,0.26036277413368225,-0.02281490360473981,A段 主题
HIEW Tzejia,57.51582766439909,40.817501383138485,0.590761125087738,-0.07871075927141646,A段 主题
HIEW Tzejia,57.77124716553288,40.99876602391948,0.2437349408864975,-0.029365907039391455,A段 主题
HIEW Tzejia,57.980226757369614,41.14707345728575,0.23791596293449402,-0.06562999760717503,A段 主题
HIEW Tzejia,58.212426303854876,41.31185949435938,0.10954441875219345,-0.018778320850287855,A段 主题
HIEW Tzejia,58.49106575963719,41.50960273884774,0.30337682366371155,-0.0279816062629834,A段 主题
HIEW Tzejia,58.7697052154195,41.70734598333609,0.08075722306966782,-0.0195333607507564,A段 主题
HIEW Tzejia,59.025124716553286,41.888610624117085,0.06092672049999237,0.015497039180445425,A段 主题
HIEW Tzejia,59.48952380952381,42.21818269826435,0.10370433330535889,-0.013541881071432726,A段 主题
HIEW Tzejia,59.72172335600907,42.38296873533798,0.12106671929359436,-0.0011281087381576071,A段 主题
HIEW Tzejia,59.9307029478458,42.53127616870425,0.14994914829730988,-0.017993042797570524,A段 主题
HIEW Tzejia,60.18612244897959,42.71254080948524,0.06930048018693924,-0.009122529854721506,A段 主题
HIEW Tzejia,60.441541950113375,42.893805450266235,0.14650341868400574,-0.017718718993364746,A段 主题
HIEW Tzejia,60.67374149659864,43.05859148733987,0.549571692943573,-0.007705428384952029,A段 主题
HIEW Tzejia,60.9059410430839,43.2233775244135,0.2924719452857971,0.001498202607308485,A段 主题
HIEW Tzejia,61.11492063492064,43.37168495777977,0.5495760440826416,-0.03565968945622444,A段 主题
HIEW Tzejia,61.39356009070295,43.56942820226813,0.752364456653595,-0.013407720757641071,A段 主题
HIEW Tzejia,61.602539682539685,43.7177356356344,0.5053171515464783,-0.01107243801925506,A段 主题
HIEW Tzejia,61.85795918367347,43.89900027641539,0.5197373628616333,-0.05888188131848438,A段 主题
HIEW Tzejia,62.136598639455784,44.09674352090375,0.1259261965751648,-0.023627481607491063,A段 主题
HIEW Tzejia,62.368798185941046,44.26152955797738,0.7245016694068909,-0.05138981853178848,A段 主题
HIEW Tzejia,62.64743764172336,44.45927280246574,0.1779017150402069,-0.02189483997199204,A段 主题
HIEW Tzejia,62.87963718820862,44.62405883953937,0.2347661405801773,-0.004587383818943635,A段 主题
HIEW Tzejia,63.08861678004535,44.772366272905636,0.4843485951423645,-0.012696824080649094,A段 主题
HIEW Tzejia,63.36725623582767,44.970109517394,0.4031508266925812,-0.0192997814338014,A段 主题
HIEW Tzejia,63.622675736961455,45.151374158174995,0.22545453906059265,0.02510262647774653,A段 主题
HIEW Tzejia,64.06385487528345,45.4644676286149,0.2231111079454422,-0.020451235354812525,A段 主题
HIEW Tzejia,64.31927437641724,45.645732269395886,0.4221583604812622,-0.028463769376685374,A段 主题
HIEW Tzejia,64.57469387755103,45.82699691017688,0.8355254530906677,-0.0069421718080775454,A段 主题
HIEW Tzejia,64.83011337868481,46.008261550957876,0.20572254061698914,0.006622052205784712,A段 主题
HIEW Tzejia,65.06231292517006,46.1730475880315,0.7747804522514343,-0.05987295958220783,A段 主题
HIEW Tzejia,65.31773242630385,46.354312228812496,0.697997510433197,-0.04850528082442906,A段 主题
HIEW Tzejia,65.54993197278911,46.51909826588613,0.2067738175392151,-0.022444603700932927,A段 主题
HIEW Tzejia,65.75891156462585,46.6674056992524,0.4308127760887146,-0.016839624504427775,A段 主题
HIEW Tzejia,66.1536507936508,46.947541962277576,0.060492806136608124,0.018796811804122623,A段 主题
HIEW Tzejia,66.36263038548753,47.095849395643846,0.5842721462249756,-0.0031365932954940945,A段 主题
HIEW Tzejia,66.59482993197278,47.260635432717464,0.13865113258361816,0.0006972718892939157,A段 主题
HIEW Tzejia,66.94312925170068,47.50781448832792,0.16064974665641785,-0.009093055678022207,A段 主题
HIEW Tzejia,67.26820861678004,47.738514940231,0.2609730064868927,0.016409256068072864,A段 主题
HIEW Tzejia,67.63972789115647,48.002172599548814,0.19735299050807953,0.04259327179170213,A段 主题
HIEW Tzejia,67.84870748299319,48.15048003291508,0.34393253922462463,-0.04840870667521813,A段 主题
HIEW Tzejia,68.10412698412698,48.33174467369607,0.11416629701852798,-0.008081648144298017,A段 主题
HIEW Tzejia,68.3827664399093,48.52948791818444,0.6009654998779297,0.0026204762434645086,A段 主题
HIEW Tzejia,68.61496598639455,48.69427395525806,0.5306205153465271,-0.05373910589696605,A段 主题
HIEW Tzejia,68.87038548752834,48.87553859603906,0.8085549473762512,-0.004174562945991055,A段 主题
HIEW Tzejia,69.1025850340136,49.04032463311269,0.26787471771240234,-0.04256716412101013,A段 主题
HIEW Tzejia,69.38122448979591,49.23806787760104,0.4486328363418579,-0.04666333481964102,A段 主题
HIEW Tzejia,69.6366439909297,49.419332518382035,0.26410937309265137,-0.001933809289766941,A段 主题
HIEW Tzejia,69.89206349206349,49.60059715916303,0.10592622309923172,-0.016780642249614175,A段 主题
HIEW Tzejia,70.12426303854875,49.76538319623666,0.5512414574623108,-0.01016815167531604,A段 主题
HIEW Tzejia,70.35646258503401,49.930169233310295,0.46238985657691956,-0.033108114735114214,A段 主题
HIEW Tzejia,70.63510204081632,50.12791247779865,0.2579638957977295,0.015436233888976856,A段 主题
HIEW Tzejia,70.84408163265306,50.27621991116492,0.23954840004444122,-0.007913182344054802,A段 主题
HIEW Tzejia,71.07628117913832,50.441005948238555,0.34606316685676575,-0.023106440494302657,A段 主题
HIEW Tzejia,71.30848072562358,50.60579198531219,0.2645267844200134,-0.03215944093426515,A段 主题
HIEW Tzejia,71.56390022675737,50.78705662609318,0.2291492521762848,-0.03904325026269361,A段 主题
HIEW Tzejia,71.8657596371882,51.0012784742889,0.3741897940635681,0.011808304043370297,A段 主题
HIEW Tzejia,72.07473922902494,51.14958590765517,0.5015755295753479,-0.027855395592268902,A段 主题
HIEW Tzejia,72.35337868480725,51.34732915214353,0.6744896769523621,-0.047291801161009055,A段 主题
HIEW Tzejia,72.70167800453515,51.59450820775398,0.5286332964897156,-0.0071937943175726105,A段 主题
HIEW Tzejia,73.04997732426304,51.84168726336442,0.7966638207435608,-0.07433452205987123,A段 主题
HIEW Tzejia,73.30539682539683,52.022951904145415,0.3347950577735901,-0.05344855071598431,A段 主题
HIEW Tzejia,73.51437641723356,52.171259337511685,0.4369342029094696,0.04194270507014153,A段 主题
HIEW Tzejia,73.79301587301588,52.36900258200004,0.26710769534111023,-0.05779000794063904,A段 主题
HIEW Tzejia,74.28063492063492,52.71505325985467,0.3896094262599945,-0.04036504733448965,A段 主题
HIEW Tzejia,74.53605442176871,52.896317900635665,0.17969515919685364,-0.03589443574583129,A段 主题
HIEW Tzejia,74.7914739229025,53.07758254141666,0.20947059988975525,-0.014345816839522739,A段 主题
HIEW Tzejia,75.04689342403628,53.258847182197655,0.21610359847545624,-1.9271760720584855e-05,A段 主题
HIEW Tzejia,75.30231292517007,53.44011182297865,0.14081117510795593,-0.007542924817016681,A段 主题
HIEW Tzejia,75.51129251700681,53.58841925634492,0.30441412329673767,0.01965554574780981,A段 主题
HIEW Tzejia,75.78993197278912,53.78616250083328,0.2834240198135376,-0.02145856743709373,A段 主题
HIEW Tzejia,76.02213151927438,53.95094853790691,0.21523267030715942,0.006160550810818677,A段 主题
HIEW Tzejia,76.34721088435374,54.181648989809986,0.16336581110954285,-0.001446978762942308,A段 主题
HIEW Tzejia,76.62585034013605,54.379392234298344,0.514164388179779,-0.012834736230615817,A段 主题
HIEW Tzejia,76.95092970521542,54.610092686201426,0.11623797565698624,0.029349062810979373,A段 主题
HIEW Tzejia,77.15990929705215,54.758400119567696,0.4217413663864136,0.011428382822487038,A段 主题
HIEW Tzejia,77.39210884353741,54.92318615664133,0.5587246417999268,0.01238722084053734,A段 主题
HIEW Tzejia,77.6475283446712,55.104450797422324,0.37929990887641907,-0.07310137289096018,A段 主题
HIEW Tzejia,77.87972789115646,55.269236834495956,0.245773583650589,0.0019865436570398742,A段 主题
HIEW Tzejia,78.15836734693877,55.466980078984314,0.06728451699018478,-0.02860296285689401,A段 主题
HIEW Tzejia,78.43700680272109,55.66472332347267,0.5937109589576721,-0.008679888151164048,A段 主题
HIEW Tzejia,78.7156462585034,55.86246656796102,0.09176892042160034,-0.019908249282707402,A段 主题
HIEW Tzejia,78.92462585034014,56.01077400132729,0.1323920041322708,0.013052229087406886,A段 主题
HIEW Tzejia,79.1568253968254,56.175560038400924,0.4958650469779968,-0.045849499360883776,A段 主题
HIEW Tzejia,79.41224489795918,56.35682467918192,0.5213803052902222,0.037119643866390106,A段 主题
HIEW Tzejia,79.62122448979592,56.50513211254819,0.15913629531860352,-0.030586226193918264,A段 主题
HIEW Tzejia,79.85342403628118,56.66991814962182,0.10819235444068909,-0.012358141066215467,A段 主题
HIEW Tzejia,80.2249433106576,56.93357580893963,0.19060976803302765,0.043438567763587344,A段 主题
HIEW Tzejia,80.61968253968254,57.21371207196481,0.6323439478874207,-0.04817198121145338,A段 主题
HIEW Tzejia,80.87510204081633,57.3949767127458,0.1589292585849762,0.012748385506711202,A段 主题
HIEW Tzejia,81.10730158730159,57.559762749819434,0.5126399993896484,0.01589294324730872,A段 主题
HIEW Tzejia,81.36272108843538,57.74102739060043,0.6037143468856812,0.025495087402305213,A段 主题
HIEW Tzejia,81.57170068027212,57.8893348239667,0.17550945281982422,-0.06159697641123785,A段 主题
HIEW Tzejia,81.80390022675736,58.05412086104032,0.09766753017902374,0.03533608182806346,A段 主题
HIEW Tzejia,82.10575963718821,58.26834270923605,0.07898356765508652,-0.00047981532134144843,A段 主题
HIEW Tzejia,82.38439909297053,58.46608595372441,0.2643560767173767,-0.002684176524780923,A段 主题
HIEW Tzejia,82.63981859410431,58.6473505945054,0.12303883582353592,-0.009866882692222132,A段 主题
HIEW Tzejia,82.8952380952381,58.82861523528639,0.06098117306828499,0.00676844902045559,A段 主题
HIEW Tzejia,83.10421768707484,58.97692266865266,0.12899765372276306,-0.025638134184191582,A段 主题
HIEW Tzejia,83.35963718820862,59.15818730943366,0.23616626858711243,0.021726545469391567,A段 主题
HIEW Tzejia,83.63827664399093,59.355930553922015,0.38651275634765625,-0.03082002945120621,A段 主题
HIEW Tzejia,83.84725623582766,59.50423798728828,0.35009682178497314,0.03690647176881612,A段 主题
HIEW Tzejia,84.07945578231292,59.66902402436191,0.18429605662822723,-0.05022528630433953,A段 主题
HIEW Tzejia,84.38131519274377,59.88324587255764,0.27827197313308716,-0.019420491958044295,A段 主题
HIEW Tzejia,84.63673469387756,60.06451051333863,0.41791656613349915,0.0336007342866651,A段 主题
HIEW Tzejia,84.84571428571428,60.21281794670489,0.44443002343177795,-0.024181825847335855,A段 主题
HIEW Tzejia,85.10113378684807,60.39408258748588,0.3370685875415802,0.004884328700427432,A段 主题
HIEW Tzejia,85.40299319727892,60.60830443568162,0.3371800184249878,-0.08506768044753699,A段 主题
HIEW Tzejia,85.6584126984127,60.78956907646261,0.1848960816860199,0.0133738637487113,A段 主题
HIEW Tzejia,85.86739229024943,60.93787650982887,0.30460426211357117,-0.017811149291446778,B段 抒情
HIEW Tzejia,86.09959183673469,61.1026625469025,0.4368572235107422,-0.037029382065156824,B段 抒情
HIEW Tzejia,86.35501133786848,61.283927187683496,0.5745501518249512,-0.0397796978631959,B段 抒情
HIEW Tzejia,86.61043083900226,61.46519182846449,0.21586979925632477,-0.01833112346503185,B段 抒情
HIEW Tzejia,86.819410430839,61.61349926183076,0.23136243224143982,0.07789742899149132,B段 抒情
HIEW Tzejia,87.07482993197279,61.794763902611756,0.3282931447029114,-0.04787313641827495,B段 抒情
HIEW Tzejia,87.28380952380952,61.943071335978026,0.39916136860847473,-0.0812656319794769,B段 抒情
HIEW Tzejia,87.56244897959184,62.14081458046638,0.12863175570964813,-0.007828295110812178,B段 抒情
HIEW Tzejia,87.7946485260771,62.305600617540016,0.09191451221704483,-0.018108491440216312,B段 抒情
HIEW Tzejia,88.00362811791383,62.453908050906286,0.14542748034000397,-0.0047697743866592646,B段 抒情
HIEW Tzejia,88.28226757369615,62.65165129539464,0.6207176446914673,-0.07265903725510725,B段 抒情
HIEW Tzejia,88.53768707482993,62.83291593617563,0.20282860100269318,0.13931456985574187,B段 抒情
HIEW Tzejia,88.7698866213152,62.997701973249264,0.35870885848999023,0.011725613239832454,B段 抒情
HIEW Tzejia,89.02530612244898,63.17896661403026,0.2885391414165497,-0.0939906006806268,B段 抒情
HIEW Tzejia,89.28072562358277,63.360231254811254,0.40874338150024414,-0.11003183826687744,B段 抒情
HIEW Tzejia,89.4897052154195,63.508538688177524,0.13657164573669434,-0.061174767711236186,B段 抒情
HIEW Tzejia,89.76834467120182,63.70628193266588,0.9166739583015442,-0.08478521958750207,B段 抒情
HIEW Tzejia,90.27918367346939,64.06881121422786,0.7533856630325317,-0.13462583083310165,B段 抒情
HIEW Tzejia,90.5578231292517,64.26655445871623,0.11894160509109497,-0.008188914489437593,B段 抒情
HIEW Tzejia,90.76680272108844,64.4148618920825,0.2195873260498047,0.026445451976542248,B段 抒情
HIEW Tzejia,91.02222222222223,64.5961265328635,0.29879260063171387,0.022720793276675977,B段 抒情
HIEW Tzejia,91.25442176870749,64.76091256993712,0.23131519556045532,-0.002946522863567225,B段 抒情
HIEW Tzejia,91.46340136054421,64.90922000330339,0.15047569572925568,-0.03932597660423198,B段 抒情
HIEW Tzejia,91.69560090702947,65.07400604037701,0.1341463178396225,-0.02008734138598811,B段 抒情
HIEW Tzejia,91.95102040816326,65.25527068115801,0.0927320271730423,-0.008655142983116093,B段 抒情
HIEW Tzejia,92.53151927437642,65.6672357738421,0.15913596749305725,-0.014525452797897742,B段 抒情
HIEW Tzejia,92.78693877551021,65.84850041462309,0.10205891728401184,0.03909321617356909,B段 抒情
HIEW Tzejia,93.08879818594104,66.06272226281881,0.22600364685058594,-0.011848662006741504,B段 抒情
HIEW Tzejia,93.39065759637188,66.27694411101453,0.18710051476955414,-0.0026279154553776603,B段 抒情
HIEW Tzejia,93.69251700680272,66.49116595921025,0.04849565774202347,-0.02161165261895803,B段 抒情
HIEW Tzejia,94.13369614512472,66.80425942965014,0.2804565131664276,-0.007097887214513321,B段 抒情
HIEW Tzejia,94.73741496598639,67.23270312604159,0.168900728225708,-0.005060642320131592,B段 抒情
HIEW Tzejia,94.96961451247165,67.39748916311522,0.107112355530262,0.04864845986958243,B段 抒情
HIEW Tzejia,95.52689342403629,67.79297565209194,0.16120579838752747,-0.018726359053289343,B段 抒情
HIEW Tzejia,95.78231292517007,67.97424029287293,0.1634751558303833,-0.02836671989143724,B段 抒情
HIEW Tzejia,96.06095238095239,68.1719835373613,0.038620252162218094,-0.011410093964059342,B段 抒情
HIEW Tzejia,96.3395918367347,68.36972678184965,0.17360754311084747,-0.00415265308220114,B段 抒情
HIEW Tzejia,96.89687074829932,68.76521327082637,0.05529032647609711,0.06219871244184105,B段 抒情
HIEW Tzejia,97.2451700680272,69.01239232643681,0.048784904181957245,-0.027370835505280414,B段 抒情
HIEW Tzejia,97.52380952380952,69.21013557092516,0.6318857669830322,-0.0543798937314932,B段 抒情
HIEW Tzejia,97.8488888888889,69.44083602282825,0.22050219774246216,0.024778529666491522,B段 抒情
HIEW Tzejia,98.10430839002268,69.62210066360925,0.2824214994907379,-0.019006070556315535,B段 抒情
HIEW Tzejia,98.56870748299319,69.9516727377565,0.1950879693031311,-0.008777482327104735,B段 抒情
HIEW Tzejia,99.54394557823129,70.64377409346575,0.05409758910536766,-0.0004022159373562317,B段 抒情
HIEW Tzejia,100.35664399092971,71.22052522322348,0.34897974133491516,-0.008798660803677194,B段 抒情
HIEW Tzejia,100.6120634920635,71.40178986400447,0.06639288365840912,0.0011610012279561488,B段 抒情
HIEW Tzejia,100.89070294784581,71.59953310849282,0.21773630380630493,0.0062082625163384355,B段 抒情
HIEW Tzejia,101.1461224489796,71.78079774927382,0.09549673646688461,0.02932714864982699,B段 抒情
HIEW Tzejia,101.44798185941043,71.99501959746954,0.12416618317365646,-0.03637282625277294,B段 抒情
HIEW Tzejia,101.6801814058957,72.15980563454318,0.27311089634895325,-0.0018631697230375717,B段 抒情
HIEW Tzejia,101.91238095238096,72.3245916716168,0.11064787209033966,-0.023758127872497422,B段 抒情
HIEW Tzejia,102.2142403628118,72.53881351981252,0.10475881397724152,-0.008254611611846483,B段 抒情
HIEW Tzejia,102.65541950113379,72.85190699025243,0.05616994574666023,-0.005845487055466947,B段 抒情
HIEW Tzejia,103.25913832199547,73.28035068664386,0.2426646649837494,0.02206246599598671,B段 抒情
HIEW Tzejia,103.60743764172335,73.5275297422543,0.05520965903997421,-0.027123645486426543,B段 抒情
HIEW Tzejia,103.88607709750566,73.72527298674267,0.518390417098999,-0.03464477897523466,B段 抒情
HIEW Tzejia,104.21115646258504,73.95597343864576,0.30431729555130005,0.0044790754827772625,B段 抒情
HIEW Tzejia,104.48979591836735,74.1537166831341,0.576586902141571,0.04188557259112712,B段 抒情
HIEW Tzejia,104.74521541950114,74.3349813239151,0.07313217222690582,-0.08313403350257431,B段 抒情
HIEW Tzejia,105.41859410430838,74.81286083142862,0.06188782677054405,0.0024850942850207502,B段 抒情
HIEW Tzejia,105.92943310657597,75.17539011299063,0.04495692253112793,-0.0072010037399650164,B段 抒情
HIEW Tzejia,106.20807256235828,75.37313335747898,0.675782322883606,0.0009201932698488239,B段 抒情
HIEW Tzejia,106.417052154195,75.52144079084525,0.08718081563711166,-0.005137944231137225,B段 抒情
HIEW Tzejia,106.69569160997733,75.71918403533361,0.17423345148563385,0.01187400212074863,B段 抒情
HIEW Tzejia,106.95111111111112,75.9004486761146,0.13270100951194763,0.015350834792116075,B段 抒情
HIEW Tzejia,107.25297052154195,76.11467052431033,0.10623130947351456,-0.03362143229423963,B段 抒情
HIEW Tzejia,107.46195011337869,76.2629779576766,0.3118578791618347,-0.018350010850554096,B段 抒情
HIEW Tzejia,107.69414965986394,76.42776399475022,0.13529568910598755,-0.022234936341192224,B段 抒情
HIEW Tzejia,107.97278911564626,76.62550723923859,0.19032752513885498,0.02816982309923332,B段 抒情
HIEW Tzejia,108.18176870748299,76.77381467260484,0.19479510188102722,0.008075280766206559,B段 抒情
HIEW Tzejia,108.41396825396825,76.93860070967847,0.27196016907691956,-0.03639810715867497,华彩
HIEW Tzejia,108.64616780045351,77.10338674675211,0.22674427926540375,-0.09010506782942683,华彩
HIEW Tzejia,108.9015873015873,77.2846513875331,0.5668289065361023,-0.048444060121255454,华彩
HIEW Tzejia,109.13378684807256,77.44943742460673,0.4012717306613922,-0.02550780186538759,华彩
HIEW Tzejia,109.36598639455782,77.61422346168037,0.28678441047668457,0.15251621011884708,华彩
HIEW Tzejia,109.62140589569161,77.79548810246136,0.09915612637996674,-0.028254260541871187,华彩
HIEW Tzejia,109.92326530612245,78.00970995065708,0.3336207866668701,-0.0794791486896429,华彩
HIEW Tzejia,110.15546485260771,78.17449598773071,0.3061264455318451,-0.026807861922861772,华彩
HIEW Tzejia,110.36444444444444,78.32280342109698,0.434259831905365,-0.0023826296455808915,华彩
HIEW Tzejia,110.5966439909297,78.48758945817062,0.24425426125526428,0.004102571620023809,华彩
HIEW Tzejia,110.99138321995464,78.76772572119577,0.10173454135656357,-0.03355988976636581,华彩
HIEW Tzejia,111.27002267573697,78.96546896568415,0.3251000642776489,0.024166351522580953,华彩
HIEW Tzejia,111.61832199546485,79.21264802129458,0.3633982837200165,0.05236142496869434,华彩
HIEW Tzejia,112.03628117913833,79.50926288802712,0.3481904864311218,-0.019759371934924275,华彩
HIEW Tzejia,112.24526077097505,79.6575703213934,0.24946589767932892,-0.018057146553474013,华彩
HIEW Tzejia,112.68643990929705,79.97066379183329,0.7002711892127991,-0.03892252016157726,华彩
HIEW Tzejia,112.96507936507936,80.16840703632165,0.08057624101638794,-0.08817340340101511,华彩
HIEW Tzejia,113.22049886621315,80.34967167710265,0.11306995153427124,-0.04022582902507565,华彩
HIEW Tzejia,113.52235827664398,80.56389352529837,0.5023804903030396,-0.0418352399719879,华彩
HIEW Tzejia,113.77777777777777,80.74515816607936,0.39762210845947266,-0.061893461952422506,华彩
HIEW Tzejia,114.0564172335601,80.94290141056773,0.08560382574796677,0.08991399754449958,华彩
HIEW Tzejia,114.38149659863946,81.1736018624708,0.10313203185796738,-0.05285198321871575,华彩
HIEW Tzejia,114.79945578231292,81.47021672920333,0.9340506792068481,-0.09292381673731144,华彩
HIEW Tzejia,115.10131519274377,81.68443857739906,0.07459833472967148,-0.06939717059140092,华彩
HIEW Tzejia,115.33351473922903,81.84922461447269,0.0549221970140934,-0.056478831083950354,华彩
HIEW Tzejia,115.61215419501134,82.04696785896105,0.08995435386896133,0.21846181462024106,华彩
HIEW Tzejia,115.96045351473923,82.2941469145715,0.0847410187125206,0.13121819811203747,华彩
HIEW Tzejia,116.23909297052154,82.49189015905985,0.10694590955972672,-0.16327458733940148,华彩
HIEW Tzejia,116.58739229024944,82.73906921467031,0.08040139079093933,-0.029953441480756734,华彩
HIEW Tzejia,116.84281179138323,82.9203338554513,0.7281513214111328,-0.0689657784278097,华彩
HIEW Tzejia,117.14467120181406,83.13455570364702,0.3414486348628998,-0.10015233756348609,华彩
HIEW Tzejia,117.37687074829932,83.29934174072065,0.07497109472751617,-0.05604468765341152,华彩
HIEW Tzejia,117.60907029478459,83.46412777779429,0.5168212056159973,-0.06195990490596159,华彩
HIEW Tzejia,118.37532879818595,84.00792170013726,0.08803056925535202,0.026258749721819186,华彩
HIEW Tzejia,118.6075283446712,84.17270773721089,0.3734430968761444,0.007358509355981368,华彩
HIEW Tzejia,118.88616780045352,84.37045098169925,0.09604489058256149,0.10822939457284517,华彩
HIEW Tzejia,119.3273469387755,84.68354445213915,0.5860711932182312,-0.05499081871676026,华彩
HIEW Tzejia,119.62920634920636,84.89776630033488,0.9738080501556396,-0.1678911597991828,华彩
HIEW Tzejia,119.93106575963719,85.1119881485306,0.26970788836479187,-0.1117864704610838,华彩
HIEW Tzejia,120.25614512471655,85.34268860043368,0.7464269399642944,-0.18921590808531616,华彩
HIEW Tzejia,120.51156462585034,85.52395324121467,0.07711285352706909,-0.04215472881696769,华彩
HIEW Tzejia,120.90630385487529,85.80408950423985,0.2027168720960617,-0.000811429890745785,华彩
HIEW Tzejia,121.20816326530613,86.01831135243556,0.39146968722343445,-0.02139708722097566,华彩
HIEW Tzejia,121.53324263038549,86.24901180433865,0.3529164791107178,0.03175064621245838,华彩
HIEW Tzejia,121.85832199546485,86.47971225624173,0.3581636846065521,-0.06551898623001762,华彩
HIEW Tzejia,122.16018140589568,86.69393410443745,0.24993495643138885,-0.08459208656859118,华彩
HIEW Tzejia,122.43882086167801,86.89167734892581,0.12090668082237244,-0.06518991713164723,华彩
HIEW Tzejia,122.81034013605442,87.15533500824363,0.57490074634552,-0.16485023725181233,华彩
HIEW Tzejia,123.1586394557823,87.40251406385407,0.3858531415462494,-0.1814698262933234,华彩
HIEW Tzejia,123.4140589569161,87.58377870463505,0.1017208993434906,0.09004544526760583,华彩
HIEW Tzejia,123.73913832199547,87.81447915653816,0.4100397527217865,-0.16496344696861343,华彩
HIEW Tzejia,124.06421768707483,88.04517960844123,0.7517320513725281,-0.12214235957799245,华彩
HIEW Tzejia,124.36607709750567,88.25940145663695,0.45869290828704834,-0.06744342535967007,华彩
HIEW Tzejia,124.64471655328798,88.4571447011253,0.643957793712616,-0.09967689074983353,华彩
HIEW Tzejia,125.22521541950114,88.86910979380939,0.925200879573822,-0.1982720131309179,华彩
HIEW Tzejia,125.48063492063493,89.05037443459038,0.09054446220397949,0.12682545329880668,华彩
HIEW Tzejia,125.85215419501134,89.3140320939082,0.41840311884880066,0.01673008664511144,华彩
HIEW Tzejia,126.13079365079365,89.51177533839655,0.6402204632759094,-0.09677046036813408,华彩
HIEW Tzejia,126.43265306122449,89.72599718659227,0.7634066939353943,-0.0872828848514473,华彩
HIEW Tzejia,126.75773242630386,89.95669763849536,0.586536169052124,-0.12385412892399471,华彩
HIEW Tzejia,127.0595918367347,90.17091948669108,0.5005618929862976,-0.10303408771505929,华彩
HIEW Tzejia,127.61687074829932,90.56640597566779,0.9218686819076538,-0.20606826710718448,华彩
HIEW Tzejia,127.98839002267573,90.83006363498559,0.23194150626659393,-0.16752007586546822,华彩
HIEW Tzejia,128.220589569161,90.99484967205923,0.3245321214199066,0.08104544276648085,华彩
HIEW Tzejia,128.52244897959184,91.20907152025495,0.47285494208335876,-0.1679534658251214,华彩
HIEW Tzejia,128.82430839002268,91.42329336845067,0.7185733914375305,-0.07583427959616529,华彩
HIEW Tzejia,129.05650793650793,91.5880794055243,0.07120595872402191,0.028509462754300326,华彩
HIEW Tzejia,129.4512471655329,91.86821566854948,0.704587996006012,-0.07079015203999006,华彩
HIEW Tzejia,129.7298866213152,92.06595891303783,0.32245033979415894,-0.1882525712062488,华彩
HIEW Tzejia,130.05496598639456,92.29665936494092,0.6579258441925049,-0.17468457936047344,华彩
HIEW Tzejia,130.2871655328798,92.46144540201455,0.05290748178958893,-0.044182211058796377,华彩
HIEW Tzejia,130.56580498866214,92.65918864650291,0.07899416983127594,0.013827757857143297,华彩
HIEW Tzejia,130.82122448979592,92.8404532872839,0.213318333029747,0.12497208012973714,华彩
HIEW Tzejia,131.09986394557822,93.03819653177226,0.06468550115823746,0.11838610953418538,华彩
HIEW Tzejia,131.47138321995465,93.30185419109007,0.07792066037654877,-0.04487927953960024,华彩
HIEW Tzejia,131.70358276643992,93.46664022816371,0.09376337379217148,-0.026547604102233887,华彩
HIEW Tzejia,131.9590022675737,93.6479048689447,0.129850372672081,-0.04471057272894541,华彩
HIEW Tzejia,132.2144217687075,93.8291695097257,0.08731655031442642,0.07611414102939305,华彩
HIEW Tzejia,132.4234013605442,93.97747694309194,0.7968370318412781,-0.09795711494007266,华彩
HIEW Tzejia,132.63238095238094,94.12578437645821,0.12661221623420715,-0.05129648889123927,华彩
HIEW Tzejia,132.93424036281178,94.34000622465393,0.11670882999897003,0.005409177992987678,华彩
HIEW Tzejia,133.16643990929705,94.50479226172759,0.060511264950037,0.06421732277885894,华彩
HIEW Tzejia,133.561179138322,94.78492852475274,0.7753604650497437,-0.08313230500789358,华彩
HIEW Tzejia,133.77015873015873,94.93323595811901,0.054034505039453506,-0.07884559427111525,华彩
HIEW Tzejia,134.1184580498866,95.18041501372946,0.6971467137336731,-0.0386070421882323,华彩
HIEW Tzejia,134.443537414966,95.41111546563255,0.04861309751868248,-0.10047042260339367,华彩
HIEW Tzejia,134.67573696145124,95.57590150270617,0.9757347702980042,-0.18942888345918615,华彩
HIEW Tzejia,134.9079365079365,95.74068753977981,0.08578623086214066,0.014604160423914435,华彩
HIEW Tzejia,135.14013605442176,95.90547357685344,0.06023450195789337,0.04613207338479697,华彩
HIEW Tzejia,135.53487528344672,96.18560983987862,0.6035792231559753,-0.0866241030053061,华彩
HIEW Tzejia,135.83673469387756,96.39983168807434,0.7770501375198364,-0.03341083192935912,华彩
HIEW Tzejia,136.1618140589569,96.63053213997742,0.44027066230773926,-0.09606225885363529,华彩
HIEW Tzejia,136.44045351473923,96.82827538446578,0.6536931991577148,-0.05163074729352956,华彩
HIEW Tzejia,136.97451247165532,97.20728326973513,1.0,-0.1934216450536041,华彩
HIEW Tzejia,137.2067120181406,97.37206930680877,0.08545178174972534,-0.041682866958581144,华彩
HIEW Tzejia,137.55501133786848,97.61924836241921,0.20643456280231476,-0.13674583528882064,华彩
HIEW Tzejia,137.81043083900227,97.80051300320021,0.43187233805656433,-0.09054744978129745,华彩
HIEW Tzejia,138.1122902494331,98.01473485139593,0.7165279388427734,-0.030450098165601954,华彩
HIEW Tzejia,138.41414965986394,98.22895669959165,0.5954105854034424,-0.04615906273102154,华彩
HIEW Tzejia,138.69278911564626,98.42669994408001,0.6708595156669617,-0.1438059634892852,华彩
HIEW Tzejia,138.97142857142856,98.62444318856835,0.3541821539402008,-0.04320320122133125,华彩
HIEW Tzejia,139.29650793650794,98.85514364047145,0.684791624546051,-0.1472664499488019,华彩
HIEW Tzejia,139.73768707482992,99.16823711091133,0.07311109453439713,0.028891038937217672,华彩
HIEW Tzejia,139.9931065759637,99.34950175169233,0.06982283294200897,0.051536826049414224,华彩
HIEW Tzejia,140.2485260770975,99.53076639247332,0.16014783084392548,-0.04330266892793588,华彩
HIEW Tzejia,140.50394557823128,99.71203103325432,0.2162797898054123,0.0333523362314736,华彩
HIEW Tzejia,140.80580498866212,99.92625288145004,0.14089317619800568,-0.09546272999614303,华彩
HIEW Tzejia,141.0380045351474,100.09103891852368,0.10443580150604248,0.024639155935801682,华彩
HIEW Tzejia,141.29342403628118,100.27230355930467,0.07819833606481552,-0.03791640351664682,华彩
HIEW Tzejia,141.57206349206348,100.47004680379302,0.1875690221786499,-0.025327552339149403,华彩
HIEW Tzejia,141.82748299319726,100.65131144457402,0.1213722676038742,0.026116146045751517,华彩
HIEW Tzejia,142.2918820861678,100.98088351872128,0.1821780502796173,0.0358809955059769,华彩
HIEW Tzejia,142.54730158730158,101.16214815950228,0.2296621948480606,0.024999937659231364,华彩
HIEW Tzejia,142.8259410430839,101.35989140399064,0.2415713220834732,0.022686954889650224,华彩
HIEW Tzejia,143.12780045351474,101.57411325218636,0.08890586346387863,-0.003955454758397536,华彩
HIEW Tzejia,143.49931972789116,101.83777091150418,0.25921306014060974,-0.016002716029106523,华彩
HIEW Tzejia,143.84761904761905,102.08494996711462,0.1491849720478058,-0.029531653444792028,华彩
HIEW Tzejia,144.12625850340137,102.28269321160299,0.050254274159669876,0.01475096023568767,华彩
HIEW Tzejia,144.35845804988662,102.44747924867661,0.378729909658432,-0.0071693709742248765,华彩
HIEW Tzejia,144.683537414966,102.6781797005797,0.2742209732532501,-0.018279561800227384,华彩
HIEW Tzejia,144.9621768707483,102.87592294506806,0.10264485329389572,-0.0015832562439754836,华彩
HIEW Tzejia,145.26403628117913,103.09014479326376,0.13495343923568726,-0.01553837216761167,华彩
HIEW Tzejia,145.5891156462585,103.32084524516686,0.30524754524230957,0.024179966044357567,华彩
HIEW Tzejia,145.8677551020408,103.5185884896552,0.2654271423816681,0.001312119411522873,华彩
HIEW Tzejia,146.33215419501133,103.84816056380247,0.15644533932209015,0.03232295748603065,华彩
HIEW Tzejia,146.5875736961451,104.02942520458346,0.14213256537914276,0.01710693238692329,华彩
HIEW Tzejia,146.8197732426304,104.1942112416571,0.1296863704919815,-0.04090166185051203,华彩
HIEW Tzejia,147.12163265306123,104.40843308985282,0.2578313946723938,0.01629046837479109,华彩
HIEW Tzejia,147.4467120181406,104.63913354175591,0.09987089037895203,-0.02739359003953723,华彩
HIEW Tzejia,147.7021315192744,104.8203981825369,0.2075137048959732,0.06270174378641968,华彩
HIEW Tzejia,147.93433106575964,104.98518421961053,0.19994916021823883,-0.04382090028229868,华彩
HIEW Tzejia,148.16653061224488,105.14997025668416,0.06024714559316635,-0.03476916565432475,华彩
HIEW Tzejia,148.49160997732426,105.38067070858725,0.18131646513938904,0.019443219275672163,华彩
HIEW Tzejia,148.700589569161,105.52897814195352,0.1980760395526886,-0.0018356107375439021,华彩
HIEW Tzejia,148.97922902494332,105.72672138644188,0.1231284812092781,-0.023258990654539957,华彩
HIEW Tzejia,149.28108843537416,105.9409432346376,0.20777688920497894,0.05250599635928665,华彩
HIEW Tzejia,149.53650793650795,106.1222078754186,0.12079351395368576,-0.020097700416954467,华彩
HIEW Tzejia,149.7687074829932,106.28699391249222,0.059810567647218704,-0.02727111568674445,华彩
HIEW Tzejia,150.25632653061226,106.63304459034686,0.1292177140712738,-0.024088700689617326,华彩
HIEW Tzejia,150.81360544217688,107.02853107932357,0.05623123422265053,-0.0008178639674838449,华彩
HIEW Tzejia,151.4637641723356,107.48993198312974,0.6111975908279419,-0.008293721668906073,华彩
HIEW Tzejia,151.76562358276644,107.70415383132544,0.441510409116745,-0.009228955229900748,华彩
HIEW Tzejia,152.20680272108842,108.01724730176534,0.05607939139008522,-0.005486770155016529,华彩
HIEW Tzejia,152.48544217687075,108.2149905462537,0.045361462980508804,-0.003520410702151366,华彩
HIEW Tzejia,152.76408163265307,108.41273379074208,0.5385016202926636,-0.004212090499322585,华彩
HIEW Tzejia,153.20526077097506,108.72582726118196,0.10061889886856079,-0.005044711878099405,华彩
HIEW Tzejia,153.55356009070294,108.97300631679241,0.05183761939406395,-0.0008664603925012669,华彩
HIEW Tzejia,153.85541950113378,109.18722816498813,0.16353684663772583,0.04045434610873144,华彩
HIEW Tzejia,154.11083900226757,109.36849280576912,0.35082027316093445,-0.01421023075636185,华彩
HIEW Tzejia,154.62167800453514,109.73102208733111,0.05792374163866043,0.00201889635036423,华彩
HIEW Tzejia,155.06285714285715,110.04411555777102,0.35782045125961304,0.018776352897020843,华彩
HIEW Tzejia,155.27183673469386,110.19242299113728,0.25589779019355774,-0.005403966247286007,华彩
HIEW Tzejia,155.5504761904762,110.39016623562564,0.13519078493118286,0.00026565292046143446,华彩
HIEW Tzejia,155.80589569160998,110.57143087640664,0.08542522042989731,0.026997250029126008,华彩
HIEW Tzejia,156.0148752834467,110.71973830977291,0.24240927398204803,-0.012138264128225272,华彩
HIEW Tzejia,156.31673469387755,110.93396015796863,0.2278272807598114,-0.012587781611728133,华彩
HIEW Tzejia,156.6185941043084,111.14818200616435,0.1445496529340744,-0.018765261881981132,华彩
HIEW Tzejia,156.85079365079366,111.31296804323799,0.10446648299694061,0.0018348856769989652,华彩
HIEW Tzejia,157.22231292517006,111.57662570255577,0.08108147233724594,-0.0004429680643625034,华彩
HIEW Tzejia,157.4312925170068,111.72493313592204,0.14897090196609497,0.006292672742347349,华彩
HIEW Tzejia,157.64027210884353,111.87324056928831,0.20371554791927338,0.0040365011045651045,华彩
HIEW Tzejia,157.8724716553288,112.03802660636197,0.33831924200057983,0.02056005961321716,华彩
HIEW Tzejia,158.1511111111111,112.2357698508503,0.2871651351451874,-0.00617739503923076,华彩
HIEW Tzejia,158.4065306122449,112.4170344916313,0.2752457559108734,0.02300745624097544,华彩
HIEW Tzejia,158.68517006802722,112.61477773611966,0.18821781873703003,0.010813917288032826,华彩
HIEW Tzejia,158.98702947845806,112.82899958431538,0.2717231214046478,-0.007168917363742368,华彩
HIEW Tzejia,159.33532879818594,113.07617863992583,0.2563387453556061,-0.0025466809802310304,华彩
HIEW Tzejia,159.59074829931973,113.25744328070682,0.11822094023227692,-0.0016316250878389837,华彩
HIEW Tzejia,159.79972789115646,113.4057507140731,0.14218692481517792,-0.009166811071281701,华彩
HIEW Tzejia,160.05514739229025,113.58701535485409,0.21611356735229492,-0.010604140524606008,华彩
HIEW Tzejia,160.33378684807255,113.78475859934244,0.1599258929491043,0.0011255564032808252,华彩
HIEW Tzejia,160.61242630385487,113.9825018438308,0.07062717527151108,-0.00028627470953779266,华彩
HIEW Tzejia,161.03038548752835,114.27911671056334,0.04256950318813324,-0.001488644855385246,华彩
HIEW Tzejia,161.65732426303856,114.72403901066215,0.04589946195483208,0.00010344933230044259,华彩
HIEW Tzejia,162.70222222222222,115.46557617749349,0.05351955071091652,-0.0012571612636236293,华彩
HIEW Tzejia,162.957641723356,115.64684081827448,0.047594889998435974,-0.00039059713756728337,华彩
HIEW Tzejia,163.18984126984128,115.81162685534812,0.0506216324865818,0.0004484897274892319,华彩
HIEW Tzejia,163.46848072562358,116.00937009983647,0.4722437858581543,-0.01376871797589274,华彩
HIEW Tzejia,164.14185941043084,116.48724960735001,0.07554158568382263,0.0005043671976068254,华彩
HIEW Tzejia,164.5598185941043,116.78386447408255,0.050288207828998566,0.012538439042231174,华彩
HIEW Tzejia,164.9081179138322,117.03104352969298,0.06211134046316147,0.01762176267732229,华彩
HIEW Tzejia,165.2564172335601,117.27822258530342,0.04059014469385147,0.0006921588635577791,华彩
HIEW Tzejia,165.67437641723356,117.57483745203596,0.05424550548195839,-0.0025524803305643218,华彩
HIEW Tzejia,165.9065759637188,117.73962348910959,0.06426885724067688,0.02848555246828255,华彩
HIEW Tzejia,166.25487528344672,117.98680254472005,0.05628293752670288,-0.004297010798381962,华彩
HIEW Tzejia,166.74249433106576,118.33285322257467,0.05216126888990402,0.0004646396035923317,华彩
HIEW Tzejia,166.9514739229025,118.48116065594094,0.05884383246302605,0.002083465415125829,华彩
HIEW Tzejia,167.25333333333333,118.69538250413666,0.4054167568683624,0.012231244488702941,华彩
HIEW Tzejia,167.60163265306122,118.9425615597471,0.06235470250248909,-0.006783170113067173,华彩
HIEW Tzejia,167.81061224489795,119.09086899311338,0.053955771028995514,-0.0044362297643374396,华彩
HIEW Tzejia,168.06603174603174,119.27213363389437,0.19426123797893524,-0.004985326268069911,华彩
HIEW Tzejia,168.39111111111112,119.50283408579746,0.5420801639556885,-0.0034331929555264647,华彩
HIEW Tzejia,168.62331065759636,119.66762012287109,0.29174861311912537,-0.01749903042309597,华彩
HIEW Tzejia,168.94839002267574,119.89832057477417,0.2575148046016693,0.02554606987814623,华彩
HIEW Tzejia,169.22702947845804,120.09606381926251,0.14836019277572632,-0.02075144193440792,华彩
HIEW Tzejia,169.50566893424036,120.29380706375089,0.14096234738826752,-0.008424987709076959,华彩
HIEW Tzejia,169.73786848072564,120.45859310082453,0.31711259484291077,-0.01808386039101606,华彩
HIEW Tzejia,169.99328798185942,120.63985774160552,0.26603963971138,-0.028653529443545267,华彩
HIEW Tzejia,170.27192743764172,120.83760098609386,0.1488882303237915,-0.009569352414473542,华彩
HIEW Tzejia,170.6202267573696,121.0847800417043,0.1894737035036087,-0.006921808756032988,华彩
HIEW Tzejia,170.85242630385488,121.24956607877796,0.18632949888706207,-0.007889577409514459,华彩
HIEW Tzejia,171.06140589569162,121.39787351214423,0.19272838532924652,0.022617233526034397,华彩
HIEW Tzejia,171.27038548752836,121.5461809455105,0.3309716284275055,0.024375732868975316,华彩
HIEW Tzejia,171.54902494331066,121.74392418999884,0.40566113591194153,-0.005173109070710781,华彩
HIEW Tzejia,171.82766439909298,121.9416674344872,0.18825648725032806,0.01133405141899857,华彩
HIEW Tzejia,172.08308390022677,122.1229320752682,0.27639544010162354,-0.004515194336818241,华彩
HIEW Tzejia,172.36172335600907,122.32067531975655,0.3249555826187134,-0.03177792395945289,华彩
HIEW Tzejia,172.6403628117914,122.51841856424491,0.2006634771823883,0.005201157955525559,华彩
HIEW Tzejia,172.94222222222223,122.73264041244063,0.09790723770856857,-0.01254344536505414,华彩
HIEW Tzejia,173.26730158730157,122.9633408643437,0.10462215542793274,-0.004804407964797974,华彩
HIEW Tzejia,173.6156009070295,123.21051991995417,0.09875503182411194,7.178905150340142e-05,华彩
HIEW Tzejia,173.8942403628118,123.40826316444252,0.1452753096818924,-0.0015282411709449661,华彩
HIEW Tzejia,174.82303854875283,124.06740731273705,0.05919773876667023,-0.00034452665147455264,华彩
HIEW Tzejia,176.05369614512472,124.9407733092273,0.0604667104780674,-0.0013917113690808947,华彩
HIEW Tzejia,176.28589569160997,125.10555934630091,0.058447252959012985,-0.0003011591317658712,华彩
HIEW Tzejia,176.5645351473923,125.30330259078929,0.04844069480895996,9.243787815194084e-05,华彩
HIEW Tzejia,176.84317460317462,125.50104583527765,0.32241225242614746,-0.0005436333026409554,华彩
HIEW Tzejia,177.3075736961451,125.83061790942489,0.05656386539340019,0.0002561386942545596,华彩
HIEW Tzejia,177.67909297052154,126.0942755687427,0.46873366832733154,-0.0011213283357847104,华彩
HIEW Tzejia,178.097052154195,126.39089043547524,0.2506193518638611,-0.008884337140102616,华彩
HIEW Tzejia,178.39891156462585,126.60511228367096,0.7158989906311035,-0.006345247092554018,华彩
HIEW Tzejia,178.72399092970522,126.83581273557405,0.3365366756916046,-0.00017849811229098117,华彩
HIEW Tzejia,178.979410430839,127.01707737635505,0.4270293414592743,-0.007308118722448853,华彩
HIEW Tzejia,179.21160997732426,127.18186341342867,0.23485702276229858,0.019869346454015613,华彩
HIEW Tzejia,179.46702947845804,127.36312805420967,0.08203467726707458,0.006466044578701258,华彩
HIEW Tzejia,179.69922902494332,127.52791409128331,0.7458280324935913,-0.008349764050308295,华彩
HIEW Tzejia,180.00108843537416,127.74213593947903,0.6057665944099426,-0.0002780749241537709,华彩
HIEW Tzejia,180.302947845805,127.95635778767475,0.45023393630981445,0.004718027935268763,华彩
HIEW Tzejia,180.60480725623583,128.17057963587047,0.32141363620758057,-0.03075367626479419,华彩
HIEW Tzejia,180.88344671201813,128.36832288035882,0.4664624333381653,-0.006074376040032802,华彩
HIEW Tzejia,181.09242630385486,128.51663031372507,0.15182457864284515,0.016627572347260863,华彩
HIEW Tzejia,181.32462585034014,128.6814163507987,0.05202118679881096,0.0026963547725245003,华彩
HIEW Tzejia,181.53360544217688,128.829723784165,0.2938143014907837,-0.01740104005421017,华彩
HIEW Tzejia,181.76580498866213,128.9945098212386,0.22973178327083588,0.022600226952818048,华彩
HIEW Tzejia,182.0908843537415,129.2252102731417,0.13286851346492767,-0.01018187792851677,华彩
HIEW Tzejia,182.4391836734694,129.47238932875214,0.0783320888876915,-0.001926879554048355,华彩
HIEW Tzejia,182.7178231292517,129.67013257324052,0.05021732300519943,0.009711572670312307,华彩
HIEW Tzejia,182.996462585034,129.86787581772887,0.2517922520637512,-0.008831762312411229,华彩
HIEW Tzejia,183.2518820861678,130.04914045850987,0.23855938017368317,0.02718904059975102,尾声
HIEW Tzejia,183.66984126984127,130.3457553252424,0.05040767788887024,0.005901317194911826,尾声
HIEW Tzejia,184.0413605442177,130.6094129845602,0.25001534819602966,-0.013461043386087109,尾声
HIEW Tzejia,184.4128798185941,130.873070643878,0.04543592035770416,-0.011112338313523651,尾声
HIEW Tzejia,184.64507936507937,131.03785668095165,0.06189492344856262,-0.0007806821727740499,尾声
HIEW Tzejia,185.24879818594104,131.4663003773431,0.05231649801135063,-7.325725732698628e-05,尾声
HIEW Tzejia,185.50421768707483,131.64756501812408,0.05457296967506409,0.03682223451164646,尾声
HIEW Tzejia,185.7364172335601,131.81235105519772,0.2811740040779114,0.0009042510100698562,尾声
HIEW Tzejia,185.9453968253968,131.96065848856398,0.16061875224113464,0.015501216694246978,尾声
HIEW Tzejia,186.2008163265306,132.14192312934497,0.052242524921894073,-0.034132048961055254,尾声
HIEW Tzejia,186.50267573696146,132.3561449775407,0.04744693264365196,0.002842357423560315,尾声
HIEW Tzejia,187.10639455782314,132.78458867393215,0.0531914196908474,0.0009781648685702748,尾声
HIEW Tzejia,187.8029931972789,133.27894678515304,0.05249977111816406,0.0003720541229768059,尾声
HIEW Tzejia,188.63891156462586,133.87217651861812,0.3976151943206787,-0.012788764479410018,尾声
HIEW Tzejia,188.89433106575964,134.0534411593991,0.05584723502397537,-0.008382119250427422,尾声
HIEW Tzejia,189.1265306122449,134.21822719647272,0.07086142152547836,-0.003630045281965977,尾声
HIEW Tzejia,189.660589569161,134.5972350817421,0.5001800060272217,-0.011135197775047343,尾声
HIEW Tzejia,189.98566893424035,134.82793553364516,0.2351565808057785,0.0009565212621964747,尾声
HIEW Tzejia,190.542947845805,135.2234220226219,0.06054357811808586,0.025878774306420382,尾声
HIEW Tzejia,191.10022675736963,135.61890851159862,0.04244371876120567,-0.0007401632672099367,尾声
HIEW Tzejia,191.40208616780046,135.83313035979432,0.5618240237236023,-0.013325687211818149,尾声
HIEW Tzejia,191.6110657596372,135.9814377931606,0.058063607662916183,-0.003939838859423617,尾声
HIEW Tzejia,191.84326530612245,136.14622383023422,0.06956270337104797,-0.002619080495946946,尾声
HIEW Tzejia,192.30766439909297,136.47579590438147,0.0422743558883667,0.0013099372466740533,尾声
HIEW Tzejia,192.53986394557822,136.6405819414551,0.46886783838272095,-0.0041259359619516545,尾声
HIEW Tzejia,192.88816326530613,136.88776099706558,0.32846033573150635,-0.003675885784559795,尾声
HIEW Tzejia,193.09714285714287,137.03606843043184,0.055645864456892014,-0.005709782585938682,尾声
HIEW Tzejia,193.35256235827666,137.21733307121283,0.05480458214879036,-0.00045413664082616373,尾声
HIEW Tzejia,193.88662131519274,137.59634095648218,0.2961990535259247,-0.0021843344498506663,尾声
HIEW Tzejia,194.30458049886622,137.89295582321472,0.05724402889609337,-0.000769914474574307,尾声
HIEW Tzejia,194.6296598639456,138.1236562751178,0.05765799805521965,-0.00011759521996168586,尾声
HIEW Tzejia,194.9082993197279,138.32139951960616,0.054765570908784866,7.127236827386695e-05,尾声
HIEW Tzejia,195.1869387755102,138.5191427640945,0.19184990227222443,-0.007760076690033201,尾声
HIEW Tzejia,195.4655782312925,138.71688600858286,0.041792940348386765,-0.0004280209424223358,尾声
HIEW Tzejia,195.76743764172335,138.9311078567786,0.04952334612607956,0.023529301065394744,尾声
HIEW Tzejia,196.18539682539682,139.22772272351114,0.16762299835681915,-0.006676988255094329,尾声
HIEW Tzejia,196.48725623582766,139.44194457170684,0.18579402565956116,-0.0049266064507946785,尾声
HIEW Tzejia,196.7891156462585,139.65616641990258,0.16314145922660828,-0.0025581479548009156,尾声
HIEW Tzejia,196.99809523809523,139.80447385326883,0.04672215133905411,0.0018876191489880514,尾声
HIEW Tzejia,197.43927437641725,140.11756732370876,0.18013283610343933,-0.0029161404810906784,尾声
HIEW Tzejia,197.81079365079364,140.38122498302653,0.25811466574668884,-0.0006636500714307657,尾声
HIEW Tzejia,198.25197278911565,140.69431845346645,0.050856299698352814,0.004251091063167676,尾声
HIEW Tzejia,198.69315192743764,141.00741192390635,0.04619556665420532,-0.00031096335533220554,尾声
HIEW Tzejia,199.22721088435375,141.3864198091757,0.04521038010716438,-0.000544139988534198,尾声
HIEW Tzejia,199.459410430839,141.55120584624933,0.0658314973115921,-0.0005532913860406551,尾声
HIEW Tzejia,199.66839002267574,141.6995132796156,0.07508809864521027,-2.343924734304891e-05,尾声
HIEW Tzejia,199.97024943310657,141.91373512781132,0.06330092996358871,0.0014936632496187483,尾声
HIEW Tzejia,200.20244897959185,142.07852116488496,0.7129769325256348,-0.0014914628060580526,尾声
HIEW Tzejia,200.4346485260771,142.24330720195857,0.066987544298172,-0.000771966688972725,尾声
HIEW Tzejia,201.38666666666666,142.91892995396046,0.07598111033439636,-0.0002437408035405042,尾声
HIEW Tzejia,201.64208616780044,143.10019459474145,0.07604140788316727,-0.00022445480780675098,尾声
HIEW Tzejia,201.85106575963718,143.24850202810774,0.05930310860276222,-0.0005870450642930791,尾声
HIEW Tzejia,202.71020408163264,143.85821036528017,0.06672538071870804,-0.0008900326044170014,尾声
HIEW Tzejia,203.33714285714285,144.30313266537897,0.08310729265213013,0.0001267818767303197,尾声
HIEW Tzejia,203.6390022675737,144.51735451357467,0.07691814750432968,0.00019740591028494234,尾声
HIEW Tzejia,203.89442176870747,144.69861915435567,0.05087375268340111,-0.0004418394546235049,尾声
HIEW Tzejia,204.14984126984126,144.87988379513666,0.07360032200813293,-0.00013899083270985102,尾声
HIEW Tzejia,204.358820861678,145.02819122850295,0.06682969629764557,0.00034090967488964447,尾声
HIEW Tzejia,204.59102040816327,145.1929772655766,0.05849502235651016,9.319090139570108e-05,尾声
HIEW Tzejia,204.84643990929706,145.37424190635758,0.06759386509656906,0.00011631872425255096,尾声
HIEW Tzejia,205.1482993197279,145.5884637545533,0.07438492774963379,-8.253969454585786e-05,尾声
HIEW Tzejia,205.40371882086168,145.76972839533428,0.06088078394532204,0.00010701098034360256,尾声
HIEW Tzejia,205.82167800453516,146.06634326206682,0.062034688889980316,-0.000131232675926185,尾声
HIEW Tzejia,206.0538775510204,146.23112929914046,0.06215823441743851,-0.0001556003027758379,尾声
HIEW Tzejia,206.42539682539683,146.49478695845826,0.06023046374320984,-0.00017271810008878674,尾声
HIEW Tzejia,206.91301587301587,146.8408376363129,0.057460978627204895,-0.0003070941922089787,尾声
HIEW Tzejia,207.2148752834467,147.0550594845086,0.04376266896724701,-0.00016838444878430892,尾声
HIEW Tzejia,207.4702947845805,147.2363241252896,0.06610614061355591,0.0004485684677035806,尾声
HIEW Tzejia,207.86503401360545,147.51646038831478,0.06535930931568146,-4.274356655287193e-05,尾声
HIEW Tzejia,208.0972335600907,147.68124642538842,0.05396173894405365,-2.7601541319199886e-05,尾声
HIEW Tzejia,208.30621315192744,147.82955385875468,0.05790293961763382,0.0001291002739378655,尾声
HIEW Tzejia,208.53841269841269,147.99433989582832,0.06721652299165726,-0.0002536462986313381,尾声
HIEW Tzejia,208.79383219954647,148.1756045366093,0.08659300953149796,-9.010411190502053e-05,尾声
HIEW Tzejia,209.32789115646258,148.55461242187866,0.054954733699560165,0.000638024212662458,尾声
HIEW Tzejia,209.6065306122449,148.75235566636704,0.0506620779633522,-0.0002727407558467121,尾声
HIEW Tzejia,210.53532879818593,149.41149981466154,0.06721847504377365,-7.045845080710933e-05,尾声
HIEW Tzejia,210.7675283446712,149.57628585173518,0.06469261646270752,-8.244146698643827e-06,尾声
HIEW Tzejia,210.97650793650794,149.72459328510146,0.05896632745862007,-0.00017983781503971843,尾声
HIEW Tzejia,211.44090702947847,150.0541653592487,0.0516955703496933,9.0260368779127e-05,尾声
HIEW Tzejia,212.06784580498865,150.4990876593475,0.05700872838497162,0.00012858266558168907,尾声
HIEW Tzejia,212.48580498866212,150.79570252608005,0.050972048193216324,-0.00041560394485884444,尾声
HIEW Tzejia,212.7412244897959,150.97696716686104,0.05471821874380112,-0.00017252594233241322,尾声
Jasmine Wong,0.06965986394557823,0.057526270749296914,0.06701596081256866,0.1934775456817306,A段 主题
Jasmine Wong,0.5340589569160997,0.44103474241127627,0.03152363374829292,-0.029411957575575794,A段 主题
Jasmine Wong,1.0913378684807256,0.9012449084056515,0.7567524313926697,-0.04764517661897116,A段 主题
Jasmine Wong,1.4164172335600906,1.169700838569037,0.497637003660202,-0.060079429704273934,A段 主题
Jasmine Wong,1.8575963718820863,1.5340338866479177,0.04585713893175125,0.038525520744769885,A段 主题
Jasmine Wong,2.7631746031746034,2.2818754063887776,0.1640011966228485,0.0363285944558811,A段 主题
Jasmine Wong,2.972154195011338,2.4544542186366685,0.24016636610031128,-0.08578038607538474,A段 主题
Jasmine Wong,3.250793650793651,2.684559301633856,0.04137482866644859,0.06195323874180758,A段 主题
Jasmine Wong,3.4829931972789114,2.8763135374648456,0.15046004951000214,0.0615998145804042,A段 主题
Jasmine Wong,3.7151927437641725,3.0680677732958355,0.27431240677833557,0.1647165147915075,A段 主题
Jasmine Wong,3.947392290249433,3.2598220091268253,0.14519745111465454,-0.03929635440726997,A段 主题
Jasmine Wong,4.179591836734694,3.451576244957815,0.06821144372224808,-0.13352859959923077,A段 主题
Jasmine Wong,4.435011337868481,3.6625059043719035,0.0984630212187767,-0.07956020936035202,A段 主题
Jasmine Wong,4.713650793650793,3.892610987369091,0.07403158396482468,-0.00955226419137034,A段 主题
Jasmine Wong,5.038730158730159,4.161066917532477,0.08957057446241379,-0.012005266489723,A段 主题
Jasmine Wong,5.317369614512471,4.391172000529664,0.08243627846240997,0.012171392972959438,A段 主题
Jasmine Wong,5.5495691609977325,4.582926236360654,0.05193169042468071,-0.03485422669200488,A段 主题
Jasmine Wong,5.944308390022676,4.908908437273337,0.13418644666671753,-0.019507075217006786,A段 主题
Jasmine Wong,6.246167800453515,5.158188943853623,0.0363396480679512,-0.006419560008907865,A段 主题
Jasmine Wong,6.664126984126984,5.5033465683494045,0.03582800179719925,0.004697963788657945,A段 主题
Jasmine Wong,6.896326530612245,5.695100804180394,0.03296477347612381,-0.0046147014359121385,A段 主题
Jasmine Wong,7.244625850340136,5.982732157926879,0.03899241238832474,0.004326965324707999,A段 主题
Jasmine Wong,7.801904761904762,6.442942323921254,0.042191773653030396,-0.00144839916060846,A段 主题
Jasmine Wong,8.17342403628118,6.749749101250838,0.3674224317073822,0.006561550117112346,A段 主题
Jasmine Wong,8.6378231292517,7.133257572912816,0.03309290483593941,-0.014082707241414026,A段 主题
Jasmine Wong,8.893242630385487,7.344187232326905,0.05704135820269585,0.036216713220937884,A段 主题
Jasmine Wong,9.102222222222222,7.516766044574797,0.7560597658157349,-0.09907220887725998,A段 主题
Jasmine Wong,9.450521541950113,7.8043973983212815,0.6434081792831421,-0.10102075143549882,A段 主题
Jasmine Wong,10.077460317460318,8.322133835064953,0.8484331965446472,-0.21523292925849094,A段 主题
Jasmine Wong,10.448979591836734,8.628940612394537,0.042481064796447754,-0.03075335157518566,A段 主题
Jasmine Wong,10.7740589569161,8.897396542557923,0.2945941686630249,0.10087096543429651,A段 主题
Jasmine Wong,11.168798185941043,9.223378743470604,0.0364319309592247,0.01050781042977178,A段 主题
Jasmine Wong,11.470657596371883,9.472659250050892,0.22058729827404022,0.09244736338587245,A段 主题
Jasmine Wong,11.77251700680272,9.721939756631178,0.17205744981765747,0.15533022524323312,A段 主题
Jasmine Wong,11.981496598639456,9.89451856887907,0.10161244869232178,-0.210689751929749,A段 主题
Jasmine Wong,12.26013605442177,10.124623651876258,0.10717008262872696,-0.08724940935280756,A段 主题
Jasmine Wong,12.561995464852608,10.373904158456543,0.17434446513652802,-0.030447552694568,A段 主题
Jasmine Wong,12.770975056689343,10.546482970704435,0.11317604780197144,0.023213616714201638,A段 主题
Jasmine Wong,13.142494331065759,10.853289748034017,0.16445262730121613,-0.0032022818231780548,A段 主题
Jasmine Wong,13.444353741496599,11.102570254614305,0.08526133745908737,-0.0016075898201961538,A段 主题
Jasmine Wong,13.769433106575963,11.371026184777689,0.1640809029340744,-0.024409640968769963,A段 主题
Jasmine Wong,14.048072562358277,11.601131267774877,0.08036160469055176,-0.006973994015879726,A段 主题
Jasmine Wong,14.303492063492063,11.812060927188966,0.03501123934984207,-0.006867746503758098,A段 主题
Jasmine Wong,14.628571428571428,12.080516857352352,0.05686454102396965,-0.0021336497752599826,A段 主题
Jasmine Wong,15.069750566893424,12.444849905431232,0.04406282678246498,0.004576452880655779,A段 主题
Jasmine Wong,15.928888888888888,13.154340578005893,0.03720127046108246,-0.001333439223571986,A段 主题
Jasmine Wong,16.300408163265306,13.461147355335477,0.3197878897190094,-0.016149852109492713,A段 主题
Jasmine Wong,16.92734693877551,13.97888379207915,0.845648467540741,-0.02771181605680795,A段 主题
Jasmine Wong,17.29886621315193,14.285690569408734,0.2228059321641922,-0.030867207328810764,A段 主题
Jasmine Wong,17.531065759637187,14.477444805239722,0.7571312785148621,-0.021382072714004607,A段 主题
Jasmine Wong,17.786485260770974,14.68837446465381,0.24160730838775635,0.00491549412799941,A段 主题
Jasmine Wong,18.134784580498867,14.976005818400296,0.047121379524469376,0.10786420136810192,A段 主题
Jasmine Wong,18.552743764172334,15.321163442896076,0.17763471603393555,0.011523666807988773,A段 主题
Jasmine Wong,18.784943310657596,15.512917678727067,0.04260559007525444,-0.012605407960109003,A段 主题
Jasmine Wong,19.156462585034014,15.819724456056651,0.182885080575943,0.005185680765862345,A段 主题
Jasmine Wong,19.458321995464853,16.06900496263694,0.15923407673835754,-0.03323916948829719,A段 主题
Jasmine Wong,19.736961451247165,16.299110045634126,0.11297443509101868,-0.0697546099218016,A段 主题
Jasmine Wong,20.01560090702948,16.529215128631314,0.16167621314525604,-0.1401213180088234,A段 主题
Jasmine Wong,20.29424036281179,16.759320211628502,0.11717847734689713,0.023030550983094145,A段 主题
Jasmine Wong,20.526439909297054,16.95107444745949,0.04448181763291359,0.15031850552986722,A段 主题
Jasmine Wong,20.96761904761905,17.315407495538373,0.30442845821380615,-0.05032334543102479,A段 主题
Jasmine Wong,21.176598639455783,17.48798630778626,0.1162026971578598,-0.028900671713927288,A段 主题
Jasmine Wong,21.478458049886623,17.73726681436655,0.10533200204372406,0.00439866944361711,A段 主题
Jasmine Wong,21.826757369614512,18.024898168113033,0.06644333153963089,-0.002909092836489434,A段 主题
Jasmine Wong,22.058956916099774,18.216652403944025,0.04142499342560768,-0.04438313662831206,A段 主题
Jasmine Wong,22.407256235827663,18.504283757690505,0.2303677499294281,-0.04215224589643185,A段 主题
Jasmine Wong,22.6162358276644,18.6768625699384,0.03360763192176819,-0.03129294034351915,A段 主题
Jasmine Wong,23.312834467120183,19.252125277431368,0.02825513854622841,-0.0064983452261913035,A段 主题
Jasmine Wong,23.823673469387757,19.673984596259544,0.20583529770374298,0.09514179246252752,A段 主题
Jasmine Wong,24.102312925170068,19.90408967925673,0.18028615415096283,-0.013040662497587617,A段 主题
Jasmine Wong,24.659591836734695,20.364299845251107,0.034922387450933456,-0.010881599791900953,A段 主题
Jasmine Wong,25.14721088435374,20.766983740496183,0.028323784470558167,-0.0039691003166808505,A段 主题
Jasmine Wong,25.495510204081633,21.05461509424267,0.03337636590003967,-0.0020374255029764754,A段 主题
Jasmine Wong,26.076009070294784,21.534000683820143,0.5013941526412964,0.00010947244390990868,A段 主题
Jasmine Wong,26.93514739229025,22.243491356394806,0.22118036448955536,-0.020163463432254503,A段 主题
Jasmine Wong,27.190566893424037,22.454421015808897,0.17414119839668274,-0.06832628505435423,A段 主题
Jasmine Wong,27.422766439909296,22.646175251639885,0.12985706329345703,-0.03193668762833112,A段 主题
Jasmine Wong,27.631746031746033,22.818754063887777,0.15351054072380066,-0.04551157817331841,A段 主题
Jasmine Wong,28.16580498866213,23.259788806299053,0.05011918768286705,-0.05020436387894733,A段 主题
Jasmine Wong,28.908843537414967,23.87340236095822,0.2179533988237381,-0.01681751027717837,A段 主题
Jasmine Wong,29.164263038548754,24.084332020372308,0.24904389679431915,-0.06873455549794016,A段 主题
Jasmine Wong,29.60544217687075,24.448665068451188,0.18409103155136108,-0.014463348270510322,A段 主题
Jasmine Wong,29.860861678004536,24.659594727865276,0.06385169178247452,-0.06767779586880351,A段 主题
Jasmine Wong,30.06984126984127,24.832173540113168,0.02192043699324131,0.003333839367769542,A段 主题
Jasmine Wong,30.325260770975056,25.043103199527255,0.36548829078674316,-0.031453369956579984,A段 主题
Jasmine Wong,30.603900226757368,25.273208282524443,0.022887876257300377,-0.06717790565744508,A段 主题
Jasmine Wong,31.068299319727892,25.656716754186423,0.5746423602104187,-0.038502199913637014,A段 主题
Jasmine Wong,31.32371882086168,25.86764641360051,0.4646638035774231,-0.0878747901879251,A段 主题
Jasmine Wong,31.532698412698412,26.040225225848403,0.3384017050266266,0.0047229885240085406,A段 主题
Jasmine Wong,31.741678004535146,26.21280403809629,0.3256972134113312,-0.15282022177416366,A段 主题
Jasmine Wong,31.973877551020408,26.404558273927282,0.19484977424144745,-0.17092249254346822,A段 主题
Jasmine Wong,32.298956916099776,26.67301420409067,0.1400887817144394,-0.1654700487051741,A段 主题
Jasmine Wong,32.64725623582766,26.96064555783715,0.05012071505188942,-0.025293185376540347,A段 主题
Jasmine Wong,33.08843537414966,27.324978605916034,0.22884152829647064,-0.009443329872738104,A段 主题
Jasmine Wong,33.32063492063492,27.516732841747025,0.32451799511909485,-0.0594702384660195,A段 主题
Jasmine Wong,33.52961451247165,27.689311653994913,0.2389485388994217,0.030768798205826894,A段 主题
Jasmine Wong,33.73859410430839,27.861890466242805,0.40997812151908875,-0.04824844036193098,A段 主题
Jasmine Wong,33.94757369614513,28.034469278490697,0.12068111449480057,-0.06510742114187451,A段 主题
Jasmine Wong,34.22621315192744,28.264574361487885,0.19376078248023987,-0.21872136958336338,A段 主题
Jasmine Wong,34.50485260770975,28.494679444485072,0.2739724814891815,0.017335831398668233,A段 主题
Jasmine Wong,34.76027210884354,28.70560910389916,0.147707000374794,-0.07067376227496425,A段 主题
Jasmine Wong,34.969251700680275,28.878187916147052,0.2464810609817505,-0.17381507777827207,A段 主题
Jasmine Wong,35.20145124716553,29.069942151978037,0.28226473927497864,-0.07983740260897321,A段 主题
Jasmine Wong,35.41043083900227,29.24252096422593,0.4027140736579895,-0.05965150885458569,A段 主题
Jasmine Wong,35.619410430839004,29.415099776473824,0.3003019690513611,-0.0899088865480735,A段 主题
Jasmine Wong,36.08380952380952,29.7986082481358,0.3122080862522125,-0.14786137585360848,A段 主题
Jasmine Wong,36.33922902494331,30.009537907549888,0.3316335380077362,-0.006997821219556498,A段 主题
Jasmine Wong,36.594648526077094,30.220467566963976,0.12888717651367188,-0.07587956424686126,A段 主题
Jasmine Wong,36.80362811791383,30.393046379211867,0.18848152458667755,-0.14776038401578262,A段 主题
Jasmine Wong,37.03582766439909,30.58480061504286,0.2912549376487732,-0.10187675834458784,A段 主题
Jasmine Wong,37.268027210884355,30.77655485087385,0.2487124651670456,-0.0834201232464693,A段 主题
Jasmine Wong,37.50022675736962,30.96830908670484,0.23581653833389282,-0.06806014844187303,A段 主题
Jasmine Wong,37.918185941043085,31.31346671120062,0.21052207052707672,-0.17153776884697433,A段 主题
Jasmine Wong,38.17360544217687,31.52439637061471,0.26034268736839294,-0.0074683594903035555,A段 主题
Jasmine Wong,38.45224489795918,31.754501453611894,0.1645493060350418,-0.04033196146338013,A段 主题
Jasmine Wong,38.89342403628118,32.11883450169078,0.29572904109954834,-0.011443083621998081,A段 主题
Jasmine Wong,39.10240362811791,32.29141331393866,0.5164468288421631,-0.19329475826452833,A段 主题
Jasmine Wong,39.31138321995465,32.46399212618656,0.38056984543800354,-0.051531781900848735,A段 主题
Jasmine Wong,39.54358276643991,32.65574636201755,0.2047354131937027,-0.10326323072149535,A段 主题
Jasmine Wong,39.84544217687075,32.90502686859784,0.32108035683631897,-0.05476442220242461,A段 主题
Jasmine Wong,40.147301587301584,33.15430737517812,0.032939597964286804,-0.07845440536584647,A段 主题
Jasmine Wong,40.44916099773243,33.403587881758405,0.02459958754479885,0.22176313250383825,A段 主题
Jasmine Wong,40.79746031746032,33.691219235504896,0.23785400390625,-0.043033037127315765,A段 主题
Jasmine Wong,41.00643990929705,33.86379804775278,0.2738700211048126,-0.04914020419164444,A段 主题
Jasmine Wong,41.21541950113379,34.03637686000067,0.2357897013425827,-0.05547822365770116,A段 主题
Jasmine Wong,41.44761904761905,34.228131095831664,0.25363025069236755,-0.05022876048315083,A段 主题
Jasmine Wong,41.72625850340136,34.45823617882885,0.17086340487003326,-0.12655826431000602,A段 主题
Jasmine Wong,41.95845804988662,34.64999041465984,0.11361608654260635,-0.011636569979600607,A段 主题
Jasmine Wong,42.237097505668935,34.88009549765703,0.173721045255661,-0.020012633649457708,A段 主题
Jasmine Wong,42.44607709750567,35.05267430990492,0.24534140527248383,-0.09105723729589954,A段 主题
Jasmine Wong,42.67827664399093,35.24442854573591,0.18260036408901215,-0.0668615051836241,A段 主题
Jasmine Wong,42.91047619047619,35.4361827815669,0.22120694816112518,-0.026568475914245934,A段 主题
Jasmine Wong,43.165895691609975,35.64711244098098,0.22369016706943512,-0.056707082148932386,A段 主题
Jasmine Wong,43.56063492063492,35.97309464189367,0.2822743058204651,-0.13709107106478768,A段 主题
Jasmine Wong,43.83927437641724,36.20319972489086,0.22339051961898804,-0.053866524604018196,A段 主题
Jasmine Wong,44.11791383219955,36.43330480788805,0.19515898823738098,0.004902520868199643,A段 主题
Jasmine Wong,44.32689342403628,36.605883620135934,0.22255326807498932,-0.18056695043924265,A段 主题
Jasmine Wong,44.55909297052154,36.797637855966926,0.25301307439804077,-0.04829339459320181,A段 主题
Jasmine Wong,44.76807256235828,36.97021666821482,0.2488129734992981,-0.007541506329289412,A段 主题
Jasmine Wong,45.00027210884354,37.16197090404581,0.2498869150876999,-0.027930965188716073,A段 主题
Jasmine Wong,45.3253514739229,37.430426834209186,0.025287888944149017,0.03380594480404397,A段 主题
Jasmine Wong,45.67365079365079,37.71805818795568,0.1772347092628479,-0.060691613816743484,A段 主题
Jasmine Wong,45.97551020408163,37.96733869453596,0.22557787597179413,0.042848426255659426,A段 主题
Jasmine Wong,46.18448979591837,38.13991750678385,0.27988800406455994,-0.20353530617285287,A段 主题
Jasmine Wong,46.41668934240363,38.331671742614844,0.3143169581890106,-0.016974872050923292,A段 主题
Jasmine Wong,46.625668934240366,38.504250554862736,0.28308945894241333,-0.04762730532092973,A段 主题
Jasmine Wong,46.85786848072562,38.69600479069372,0.31810227036476135,-0.045217340630188105,A段 主题
Jasmine Wong,47.06684807256236,38.86858360294161,0.22764438390731812,-0.1722615965263685,A段 主题
Jasmine Wong,47.391927437641726,39.137039533105,0.1420266032218933,-0.11634564543783198,A段 主题
Jasmine Wong,48.06530612244898,39.69312681701487,0.25125184655189514,-0.04320447133068228,A段 主题
Jasmine Wong,48.32072562358277,39.904056476428956,0.21443992853164673,0.022623462791671045,A段 主题
Jasmine Wong,48.529705215419504,40.076635288676854,0.21086233854293823,-0.02115015886374749,A段 主题
Jasmine Wong,48.76190476190476,40.26838952450784,0.22494317591190338,-0.039027270759106614,A段 主题
Jasmine Wong,49.22630385487528,40.651897996169815,0.12776301801204681,0.18274130889039947,A段 主题
Jasmine Wong,49.5978231292517,40.9587047734994,0.07828032225370407,-0.031206919084070247,A段 主题
Jasmine Wong,50.01578231292517,41.30386239799518,0.26996690034866333,-0.4592609201608866,A段 主题
Jasmine Wong,50.24798185941043,41.495616633826174,0.2983034551143646,-0.41382968738616904,A段 主题
Jasmine Wong,50.45696145124717,41.668195446074066,0.17068947851657867,0.05029068834119243,A段 主题
Jasmine Wong,50.6659410430839,41.84077425832195,0.2812928259372711,-0.40371266477450257,A段 主题
Jasmine Wong,50.874920634920635,42.01335307056984,0.21939602494239807,-0.08035592427404481,A段 主题
Jasmine Wong,51.17678004535147,42.262633577150126,0.2320428490638733,-0.047433763575099874,A段 主题
Jasmine Wong,51.43219954648526,42.47356323656422,0.14123116433620453,-0.07393436408165142,A段 主题
Jasmine Wong,51.66439909297052,42.66531747239521,0.03993818536400795,-0.05478514121932676,A段 主题
Jasmine Wong,51.87337868480726,42.8378962846431,0.14730283617973328,-0.044132216498837806,A段 主题
Jasmine Wong,52.10557823129252,43.02965052047409,0.20616355538368225,-0.09911112101690378,A段 主题
Jasmine Wong,52.31455782312925,43.20222933272198,0.14179353415966034,-0.006696631498925854,A段 主题
Jasmine Wong,52.54675736961451,43.39398356855297,0.2569523751735687,-0.15789602566655958,A段 主题
Jasmine Wong,52.77895691609977,43.58573780438396,0.08779395371675491,-0.027768658583227076,A段 主题
Jasmine Wong,53.011156462585035,43.77749204021495,0.26396024227142334,-0.02608522127047763,A段 主题
Jasmine Wong,53.26657596371882,43.988421699629036,0.47057676315307617,-0.03934985179512296,A段 主题
Jasmine Wong,53.52199546485261,44.19935135904313,0.2293107658624649,0.06670679249509703,A段 主题
Jasmine Wong,53.730975056689346,44.37193017129102,0.40853235125541687,-0.13027781487835452,A段 主题
Jasmine Wong,53.939954648526076,44.54450898353891,0.5859108567237854,-0.1419771740984288,A段 主题
Jasmine Wong,54.17215419501134,44.736263219369896,0.4204774796962738,-0.008770429758442331,A段 主题
Jasmine Wong,54.381133786848075,44.908842031617795,0.4121476113796234,-0.2536906829845975,A段 主题
Jasmine Wong,54.63655328798186,45.11977169103188,0.08553193509578705,-0.0016453856005682593,A段 主题
Jasmine Wong,54.84553287981859,45.29235050327977,0.5674867630004883,-0.047685682602605084,A段 主题
Jasmine Wong,55.10095238095238,45.503280162693855,0.12662911415100098,0.0019466221147013134,A段 主题
Jasmine Wong,55.309931972789116,45.67585897494175,0.33637911081314087,-0.06353813801069917,A段 主题
Jasmine Wong,55.51891156462585,45.84843778718964,0.5631046891212463,-0.10510412434996395,A段 主题
Jasmine Wong,55.75111111111111,46.04019202302062,0.4290570616722107,-0.10713273059081982,A段 主题
Jasmine Wong,56.006530612244894,46.251121682434714,0.30732595920562744,-0.07334645624723635,A段 主题
Jasmine Wong,56.21551020408163,46.423700494682606,0.249008446931839,-0.15040064245113172,A段 主题
Jasmine Wong,56.47092970521542,46.6346301540967,0.117160364985466,-0.06521016152873925,A段 主题
Jasmine Wong,56.70312925170068,46.82638438992769,0.44836264848709106,-0.05549806028284365,A段 主题
Jasmine Wong,56.93532879818594,47.01813862575868,0.45330560207366943,-0.025119527526840095,A段 主题
Jasmine Wong,57.14430839002267,47.190717438006565,0.14115840196609497,-0.004303741661715321,A段 主题
Jasmine Wong,57.35328798185941,47.36329625025446,0.6510185599327087,-0.25277177892348845,A段 主题
Jasmine Wong,57.608707482993196,47.57422590966855,0.5212163925170898,-0.24727185591473239,A段 主题
Jasmine Wong,57.84090702947846,47.76598014549953,0.11535772681236267,-0.019882597371179145,A段 主题
Jasmine Wong,58.049886621315196,47.93855895774743,0.34133896231651306,-0.15262513775269324,A段 主题
Jasmine Wong,58.258866213151926,48.11113776999532,0.07211649417877197,-0.0076918261584069106,A段 主题
Jasmine Wong,58.53750566893424,48.3412428529925,0.1588178426027298,-0.019488418456603537,A段 主题
Jasmine Wong,58.83936507936508,48.59052335957279,0.16498717665672302,-0.03295765118309645,A段 主题
Jasmine Wong,59.14122448979592,48.839803866153076,0.21972143650054932,-0.17490222262495078,A段 主题
Jasmine Wong,59.512743764172335,49.14661064348266,0.3017808496952057,-0.05884905949642417,A段 主题
Jasmine Wong,59.7449433106576,49.33836487931365,0.18091630935668945,-0.08649452224744893,A段 主题
Jasmine Wong,59.953922902494334,49.51094369156154,0.13834911584854126,-0.1224476948209485,A段 主题
Jasmine Wong,60.20934240362812,49.721873350975635,0.06463229656219482,-0.041056248483073425,A段 主题
Jasmine Wong,60.46476190476191,49.93280301038972,0.3427486717700958,-0.0021038320483057755,A段 主题
Jasmine Wong,60.69696145124716,50.124557246220704,0.2639159858226776,-0.15143781374717946,A段 主题
Jasmine Wong,60.9059410430839,50.2971360584686,0.4939712584018707,-0.07795575661475596,A段 主题
Jasmine Wong,61.13814058956916,50.488890294299594,0.35571515560150146,-0.00470409922854742,A段 主题
Jasmine Wong,61.37034013605442,50.68064453013058,0.29596060514450073,-0.1739745328450226,A段 主题
Jasmine Wong,61.57931972789115,50.85322334237847,0.16346041858196259,-0.04197967336949659,A段 主题
Jasmine Wong,61.83473922902494,51.064153001792555,0.3102521002292633,-0.11674953639158048,A段 主题
Jasmine Wong,62.299138321995464,51.44766147345454,0.4253080189228058,-0.11795404125223284,A段 主题
Jasmine Wong,62.531337868480726,51.63941570928553,0.15849564969539642,-0.08936040176195092,A段 主题
Jasmine Wong,62.76353741496599,51.83116994511652,0.19547025859355927,-0.05456283006424201,A段 主题
Jasmine Wong,62.97251700680272,52.003748757364406,0.34209027886390686,-0.07069599109854607,A段 主题
Jasmine Wong,63.25115646258504,52.2338538403616,0.301423579454422,-0.09030009837260876,A段 主题
Jasmine Wong,63.506575963718824,52.44478349977569,0.16957607865333557,-0.03406952018849552,A段 主题
Jasmine Wong,63.715555555555554,52.61736231202357,0.21840016543865204,-0.02800760244099365,A段 主题
Jasmine Wong,63.947755102040816,52.809116547854565,0.0953868180513382,-0.042797527339644155,A段 主题
Jasmine Wong,64.17995464852608,53.000870783685556,0.9571596384048462,-0.033001344854710624,A段 主题
Jasmine Wong,64.52825396825396,53.28850213743203,0.48403263092041016,-0.10998910911439452,A段 主题
Jasmine Wong,64.85333333333334,53.55695806759543,0.5044404864311218,-0.1835331619076896,A段 主题
Jasmine Wong,65.0855328798186,53.74871230342642,0.17103211581707,-0.2046148074441589,A段 主题
Jasmine Wong,65.43383219954649,54.0363436571729,0.04018312320113182,0.5133816203851893,A段 主题
Jasmine Wong,66.01433106575963,54.515729246750375,0.3756486177444458,-0.07228631220641546,A段 主题
Jasmine Wong,66.2465306122449,54.70748348258136,0.13974274694919586,-0.11527307437972922,A段 主题
Jasmine Wong,66.47873015873016,54.89923771841235,0.11598595231771469,0.027632464662019626,A段 主题
Jasmine Wong,66.87346938775511,55.22521991932504,0.31128841638565063,-0.03794385029323166,A段 主题
Jasmine Wong,67.10566893424036,55.41697415515602,0.5181475281715393,-0.012073113248334265,A段 主题
Jasmine Wong,67.3146485260771,55.58955296740391,0.4696129858493805,-0.019582610912038945,A段 主题
Jasmine Wong,67.52362811791383,55.7621317796518,0.36752408742904663,-0.1378702974761836,A段 主题
Jasmine Wong,67.82548752834467,56.01141228623209,0.21761633455753326,-0.22210560364328555,A段 主题
Jasmine Wong,68.05768707482993,56.20316652206308,0.04971493035554886,0.0271849659839063,A段 主题
Jasmine Wong,68.28988662131519,56.39492075789407,0.08229684084653854,-0.05122393604324315,A段 主题
Jasmine Wong,68.54530612244898,56.60585041730816,0.09536784887313843,0.1548386680951807,A段 主题
Jasmine Wong,68.84716553287981,56.855130923888446,0.2928277552127838,-0.09737851996760583,A段 主题
Jasmine Wong,69.07936507936508,57.04688515971944,0.22518306970596313,-0.08939321833167922,A段 主题
Jasmine Wong,69.31156462585034,57.23863939555043,0.31499966979026794,-0.08592014346504583,A段 主题
Jasmine Wong,69.5437641723356,57.43039363138141,0.1057484820485115,-0.14634187336923785,A段 主题
Jasmine Wong,70.00816326530612,57.8139021030434,0.05151678994297981,-0.03299520249129273,A段 主题
Jasmine Wong,70.28680272108843,58.04400718604059,0.14481967687606812,-0.03972638669438311,A段 主题
Jasmine Wong,70.54222222222222,58.25493684545467,0.20849859714508057,-0.029201269353507087,A段 主题
Jasmine Wong,70.79764172335601,58.465866504868764,0.21143311262130737,-0.17266702307097148,A段 主题
Jasmine Wong,71.02984126984127,58.657620740699755,0.0994374006986618,-0.10367658542236313,A段 主题
Jasmine Wong,71.26204081632653,58.84937497653074,0.09373034536838531,0.014369444215844853,A段 主题
Jasmine Wong,71.51746031746032,59.06030463594483,0.11151693016290665,0.13228455900389235,A段 主题
Jasmine Wong,71.7728798185941,59.27123429535892,0.35695046186447144,-0.024311046581715342,A段 主题
Jasmine Wong,72.07473922902494,59.52051480193921,0.28743991255760193,-0.07017519183136754,A段 主题
Jasmine Wong,72.28371882086168,59.6930936141871,0.11208830773830414,-0.0822180401883088,A段 主题
Jasmine Wong,72.53913832199547,59.90402327360118,0.19042477011680603,-0.11096349498984635,A段 主题
Jasmine Wong,72.79455782312925,60.114952933015275,0.38123637437820435,-0.09915100818034261,A段 主题
Jasmine Wong,73.11963718820861,60.38340886317866,0.08117559552192688,0.29958410568724503,A段 主题
Jasmine Wong,73.39827664399093,60.61351394617584,0.04142988100647926,-0.11038004686270142,A段 主题
Jasmine Wong,73.67691609977324,60.84361902917303,0.1095849946141243,0.02188646894865087,B段 抒情
Jasmine Wong,74.02521541950114,61.131250382919525,0.06952670961618423,0.022707496282237116,B段 抒情
Jasmine Wong,74.28063492063492,61.34218004233361,0.09543193131685257,-0.15681408158343402,B段 抒情
Jasmine Wong,74.55927437641724,61.572285125330794,0.1439678817987442,0.046087810551398434,B段 抒情
Jasmine Wong,74.7914739229025,61.764039361161785,0.3997422754764557,-0.15316565713874294,B段 抒情
Jasmine Wong,75.02367346938776,61.95579359699278,0.27395549416542053,-0.05331966422090772,B段 抒情
Jasmine Wong,75.2326530612245,62.12837240924067,0.28084999322891235,-0.15761632848807494,B段 抒情
Jasmine Wong,75.44163265306122,62.30095122148855,0.19874785840511322,-0.04525964195636333,B段 抒情
Jasmine Wong,75.72027210884353,62.53105630448574,0.28941184282302856,-0.06599252310479642,B段 抒情
Jasmine Wong,75.97569160997732,62.74198596389983,0.37872201204299927,-0.20346411893115146,B段 抒情
Jasmine Wong,76.20789115646258,62.93374019973082,0.40630465745925903,-0.1480404431276838,B段 抒情
Jasmine Wong,76.44009070294784,63.12549443556181,0.234347864985466,-0.0009075189154827962,B段 抒情
Jasmine Wong,76.69551020408163,63.3364240949759,0.23002317547798157,-0.1559543378789385,B段 抒情
Jasmine Wong,76.92770975056689,63.52817833080689,0.09062397480010986,0.10251002149743725,B段 抒情
Jasmine Wong,77.13668934240363,63.70075714305478,0.14229047298431396,0.042386043423903175,B段 抒情
Jasmine Wong,77.36888888888889,63.89251137888577,0.5263350605964661,-0.16774014475231525,B段 抒情
Jasmine Wong,77.62430839002268,64.10344103829986,0.4744356870651245,-0.2540910462812462,B段 抒情
Jasmine Wong,77.87972789115646,64.31437069771395,0.11632084846496582,0.10054109416159918,B段 抒情
Jasmine Wong,78.1815873015873,64.56365120429423,0.09654265642166138,0.007341541459027213,B段 抒情
Jasmine Wong,78.41378684807256,64.75540544012523,0.16291707754135132,0.24142450356521294,B段 抒情
Jasmine Wong,78.7156462585034,65.00468594670551,0.1044401079416275,0.07578863587696104,B段 抒情
Jasmine Wong,78.99428571428571,65.23479102970269,0.23789195716381073,-0.006755740287189834,B段 抒情
Jasmine Wong,79.36580498866213,65.54159780703229,0.1508587896823883,0.00612230141996406,B段 抒情
Jasmine Wong,79.64444444444445,65.77170289002947,0.06713167577981949,0.18130283269783828,B段 抒情
Jasmine Wong,79.94630385487528,66.02098339660975,0.4297511875629425,-0.22356301305990198,B段 抒情
Jasmine Wong,80.2249433106576,66.25108847960695,0.2667824327945709,-0.09540925839246482,B段 抒情
Jasmine Wong,80.48036281179138,66.46201813902103,0.3109358549118042,-0.377585774367617,B段 抒情
Jasmine Wong,80.71256235827664,66.65377237485202,0.14455950260162354,-0.15022696406958858,B段 抒情
Jasmine Wong,80.99120181405895,66.88387745784921,0.4029885232448578,-0.11804021005445973,B段 抒情
Jasmine Wong,81.29306122448979,67.13315796442949,0.033804599195718765,0.015378273928945418,B段 抒情
Jasmine Wong,81.50204081632653,67.30573677667738,0.34279361367225647,-0.09340500482721835,B段 抒情
Jasmine Wong,81.73424036281179,67.49749101250838,0.04816654697060585,-0.0038174234759935626,B段 抒情
Jasmine Wong,81.98965986394558,67.70842067192247,0.06387127935886383,0.212477286640933,B段 抒情
Jasmine Wong,82.26829931972789,67.93852575491965,0.18290568888187408,-0.02216330885858042,B段 抒情
Jasmine Wong,82.47727891156462,68.11110456716754,0.22297303378582,-0.16467588466184677,B段 抒情
Jasmine Wong,82.77913832199546,68.36038507374782,0.1298934519290924,0.06891199645906453,B段 抒情
Jasmine Wong,82.9881179138322,68.53296388599573,0.155721977353096,-0.13743999206781154,B段 抒情
Jasmine Wong,83.49895691609977,68.9548232048239,0.083491750061512,0.2680902813153807,B段 抒情
Jasmine Wong,83.84725623582766,69.24245455857037,0.12097017467021942,-0.10139853829969069,B段 抒情
Jasmine Wong,84.07945578231292,69.43420879440137,0.04967212304472923,0.05605818805634045,B段 抒情
Jasmine Wong,84.31165532879818,69.62596303023236,0.3152467906475067,-0.04845701523663592,B段 抒情
Jasmine Wong,84.5902947845805,69.85606811322954,0.23050853610038757,-0.031981177744455636,B段 抒情
Jasmine Wong,84.91537414965987,70.12452404339294,0.104751817882061,0.19067125285801012,B段 抒情
Jasmine Wong,85.28689342403628,70.43133082072252,0.07139750570058823,-0.12901640147902071,B段 抒情
Jasmine Wong,85.51909297052154,70.6230850565535,0.052585989236831665,0.05177209709472663,B段 抒情
Jasmine Wong,86.02993197278911,71.04494437538169,0.09232228249311447,0.03235792082705302,B段 抒情
Jasmine Wong,86.35501133786848,71.31340030554507,0.30484017729759216,-0.0630633319815388,B段 抒情
Jasmine Wong,86.63365079365079,71.54350538854226,0.11051200330257416,-0.06981819369684672,B段 抒情
Jasmine Wong,87.07482993197279,71.90783843662113,0.025452110916376114,0.06357793254210264,B段 抒情
Jasmine Wong,87.46956916099774,72.23382063753382,0.04229537770152092,-0.06785350451536942,B段 抒情
Jasmine Wong,87.91074829931972,72.5981536856127,0.06849680095911026,-0.004472269893085467,B段 抒情
Jasmine Wong,88.35192743764172,72.96248673369158,0.03088712878525257,-0.011252774925196716,B段 抒情
Jasmine Wong,88.6073469387755,73.17341639310567,0.31358933448791504,-0.050789629551672995,B段 抒情
Jasmine Wong,88.97886621315193,73.48022317043527,0.08418577164411545,0.05638212491021477,B段 抒情
Jasmine Wong,89.25750566893424,73.71032825343245,0.23690439760684967,-0.0201796578039648,B段 抒情
Jasmine Wong,89.60580498866213,73.99795960717893,0.03348676860332489,0.013050141882331443,B段 抒情
Jasmine Wong,89.90766439909297,74.2472401137592,0.03882031887769699,0.0002280439559854131,B段 抒情
Jasmine Wong,90.74358276643991,74.93755536275079,0.03202427551150322,0.0005059787980599139,B段 抒情
Jasmine Wong,91.27764172335601,75.37859010516206,0.29127901792526245,0.0238193194491032,B段 抒情
Jasmine Wong,91.57950113378685,75.62787061174234,0.05910436809062958,0.003808385645243106,B段 抒情
Jasmine Wong,91.88136054421769,75.87715111832263,0.17303591966629028,0.2336617470518831,B段 抒情
Jasmine Wong,92.25287981859411,76.18395789565221,0.05293241888284683,0.21519925703614717,B段 抒情
Jasmine Wong,92.57795918367347,76.4524138258156,0.047180719673633575,-0.021198885224293917,B段 抒情
Jasmine Wong,92.83337868480726,76.66334348522969,0.04532900080084801,-0.06442450721806381,B段 抒情
Jasmine Wong,93.15845804988662,76.93179941539307,0.08103474229574203,-0.038224918807827635,华彩
Jasmine Wong,93.59963718820862,77.29613246347195,0.1300814300775528,0.03190145689586643,华彩
Jasmine Wong,93.90149659863945,77.54541297005224,0.023294499143958092,-0.003312271383038025,华彩
Jasmine Wong,94.11047619047619,77.71799178230013,0.3762948215007782,-0.1792554622625175,华彩
Jasmine Wong,94.3891156462585,77.94809686529732,0.47703254222869873,0.053147202470427146,华彩
Jasmine Wong,94.62131519274377,78.1398511011283,0.07922589778900146,0.0030945937396609294,华彩
Jasmine Wong,94.8302947845805,78.3124299133762,0.1719052791595459,-0.10315010886188247,华彩
Jasmine Wong,95.31791383219955,78.71511380862128,0.04486393183469772,-0.01543668367958162,华彩
Jasmine Wong,96.10739229024944,79.36707821044665,0.5091749429702759,-0.02344393242310616,华彩
Jasmine Wong,96.38603174603175,79.59718329344383,0.055032264441251755,-0.12252952137714601,华彩
Jasmine Wong,96.61823129251701,79.78893752927482,0.10167698562145233,-0.01910054807012784,华彩
Jasmine Wong,96.82721088435375,79.96151634152271,0.0594855472445488,0.10861775390367255,华彩
Jasmine Wong,97.08263038548753,80.1724460009368,0.04822561517357826,0.00015704854376962762,华彩
Jasmine Wong,97.3148299319728,80.36420023676779,0.25270017981529236,-0.1026503733555728,华彩
Jasmine Wong,97.52380952380952,80.53677904901568,0.051649149507284164,-0.05729363583668601,华彩
Jasmine Wong,97.82566893424037,80.78605955559597,0.21657027304172516,0.2216895158198895,华彩
Jasmine Wong,98.1275283446712,81.03534006217626,0.21469366550445557,-0.09167723401333204,华彩
Jasmine Wong,98.45260770975057,81.30379599233963,0.158421590924263,-0.12691373831330566,华彩
Jasmine Wong,98.68480725623583,81.49555022817063,0.2362268567085266,-0.047557342350046376,华彩
Jasmine Wong,98.89378684807257,81.66812904041852,0.19041435420513153,-0.13699468695449468,华彩
Jasmine Wong,99.1027664399093,81.84070785266641,0.13380134105682373,0.10496210702513055,华彩
Jasmine Wong,99.40462585034014,82.0899883592467,0.24887876212596893,0.0950750095398689,华彩
Jasmine Wong,99.66004535147393,82.30091801866078,0.2705552875995636,-0.11505809070513351,华彩
Jasmine Wong,99.86902494331066,82.47349683090867,0.19276775419712067,-0.13190575127737247,华彩
Jasmine Wong,100.1708843537415,82.72277733748896,0.35431936383247375,0.05360302657209104,华彩
Jasmine Wong,100.40308390022676,82.91453157331995,0.14426283538341522,0.12554308977996698,华彩
Jasmine Wong,100.72816326530612,83.18298750348333,0.21990802884101868,0.10768662050395506,华彩
Jasmine Wong,100.93714285714286,83.35556631573122,0.22031602263450623,-0.42262728220521234,华彩
Jasmine Wong,101.1461224489796,83.52814512797912,0.2115454524755478,0.12174654002592432,华彩
Jasmine Wong,101.37832199546486,83.71989936381011,0.16904650628566742,0.07650390416529261,华彩
Jasmine Wong,101.6105215419501,83.91165359964108,0.14667439460754395,-0.019099041128356472,华彩
Jasmine Wong,101.81950113378684,84.08423241188899,0.19059252738952637,0.07054639609123114,华彩
Jasmine Wong,102.07492063492063,84.29516207130307,0.1448090374469757,-0.01744929704727838,华彩
Jasmine Wong,102.33034013605442,84.50609173071716,0.06732409447431564,0.26706952976383036,华彩
Jasmine Wong,102.5857596371882,84.71702139013125,0.10912784188985825,-0.2023851600824855,华彩
Jasmine Wong,102.84117913832199,84.92795104954534,0.21584640443325043,-0.21363533796829867,华彩
Jasmine Wong,103.1198185941043,85.15805613254253,0.04730498045682907,-0.028801778898923654,华彩
Jasmine Wong,103.60743764172335,85.5607400277876,0.26681700348854065,-0.11752460104617057,华彩
Jasmine Wong,103.88607709750566,85.79084511078479,0.27641037106513977,-0.15020862865640083,华彩
Jasmine Wong,104.42013605442177,86.23187985319608,0.4591901898384094,-0.23045768994052193,华彩
Jasmine Wong,104.74521541950114,86.50033578335946,0.059816665947437286,0.18892320040322372,华彩
Jasmine Wong,105.00063492063492,86.71126544277355,0.10193610936403275,-0.1384385501296492,华彩
Jasmine Wong,105.25605442176871,86.92219510218764,0.056448254734277725,-0.06793002239646738,华彩
Jasmine Wong,105.58113378684807,87.19065103235101,0.048134081065654755,0.029366479066084136,华彩
Jasmine Wong,105.81333333333333,87.38240526818201,0.4941588342189789,-0.08640779669804032,华彩
Jasmine Wong,106.11519274376417,87.63168577476229,0.3839872479438782,-0.09324246711912565,华彩
Jasmine Wong,106.37061224489796,87.84261543417638,0.06288910657167435,-0.10705436579883099,华彩
Jasmine Wong,106.67247165532879,88.09189594075667,0.6052743196487427,-0.18716155300353418,华彩
Jasmine Wong,106.90467120181405,88.28365017658766,0.058362871408462524,-0.1885072309960378,华彩
Jasmine Wong,107.25297052154195,88.57128153033415,0.04956439509987831,0.39326115456788097,华彩
Jasmine Wong,107.48517006802722,88.76303576616515,0.5180179476737976,-0.2903008306020638,华彩
Jasmine Wong,108.13532879818594,89.2999476264919,0.07249677181243896,0.35041724149778014,华彩
Jasmine Wong,108.41396825396825,89.5300527094891,0.07423927634954453,0.3570665905499481,华彩
Jasmine Wong,108.76226757369615,89.81768406323559,0.24972370266914368,-0.12370948352327103,华彩
Jasmine Wong,108.99446712018141,90.00943829906657,0.7056869268417358,-0.40073163982015103,华彩
Jasmine Wong,109.22666666666667,90.20119253489756,0.2972446382045746,-0.2130968612618744,华彩
Jasmine Wong,109.59818594104308,90.50799931222714,0.4995990991592407,-0.4388520601423807,华彩
Jasmine Wong,110.01614512471656,90.85315693672293,0.04778926819562912,-0.05391302684074617,华彩
Jasmine Wong,110.3180045351474,91.10243744330322,0.07938595861196518,0.08080454026639927,华彩
Jasmine Wong,110.55020408163266,91.2941916791342,0.0750804916024208,0.02651352315297117,华彩
Jasmine Wong,110.92172335600907,91.60099845646378,0.2270483374595642,-0.19819253484456567,华彩
Jasmine Wong,111.15392290249433,91.79275269229477,0.23650088906288147,-0.05050840227340814,华彩
Jasmine Wong,111.38612244897959,91.98450692812577,0.205906942486763,-0.15983800949470603,华彩
Jasmine Wong,111.71120181405895,92.25296285828915,0.2573927640914917,-0.03243660648877266,华彩
Jasmine Wong,112.1059410430839,92.57894505920183,0.2607788145542145,0.04361981809779536,华彩
Jasmine Wong,112.33814058956916,92.77069929503283,0.1051262617111206,-0.04337822610978036,华彩
Jasmine Wong,112.5471201814059,92.94327810728072,0.1921090930700302,-0.28193812122481177,华彩
Jasmine Wong,112.77931972789116,93.1350323431117,0.43569231033325195,-0.17041711125784786,华彩
Jasmine Wong,113.01151927437641,93.32678657894269,0.21910998225212097,-0.3904096769474563,华彩
Jasmine Wong,113.24371882086167,93.51854081477367,0.327627032995224,-0.06381640941981458,华彩
Jasmine Wong,113.6152380952381,93.82534759210327,0.059392090886831284,0.13657051531481557,华彩
Jasmine Wong,113.96353741496598,94.11297894584975,0.36082884669303894,0.05339886938600101,华彩
Jasmine Wong,114.21895691609977,94.32390860526384,0.07888171076774597,-0.06575264433195116,华彩
Jasmine Wong,114.5208163265306,94.57318911184412,0.04594999551773071,0.22269124820013528,华彩
Jasmine Wong,114.7762358276644,94.7841187712582,0.06289145350456238,0.24175544440367958,华彩
Jasmine Wong,115.1245351473923,95.0717501250047,0.4322776198387146,-0.28015112129651243,华彩
Jasmine Wong,115.56571428571428,95.43608317308357,0.46304452419281006,-0.5776409656391478,华彩
Jasmine Wong,115.86757369614513,95.68536367966387,0.34459182620048523,0.20252750400686634,华彩
Jasmine Wong,116.09977324263039,95.87711791549486,0.13146694004535675,-0.010001964074035644,华彩
Jasmine Wong,116.42485260770975,96.14557384565825,0.04321729391813278,0.2507599142518302,华彩
Jasmine Wong,116.77315192743764,96.43320519940472,0.4291917085647583,-0.35112926670990413,华彩
Jasmine Wong,116.98213151927438,96.60578401165262,0.4767712950706482,-0.12257296293682883,华彩
Jasmine Wong,117.21433106575964,96.7975382474836,0.3719649016857147,-0.4312407436373178,华彩
Jasmine Wong,117.58585034013605,97.10434502481318,0.3072053790092468,-0.32566603040322656,华彩
Jasmine Wong,118.05024943310657,97.48785349647517,0.06273748725652695,-0.020476867211982608,华彩
Jasmine Wong,118.30566893424036,97.69878315588926,0.058181945234537125,0.011353253466950267,华彩
Jasmine Wong,118.56108843537415,97.90971281530334,0.26106080412864685,-0.017700297394185324,华彩
Jasmine Wong,118.77006802721088,98.08229162755123,0.29504451155662537,-0.00250866651185788,华彩
Jasmine Wong,119.00226757369614,98.27404586338223,0.182549387216568,-0.056086050244630314,华彩
Jasmine Wong,119.2344671201814,98.46580009921321,0.17183507978916168,-0.1774467138602631,华彩
Jasmine Wong,119.53632653061224,98.7150806057935,0.30238988995552063,-0.323816900163365,华彩
Jasmine Wong,119.81496598639455,98.94518568879069,0.30294346809387207,-0.24660858762217686,华彩
Jasmine Wong,120.09360544217687,99.17529077178787,0.08752269297838211,0.16831111333885926,华彩
Jasmine Wong,120.41868480725624,99.44374670195127,0.052446767687797546,0.08365129651792814,华彩
Jasmine Wong,120.72054421768708,99.69302720853155,0.20941193401813507,-0.03132734836981399,华彩
Jasmine Wong,120.95274376417234,99.88478144436255,0.3841666281223297,0.006799141738156319,华彩
Jasmine Wong,121.39392290249432,100.24911449244141,0.40480518341064453,-0.3454109192716714,华彩
Jasmine Wong,121.64934240362811,100.4600441518555,0.3105790913105011,-0.13767013970209518,华彩
Jasmine Wong,121.88154195011337,100.6517983876865,0.07691171020269394,0.03102811060671229,华彩
Jasmine Wong,122.11374149659864,100.84355262351748,0.24282947182655334,-0.270138717496593,华彩
Jasmine Wong,122.3459410430839,101.03530685934848,0.2646046280860901,-0.10754308477771701,华彩
Jasmine Wong,122.60136054421768,101.24623651876256,0.25105297565460205,-0.07074803406794672,华彩
Jasmine Wong,122.83356009070295,101.43799075459356,0.39203882217407227,-0.0561003556867945,华彩
Jasmine Wong,123.29795918367347,101.82149922625554,0.35677629709243774,-0.2214020604696998,华彩
Jasmine Wong,123.55337868480726,102.03242888566963,0.24956990778446198,-0.16022963864088524,华彩
Jasmine Wong,123.78557823129252,102.22418312150062,0.10414911061525345,-0.018608377831697,华彩
Jasmine Wong,123.99455782312926,102.39676193374851,0.23487836122512817,-0.14967354018153856,华彩
Jasmine Wong,124.24997732426304,102.6076915931626,0.2900712490081787,-0.20133981997787484,华彩
Jasmine Wong,124.4821768707483,102.79944582899358,0.3988063633441925,-0.09912257683026839,华彩
Jasmine Wong,124.71437641723357,102.99120006482458,0.3771325945854187,-0.14244282101572023,华彩
Jasmine Wong,124.94657596371881,103.18295430065555,0.18416795134544373,-0.26546544850134524,华彩
Jasmine Wong,125.29487528344671,103.47058565440204,0.2568585276603699,-0.1639634354432928,华彩
Jasmine Wong,125.73605442176871,103.83491870248093,0.05462465062737465,0.11377400824130744,华彩
Jasmine Wong,126.03791383219955,104.08419920906121,0.09007015824317932,-0.015106417049537413,华彩
Jasmine Wong,126.24689342403629,104.2567780213091,0.1592186987400055,0.04411865211295662,华彩
Jasmine Wong,126.47909297052155,104.4485322571401,0.1787315160036087,0.0941118865739554,华彩
Jasmine Wong,126.80417233560091,104.71698818730349,0.14938095211982727,-0.00304835793940583,华彩
Jasmine Wong,127.01315192743765,104.88956699955138,0.07750254124403,-0.09142948056251042,华彩
Jasmine Wong,127.24535147392291,105.08132123538236,0.07491804659366608,-0.12478880526032296,华彩
Jasmine Wong,127.5007709750567,105.29225089479645,0.10045483708381653,-0.05226951298027415,华彩
Jasmine Wong,127.73297052154194,105.48400513062744,0.054471250623464584,-0.045835992750653524,华彩
Jasmine Wong,127.9651700680272,105.67575936645842,0.22079887986183167,-0.11679177468977285,华彩
Jasmine Wong,128.33668934240362,105.982566143788,0.14672474563121796,0.0020800762285944083,华彩
Jasmine Wong,128.61532879818594,106.2126712267852,0.07141680270433426,0.0012701284504146302,华彩
Jasmine Wong,128.87074829931973,106.4236008861993,0.055278461426496506,0.2317944160495245,华彩
Jasmine Wong,129.10294784580498,106.61535512203027,0.08700019121170044,0.007882424688432364,华彩
Jasmine Wong,129.40480725623584,106.86463562861057,0.07172220945358276,-0.050186010321340284,华彩
Jasmine Wong,129.6370068027211,107.05638986444156,0.11031189560890198,-0.09631338621147732,华彩
Jasmine Wong,129.89242630385488,107.26731952385565,0.31852611899375916,-0.009891073023027275,华彩
Jasmine Wong,130.2871655328798,107.59330172476832,0.09433881938457489,-0.07358225157076959,华彩
Jasmine Wong,130.49614512471655,107.76588053701622,0.04825747758150101,0.114424980347394,华彩
Jasmine Wong,130.70512471655329,107.93845934926411,0.1111217588186264,-0.05592512834482477,华彩
Jasmine Wong,130.9837641723356,108.1685644322613,0.08220072835683823,0.06463522217927675,华彩
Jasmine Wong,131.37850340136055,108.49454663317398,0.17949029803276062,-0.04527250730461674,华彩
Jasmine Wong,131.6107029478458,108.68630086900495,0.08419875800609589,0.09335255790574593,华彩
Jasmine Wong,131.86612244897958,108.89723052841904,0.04235535115003586,0.11505344382385374,华彩
Jasmine Wong,132.16798185941042,109.14651103499934,0.30498552322387695,-0.0032166140044864746,华彩
Jasmine Wong,132.53950113378684,109.45331781232892,0.10003647208213806,0.00827237308840267,华彩
Jasmine Wong,132.77170068027212,109.64507204815992,0.13506118953227997,-0.12350777869869489,华彩
Jasmine Wong,133.0271201814059,109.85600170757401,0.13575689494609833,0.025100332641159184,华彩
Jasmine Wong,133.35219954648525,110.12445763773738,0.09894502907991409,0.07128566849132767,华彩
Jasmine Wong,133.561179138322,110.29703644998527,0.09786291420459747,-0.06067141430321499,华彩
Jasmine Wong,133.93269841269841,110.60384322731487,0.03196309506893158,0.02528988070480409,华彩
Jasmine Wong,134.23455782312925,110.85312373389515,0.16311393678188324,-0.04655204220398445,华彩
Jasmine Wong,134.4667573696145,111.04487796972613,0.0686478316783905,-0.0685955062181165,华彩
Jasmine Wong,134.67573696145124,111.21745678197402,0.08744245022535324,-0.0363942996955302,华彩
Jasmine Wong,135.02403628117915,111.50508813572053,0.07146117091178894,0.021454946909216233,华彩
Jasmine Wong,135.37233560090704,111.792719489467,0.128489151597023,-0.057536387157597346,华彩
Jasmine Wong,135.72063492063492,112.08035084321348,0.12488251179456711,-0.008707865890755782,华彩
Jasmine Wong,136.3243537414966,112.57891185637405,0.027051061391830444,0.02734856752795167,华彩
Jasmine Wong,136.53333333333333,112.75149066862194,0.1939166635274887,-0.053057469722261885,华彩
Jasmine Wong,137.4853514739229,113.537683035529,0.035517338663339615,-0.006292733860391308,华彩
Jasmine Wong,137.74077097505668,113.74861269494309,0.49230167269706726,-0.021403217169790878,华彩
Jasmine Wong,138.0890702947846,114.03624404868958,0.49733588099479675,-0.03530979438437498,华彩
Jasmine Wong,138.8088888888889,114.63068217976566,0.5035207271575928,-0.040350891822527046,华彩
Jasmine Wong,139.48226757369613,115.1867694636755,0.038724634796381,0.002781650493943743,华彩
Jasmine Wong,139.76090702947846,115.4168745466727,0.2606596350669861,0.048133596692423446,华彩
Jasmine Wong,139.9931065759637,115.60862878250369,0.2099425196647644,-0.07347672601554221,华彩
Jasmine Wong,140.29496598639454,115.85790928908398,0.13376431167125702,0.05889749793368537,华彩
Jasmine Wong,140.5968253968254,116.10718979566428,0.20246894657611847,0.17510518609924475,华彩
Jasmine Wong,140.82902494331066,116.29894403149525,0.10231468081474304,0.02820244772010483,华彩
Jasmine Wong,141.0612244897959,116.49069826732624,0.14989644289016724,-0.02038100737991044,华彩
Jasmine Wong,141.33986394557823,116.72080335032344,0.07405727356672287,-0.030600236550526457,华彩
Jasmine Wong,141.61850340136056,116.95090843332063,0.1922159194946289,-0.031125506029638924,华彩
Jasmine Wong,142.0132426303855,117.27689063423331,0.08843497186899185,0.08965274369074905,华彩
Jasmine Wong,142.24544217687074,117.46864487006428,0.1798621118068695,-0.08649470178170303,华彩
Jasmine Wong,142.61696145124716,117.77545164739388,0.049494121223688126,-0.014555501866198028,华彩
Jasmine Wong,142.84916099773244,117.96720588322488,0.08609778434038162,-0.0230093320396918,华彩
Jasmine Wong,143.12780045351474,118.19731096622205,0.060903266072273254,-0.015024834010546327,华彩
Jasmine Wong,143.36,118.38906520205306,0.03620478883385658,-0.009131089245784096,华彩
Jasmine Wong,143.8243990929705,118.77257367371502,0.04377958923578262,0.0033599735388634144,华彩
Jasmine Wong,144.19591836734693,119.0793804510446,0.04193617403507233,-0.006299743336057872,华彩
Jasmine Wong,144.59065759637187,119.40536265195728,0.02961713634431362,-0.007614149660639668,华彩
Jasmine Wong,145.51945578231292,120.17237959528124,0.4064835011959076,0.00424756558459194,华彩
Jasmine Wong,146.23927437641723,120.76681772635732,0.0385688953101635,-0.015285689403299328,华彩
Jasmine Wong,146.49469387755101,120.97774738577141,0.4731746017932892,-0.11433002152898551,华彩
Jasmine Wong,146.8197732426304,121.24620331593479,0.6576194167137146,-0.12229009573729853,华彩
Jasmine Wong,147.07519274376418,121.45713297534888,0.032777607440948486,-0.010168513847474967,华彩
Jasmine Wong,147.51637188208616,121.82146602342776,0.5845932364463806,-0.1717107615604618,华彩
Jasmine Wong,148.12009070294783,122.32002703658833,0.04526260867714882,0.048431291224915185,华彩
Jasmine Wong,148.42195011337867,122.5693075431686,0.1590145379304886,0.035670961915457156,华彩
Jasmine Wong,148.93278911564627,122.99116686199682,0.23819170892238617,0.06539319001603872,华彩
Jasmine Wong,149.2346485260771,123.2404473685771,0.2516685128211975,0.052546839924616506,华彩
Jasmine Wong,149.46684807256236,123.43220160440808,0.11030875891447067,0.28019127967127133,华彩
Jasmine Wong,149.83836734693878,123.73900838173766,0.1346159428358078,-0.017981665769184474,华彩
Jasmine Wong,150.14022675736962,123.98828888831795,0.05454181134700775,-0.07582481298413768,华彩
Jasmine Wong,150.44208616780045,124.23756939489823,0.17559444904327393,-0.004587820239976281,华彩
Jasmine Wong,150.76716553287983,124.50602532506163,0.14547687768936157,-0.022723272377334073,华彩
Jasmine Wong,151.04580498866213,124.7361304080588,0.04362122714519501,-0.013261012622933777,华彩
Jasmine Wong,151.2780045351474,124.9278846438898,0.05616289749741554,-0.007200854406619327,华彩
Jasmine Wong,151.57986394557824,125.17716515047009,0.11866157501935959,-0.008186859633951826,华彩
Jasmine Wong,152.04426303854876,125.56067362213207,0.043675173074007034,0.0006128311042630229,华彩
Jasmine Wong,152.4622222222222,125.90583124662783,0.03341149911284447,-0.004019990637971205,华彩
Jasmine Wong,153.29814058956916,126.59614649561941,0.0388483963906765,-0.003465138712499538,华彩
Jasmine Wong,153.83219954648527,127.03718123803068,0.033251792192459106,0.0013311124405390726,华彩
Jasmine Wong,154.041179138322,127.20976005027859,0.03331370651721954,-0.0015755716049170585,华彩
Jasmine Wong,154.45913832199545,127.55491767477434,0.2945413887500763,-0.0030664653536405235,华彩
Jasmine Wong,154.6681179138322,127.72749648702224,0.04711797833442688,-0.014809960515549392,华彩
Jasmine Wong,154.92353741496598,127.93842614643633,0.02556760236620903,0.008732316570103647,华彩
Jasmine Wong,155.13251700680271,128.11100495868422,0.9795887470245361,-0.023961065562616565,华彩
Jasmine Wong,155.364716553288,128.30275919451523,0.08818420022726059,0.037321199238249385,华彩
Jasmine Wong,155.59691609977324,128.4945134303462,0.03865658491849899,0.009008719581515834,华彩
Jasmine Wong,155.94521541950112,128.78214478409268,0.239706888794899,0.05055200761034939,华彩
Jasmine Wong,156.38639455782314,129.14647783217157,0.32309097051620483,-0.04178847320872592,华彩
Jasmine Wong,156.6185941043084,129.33823206800255,0.04673794284462929,0.006100601649450255,华彩
Jasmine Wong,156.96689342403627,129.62586342174905,0.05517958849668503,0.049319776644551894,华彩
Jasmine Wong,157.3151927437642,129.91349477549554,0.16734100878238678,0.01680661121099547,华彩
Jasmine Wong,157.54739229024943,130.10524901132652,0.054881151765584946,0.06929387059244618,尾声
Jasmine Wong,157.91891156462586,130.41205578865612,0.11226224899291992,-0.038684058085891586,尾声
Jasmine Wong,158.3136507936508,130.7380379895688,0.4714663624763489,-0.09608543787180679,尾声
Jasmine Wong,158.56907029478458,130.94896764898286,0.1580386608839035,0.032871506255105494,尾声
Jasmine Wong,158.82448979591837,131.15989730839695,0.04343248903751373,0.1349839978502132,尾声
Jasmine Wong,159.17278911564625,131.44752866214344,0.041621118783950806,0.0356630433088867,尾声
Jasmine Wong,159.49786848072563,131.71598459230682,0.04873136058449745,0.018482555833543298,尾声
Jasmine Wong,159.73006802721088,131.9077388281378,0.3613130748271942,-0.06027854608419147,尾声
Jasmine Wong,160.0087074829932,132.137843911135,0.13837216794490814,0.034800615185304196,尾声
Jasmine Wong,160.47310657596373,132.521352382797,0.14396384358406067,-0.059625081030389986,尾声
Jasmine Wong,160.68208616780046,132.69393119504488,0.037208978086709976,-0.03714930426212958,尾声
Jasmine Wong,160.9839455782313,132.94321170162516,0.03744848072528839,0.07630660533095579,尾声
Jasmine Wong,161.2393650793651,133.15414136103925,0.04265522584319115,-0.023298042697206256,尾声
Jasmine Wong,162.3307029478458,134.0553862694449,0.03589009866118431,-0.003027485769280247,尾声
Jasmine Wong,162.79510204081632,134.43889474110688,0.22969545423984528,0.06614986673412204,尾声
Jasmine Wong,163.1201814058957,134.70735067127026,0.18942555785179138,-0.05529370876047324,尾声
Jasmine Wong,163.8632199546485,135.32096422592943,0.028064070269465446,-0.003475391741858402,尾声
Jasmine Wong,164.32761904761904,135.7044726975914,0.03533255308866501,-0.0015951743819186957,尾声
Jasmine Wong,165.0009977324263,136.26055998150127,0.026471106335520744,0.026046940186574826,尾声
Jasmine Wong,165.23319727891158,136.4523142173323,0.5204381942749023,-0.0023893287561804755,尾声
Jasmine Wong,165.48861678004536,136.66324387674638,0.023655712604522705,-0.03885185528815782,尾声
Jasmine Wong,166.13877551020408,137.20015573707315,0.47836509346961975,-0.0625875361265571,尾声
Jasmine Wong,166.48707482993197,137.4877870908196,0.2821384370326996,-0.042307690569032275,尾声
Jasmine Wong,167.09079365079364,137.9863481039802,0.2628917098045349,-0.04111550863399316,尾声
Jasmine Wong,167.78739229024944,138.56161081147317,0.7852365970611572,-0.022228892339626324,尾声
Jasmine Wong,168.5536507936508,139.19439978971545,0.031173041090369225,0.012774233186974014,尾声
Jasmine Wong,169.11092970521543,139.65460995570982,0.30099910497665405,-0.024212140158397226,尾声
Jasmine Wong,169.50566893424036,139.9805921566225,0.04299517348408699,-0.0018392188508187244,尾声
Jasmine Wong,169.94684807256235,140.34492520470135,0.4162808060646057,-0.010721485915610174,尾声
Jasmine Wong,170.3415873015873,140.67090740561406,0.03402816504240036,-0.0007142704646412311,尾声
Jasmine Wong,170.8756462585034,141.11194214802532,0.031060324981808662,0.0006732399043585245,尾声
Jasmine Wong,171.10784580498867,141.30369638385633,0.027248747646808624,0.05187574637375292,尾声
Jasmine Wong,171.47936507936507,141.6105031611859,0.028569288551807404,-0.0022947204115553186,尾声
Jasmine Wong,171.6883446712018,141.78308197343378,0.39136210083961487,0.03249937949476588,尾声
Jasmine Wong,171.89732426303854,141.9556607856817,0.35255929827690125,-0.024607861587355725,尾声
Jasmine Wong,172.17596371882087,142.18576586867889,0.08026418089866638,0.007433068117279618,尾声
Jasmine Wong,172.43138321995465,142.39669552809295,0.14905914664268494,-0.0066840865429185214,尾声
Jasmine Wong,172.89578231292518,142.78020399975495,0.26884815096855164,-0.001872806319624942,尾声
Jasmine Wong,173.49950113378685,143.2787650129155,0.6936317682266235,-0.012285143441204125,尾声
Jasmine Wong,173.77814058956915,143.5088700959127,0.05616892874240875,0.0010069954555547156,尾声
Jasmine Wong,174.19609977324262,143.85402772040848,0.03769684582948685,-0.0009455750443976285,尾声
Jasmine Wong,174.4515192743764,144.06495737982257,0.04077855870127678,0.0016768960108493047,尾声
Jasmine Wong,175.4267573696145,144.87032517031273,0.03234010189771652,-0.0019514657196850744,尾声
Jasmine Wong,175.6821768707483,145.08125482972682,0.027818692848086357,0.0005363733862395748,尾声
Jasmine Wong,176.4019954648526,145.67569296080288,0.028719395399093628,-0.0021102773757775135,尾声
Jasmine Wong,177.12181405895691,146.27013109187894,0.023729953914880753,-0.0036433527810686432,尾声
Jasmine Wong,177.40045351473924,146.50023617487614,0.0319872610270977,0.0014003459938294327,尾声
Jasmine Wong,178.46857142857144,147.3823056596987,0.025517847388982773,0.002791617987440986,尾声
Jasmine Wong,179.04907029478457,147.86169124927616,0.04622430354356766,-0.0021971430072653675,尾声
Jasmine Wong,179.3277097505669,148.09179633227336,0.024355769157409668,-0.0013062440814337604,尾声
Chen Jie,0.16253968253968254,0.13748235716834134,0.041470807045698166,0.003502915870967626,A段 主题
Chen Jie,0.7662585034013606,0.6481311123650377,0.023835523054003716,-0.00012710392525150382,A段 主题
Chen Jie,1.0681179138321995,0.9034554899633858,0.6995055675506592,-0.011404618408050739,A段 主题
Chen Jie,1.2770975056689342,1.080218520608396,0.03986888378858566,0.07319996226442527,A段 主题
Chen Jie,1.7647165532879818,1.4926655921134202,0.03388557210564613,-0.0090524489451127,A段 主题
Chen Jie,2.159455782312925,1.8265513166651062,0.40173986554145813,-0.029438330011544164,A段 主题
Chen Jie,2.414875283446712,2.0425950207867856,0.039274998009204865,-0.0006843922164989634,A段 主题
Chen Jie,2.948934240362812,2.4943227657684783,0.03328744322061539,0.006440777161742517,A段 主题
Chen Jie,3.1811337868480725,2.690726133151823,0.29103487730026245,0.017867032909180125,A段 主题
Chen Jie,3.5062131519274375,2.9656908474885055,0.27607110142707825,0.04220696898755705,A段 主题
Chen Jie,3.7848526077097504,3.201374888348519,0.05334704369306564,0.003713823616635636,A段 主题
Chen Jie,4.040272108843538,3.4174185924701987,0.2397388219833374,0.0644280587493995,A段 主题
Chen Jie,4.388571428571429,3.712023643545216,0.08513538539409637,0.05125990974192973,A段 主题
Chen Jie,4.6439909297052155,3.9280673476668952,0.09324873983860016,0.016951351153693395,A段 主题
Chen Jie,4.899410430839002,4.144111051788574,0.09350056946277618,-0.019730309350052266,A段 主题
Chen Jie,5.131609977324263,4.340514419171919,0.14675003290176392,0.03426844509704097,A段 主题
Chen Jie,5.526349206349207,4.674400143723606,0.2498587965965271,0.17162470926450624,A段 主题
Chen Jie,5.851428571428571,4.949364858060288,0.22769570350646973,-0.04540208901744335,A段 主题
Chen Jie,6.246167800453515,5.283250582611974,0.12083826959133148,-0.017845602678789874,A段 主题
Chen Jie,6.5712471655328795,5.5582152969486565,0.16160938143730164,-0.04207660658721579,A段 主题
Chen Jie,6.826666666666667,5.7742590010703365,0.06410622596740723,0.038848531994517536,A段 主题
Chen Jie,7.058866213151927,5.970662368453681,0.16189047694206238,-0.007052341857161081,A段 主题
Chen Jie,7.337505668934241,6.206346409313694,0.22020120918750763,-0.043675482550042936,A段 主题
Chen Jie,7.569705215419501,6.402749776697038,0.05415103957056999,-0.01391768780649727,A段 主题
Chen Jie,7.918004535147392,6.697354827772056,0.03573284298181534,-0.0012042645664678275,A段 主题
Chen Jie,8.219863945578231,6.952679205370404,0.2983810305595398,-0.037033162072930274,A段 主题
Chen Jie,8.428843537414966,7.129442236015415,0.03587287664413452,-0.00523512478594057,A段 主题
Chen Jie,8.800362811791382,7.443687623828765,0.03353601694107056,0.00010842048538961534,A段 主题
Chen Jie,9.241541950113378,7.816854021857121,0.7040312886238098,-0.06888201185120124,A段 主题
Chen Jie,9.543401360544218,8.072178399455469,0.6444098353385925,-0.07283874865606775,A段 主题
Chen Jie,9.752380952380953,8.24894143010048,0.052291709929704666,-0.0195145556119769,A段 主题
Chen Jie,9.961360544217687,8.42570446074549,0.048281945288181305,0.0008291999620269052,A段 主题
Chen Jie,10.24,8.661388501605504,0.4625788629055023,-0.015485677431570366,A段 主题
Chen Jie,10.820498866213152,9.152396920063865,0.035467829555273056,-0.00602657062813705,A段 主题
Chen Jie,11.099138321995465,9.38808096092388,0.24468018114566803,0.008978740584097976,A段 主题
Chen Jie,11.331337868480725,9.584484328307223,0.38982170820236206,-0.014053401378077977,A段 主题
Chen Jie,11.563537414965987,9.78088769569057,0.12919512391090393,0.0674424107046434,A段 主题
Chen Jie,11.77251700680272,9.95765072633558,0.14408333599567413,0.05695700815522286,A段 主题
Chen Jie,12.027936507936507,10.173694430457259,0.12061160057783127,-0.0229539509746246,A段 主题
Chen Jie,12.353015873015874,10.448659144793941,0.22904819250106812,-0.007467805608030175,A段 主题
Chen Jie,12.654875283446712,10.703983522392289,0.16584452986717224,0.1407431836014439,A段 主题
Chen Jie,12.887074829931972,10.900386889775634,0.22568117082118988,-0.048844395723790505,A段 主题
Chen Jie,13.119274376417234,11.096790257158979,0.2767503559589386,-0.06710638990625739,A段 主题
Chen Jie,13.444353741496599,11.371754971495662,0.10142049193382263,-0.016141687001436367,A段 主题
Chen Jie,13.676553287981859,11.568158338879005,0.16917383670806885,-0.006650105865446675,A段 主题
Chen Jie,13.931972789115646,11.784202043000684,0.09369363635778427,0.00689056120108944,A段 主题
Chen Jie,14.140952380952381,11.960965073645696,0.14068233966827393,-0.00739468168831081,A段 主题
Chen Jie,14.44281179138322,12.216289451244043,0.12545877695083618,0.011497136802063324,A段 主题
Chen Jie,14.675011337868481,12.412692818627388,0.09353460371494293,-0.007778995529861275,A段 主题
Chen Jie,15.162630385487528,12.825139890132412,0.040773987770080566,-0.004276827996818611,A段 主题
Chen Jie,15.418049886621315,13.041183594254091,0.03444639593362808,-0.0008377073072551866,A段 主题
Chen Jie,15.836009070294784,13.394709655544112,0.14212630689144135,-0.0072938036112191185,A段 主题
Chen Jie,16.253968253968253,13.748235716834133,0.6255649924278259,-0.004802905499445842,A段 主题
Chen Jie,16.46294784580499,13.924998747479144,0.05171618610620499,0.019541481930218655,A段 主题
Chen Jie,16.671927437641724,14.101761778124153,0.038717120885849,0.006344213517195385,A段 主题
Chen Jie,16.92734693877551,14.317805482245832,0.25360625982284546,0.0011193597856618016,A段 主题
Chen Jie,17.252426303854875,14.592770196582515,0.1337329000234604,0.009264396294383912,A段 主题
Chen Jie,17.531065759637187,14.828454237442529,0.1327945590019226,-0.05135883072853175,A段 主题
Chen Jie,17.786485260770974,15.044497941564206,0.1644217073917389,0.001358922463623457,A段 主题
Chen Jie,18.018684807256236,15.240901308947553,0.1356341689825058,0.04692582488132757,A段 主题
Chen Jie,18.250884353741498,15.437304676330898,0.12955933809280396,-0.08875326084307744,A段 主题
Chen Jie,18.483083900226756,15.633708043714241,0.13978351652622223,0.027103585398435822,A段 主题
Chen Jie,18.83138321995465,15.92831309478926,0.4299020767211914,-0.07866214750720246,A段 主题
Chen Jie,19.11002267573696,16.16399713564927,0.14690403640270233,0.014875800047775554,A段 主题
Chen Jie,19.342222222222222,16.36040050303262,0.16949495673179626,-0.018434340381645598,A段 主题
Chen Jie,19.620861678004534,16.59608454389263,0.4308248460292816,-0.011057663687097374,A段 主题
Chen Jie,19.922721088435374,16.85140892149098,0.2916688024997711,-0.009545669172439375,A段 主题
Chen Jie,20.24780045351474,17.12637363582766,0.22096982598304749,-0.001934432884809212,A段 主题
Chen Jie,20.48,17.32277700321101,0.11000771820545197,-0.038678465307384606,A段 主题
Chen Jie,20.688979591836734,17.499540033856018,0.19119971990585327,-0.0273061406232955,A段 主题
Chen Jie,21.199818594104308,17.931627442099376,0.03906906023621559,0.01015757085269797,A段 主题
Chen Jie,21.455238095238094,18.147671146221054,0.035971496254205704,-0.016106943780869187,A段 主题
Chen Jie,21.826757369614512,18.461916534034405,0.03544170409440994,-0.004898760735727592,A段 主题
Chen Jie,22.221496598639455,18.795802258586093,0.02876099944114685,0.0010823012416949496,A段 主题
Chen Jie,22.50013605442177,19.031486299446108,0.04205239936709404,-0.0002021508549887585,A段 主题
Chen Jie,22.709115646258503,19.208249330091117,0.01950790546834469,-0.0005976483436143099,A段 主题
Chen Jie,23.405714285714286,19.79745943224115,0.31692877411842346,0.0032091833872982534,A段 主题
Chen Jie,23.684353741496597,20.033143473101163,0.2331998199224472,0.04900027347503055,A段 主题
Chen Jie,23.893333333333334,20.209906503746176,0.2168707549571991,0.04880210203737079,A段 主题
Chen Jie,24.61315192743764,20.818756942634543,0.03514363244175911,-0.005372537248149456,A段 主题
Chen Jie,24.891791383219953,21.054440983494555,0.04115551337599754,-0.007183133635635387,A段 主题
Chen Jie,25.240090702947846,21.349046034569575,0.028460072353482246,0.0006219178771971201,A段 主题
Chen Jie,25.63482993197279,21.68293175912126,0.030401581898331642,-0.0007329017989832209,A段 主题
Chen Jie,26.09922902494331,22.07573849388795,0.032311148941516876,-0.0028459361715249543,A段 主题
Chen Jie,26.679727891156464,22.566746912346314,0.0411827526986599,-0.012513618685261461,A段 主题
Chen Jie,26.958367346938775,22.802430953206326,0.050573401153087616,-0.01012879881727713,A段 主题
Chen Jie,27.237006802721087,23.038114994066337,0.4597392976284027,-0.0011630983408394964,A段 主题
Chen Jie,27.74784580498866,23.470202402309695,0.06084267050027847,-0.0015651132571292694,A段 主题
Chen Jie,28.328344671201815,23.961210820768063,0.2677060663700104,-0.010208524918198236,A段 主题
Chen Jie,28.606984126984127,24.196894861628074,0.21136978268623352,0.008351887663593516,A段 主题
Chen Jie,28.81596371882086,24.373657892273084,0.23221884667873383,-0.015981550086507923,A段 主题
Chen Jie,29.071383219954647,24.58970159639476,0.1789056807756424,-0.015176735269051275,A段 主题
Chen Jie,29.280362811791385,24.766464627039774,0.072834812104702,-0.017561224240125736,A段 主题
Chen Jie,29.628662131519274,25.06106967811479,0.11500000953674316,-0.017609084443392927,A段 主题
Chen Jie,29.860861678004536,25.257473045498134,0.029484856873750687,-0.010664730530152156,A段 主题
Chen Jie,30.394920634920634,25.709200790479827,0.04101283475756645,0.013456605643114015,A段 主题
Chen Jie,30.789659863945577,26.04308651503151,0.15399165451526642,-0.0014418663340620699,A段 主题
Chen Jie,31.045079365079363,26.259130219153192,0.13179579377174377,-0.01827797750593163,A段 主题
Chen Jie,31.30049886621315,26.47517392327487,0.1565638929605484,-0.007886423145464503,A段 主题
Chen Jie,31.509478458049887,26.651936953919883,0.054275259375572205,-0.019068887013418134,A段 主题
Chen Jie,31.811337868480727,26.90726133151823,0.03581884503364563,0.23031432419884368,A段 主题
Chen Jie,32.13641723356009,27.18222604585491,0.03770607337355614,0.002756235653578186,A段 主题
Chen Jie,32.391836734693875,27.398269749976592,0.04976733773946762,0.006780574267395422,A段 主题
Chen Jie,32.76335600907029,27.712515137789943,0.671913206577301,-0.027515261263033608,A段 主题
Chen Jie,33.041995464852604,27.948199178649954,0.6505971550941467,-0.039197763362608384,A段 主题
Chen Jie,33.274195011337866,28.1446025460333,0.4819870889186859,-0.09167998050543247,A段 主题
Chen Jie,33.50639455782313,28.341005913416648,0.39460864663124084,-0.07067207770887761,A段 主题
Chen Jie,33.73859410430839,28.53740928079999,0.40513432025909424,-0.1336304375399777,A段 主题
Chen Jie,34.06367346938776,28.812373995136678,0.1905962973833084,-0.1604295118340815,A段 主题
Chen Jie,34.38875283446712,29.087338709473357,0.04416796192526817,-0.03831462959169585,A段 主题
Chen Jie,34.853151927437644,29.480145444240048,0.23312900960445404,-0.007492696886401973,A段 主题
Chen Jie,35.10857142857143,29.69618914836173,0.4017830789089203,-0.012053172531523158,A段 主题
Chen Jie,35.31755102040816,29.872952179006734,0.4465872049331665,-0.02317454509466188,A段 主题
Chen Jie,35.54975056689342,30.06935554639008,0.37628498673439026,0.040364061806030804,A段 主题
Chen Jie,35.75873015873016,30.246118577035094,0.303229957818985,-0.09345595053673604,A段 主题
Chen Jie,36.014149659863946,30.462162281156772,0.06757833063602448,0.027150636742589992,A段 主题
Chen Jie,36.29278911564626,30.697846322016783,0.17458879947662354,0.06638084041696855,A段 主题
Chen Jie,36.57142857142857,30.933530362876798,0.125409334897995,-0.0457372088021657,A段 主题
Chen Jie,36.78040816326531,31.110293393521808,0.4303954243659973,-0.18743110076684388,A段 主题
Chen Jie,37.03582766439909,31.32633709764349,0.3038915693759918,-0.04715927098004613,A段 主题
Chen Jie,37.268027210884355,31.522740465026835,0.3453630805015564,-0.06001490050948632,A段 主题
Chen Jie,37.50022675736962,31.71914383241018,0.15785932540893555,-0.020543743721646024,A段 主题
Chen Jie,38.034285714285716,32.17087157739187,0.13126157224178314,0.014207937874743953,A段 主题
Chen Jie,38.35936507936508,32.445836291728554,0.2811419665813446,-0.018409226595395012,A段 主题
Chen Jie,38.568344671201814,32.62259932237356,0.08756754547357559,-0.005702634371118621,A段 主题
Chen Jie,39.00952380952381,32.99576572040192,0.16067290306091309,-0.010690894305298569,A段 主题
Chen Jie,39.21850340136054,33.172528751046926,0.19482585787773132,-0.024701830579942904,A段 主题
Chen Jie,39.47392290249433,33.38857245516861,0.23153556883335114,-0.03541596884133469,A段 主题
Chen Jie,39.75256235827664,33.62425649602862,0.03538714721798897,-0.028552687058436277,A段 主题
Chen Jie,40.00798185941043,33.840300200150295,0.08669526875019073,0.11817916670224801,A段 主题
Chen Jie,40.28662131519275,34.07598424101032,0.3339380621910095,0.1872233824997238,A段 主题
Chen Jie,40.518820861678,34.27238760839366,0.08745218813419342,0.03252034584875218,A段 主题
Chen Jie,40.96,34.64555400642202,0.369168221950531,-0.10114640631400107,A段 主题
Chen Jie,41.19219954648526,34.841957373805364,0.4006691873073578,-0.05340960515241021,A段 主题
Chen Jie,41.40117913832199,35.01872040445037,0.36561325192451477,-0.050890665079350576,A段 主题
Chen Jie,41.633378684807255,35.21512377183371,0.3064880967140198,-0.19083700594819672,A段 主题
Chen Jie,42.00489795918367,35.52936915964707,0.16322831809520721,-0.041279141214545234,A段 主题
Chen Jie,42.5621768707483,36.0007372413671,0.049239832907915115,0.06841053102562,A段 主题
Chen Jie,42.77115646258503,36.177500272012104,0.5289158225059509,-0.09382101625305947,A段 主题
Chen Jie,43.049795918367344,36.41318431287211,0.2863504886627197,-0.045639796189789195,A段 主题
Chen Jie,43.281995464852606,36.60958768025546,0.3299259543418884,-0.052118939129286446,A段 主题
Chen Jie,43.56063492063492,36.84527172111547,0.14998744428157806,-0.07351224944613931,A段 主题
Chen Jie,43.885714285714286,37.120236435452156,0.20307622849941254,-0.04508100394104986,A段 主题
Chen Jie,44.32689342403628,37.49340283348051,0.06622665375471115,0.007422805060741665,A段 主题
Chen Jie,44.81451247165533,37.90584990498554,0.2452387511730194,0.09268439014249452,A段 主题
Chen Jie,45.16281179138322,38.200454956060554,0.12623301148414612,-0.044158762739243684,A段 主题
Chen Jie,45.39501133786848,38.3968583234439,0.16386543214321136,-0.019177899162059475,A段 主题
Chen Jie,45.60399092970521,38.57362135408891,0.12275279313325882,0.024531019494133943,A段 主题
Chen Jie,45.905850340136055,38.828945731687256,0.16326238214969635,-0.02425920033601869,A段 主题
Chen Jie,46.18448979591837,39.06462977254727,0.16234007477760315,-0.03366346336406422,A段 主题
Chen Jie,46.393469387755104,39.241392803192284,0.03787833824753761,-0.007179546173574635,A段 主题
Chen Jie,46.64888888888889,39.457436507313965,0.06508225202560425,0.09520345579403511,A段 主题
Chen Jie,46.9275283446712,39.69312054817397,0.4170082211494446,0.12270671786609455,A段 主题
Chen Jie,47.18294784580499,39.90916425229565,0.1399771124124527,-0.03011876101481903,A段 主题
Chen Jie,47.391927437641726,40.085927282940666,0.34759941697120667,-0.06813392365074834,A段 主题
Chen Jie,47.600907029478456,40.26269031358567,0.06270793825387955,0.09946724057954269,A段 主题
Chen Jie,47.83310657596372,40.45909368096902,0.04803181439638138,0.004007481493317754,A段 主题
Chen Jie,48.15818594104309,40.7340583953057,0.3893873989582062,-0.08923219902499112,A段 主题
Chen Jie,48.55292517006803,41.06794411985739,0.13467814028263092,-0.054061515038483776,A段 主题
Chen Jie,48.92444444444445,41.382189507670745,0.2890985608100891,-0.030168559806043042,A段 主题
Chen Jie,49.13342403628118,41.55895253831575,0.11682712286710739,0.07194780228019226,A段 主题
Chen Jie,49.504943310657595,41.8731979261291,0.0833892747759819,0.16726107478461927,A段 主题
Chen Jie,49.89968253968254,42.20708365068079,0.49159446358680725,-0.04437181451066862,A段 主题
Chen Jie,50.155102040816324,42.42312735480247,0.3696216940879822,-0.09541726294628461,A段 主题
Chen Jie,50.45696145124717,42.678451732400816,0.2572605609893799,-0.06661763081865502,A段 主题
Chen Jie,50.944580498866216,43.090898803905844,0.10660570114850998,0.023994453204068126,A段 主题
Chen Jie,51.78049886621315,43.79795092648588,0.04068886488676071,0.0006983252205827739,A段 主题
Chen Jie,52.128798185941044,44.0925559775609,0.28166449069976807,0.002527142305552844,A段 主题
Chen Jie,52.360997732426306,44.288959344944246,0.41526010632514954,-0.004434624042914948,A段 主题
Chen Jie,52.59319727891157,44.485362712327586,0.23744884133338928,-0.0052021444389538365,A段 主题
Chen Jie,52.8021768707483,44.6621257429726,0.12694592773914337,-0.025081810053961817,A段 主题
Chen Jie,53.08081632653061,44.89780978383261,0.036537740379571915,-0.04452531247807201,A段 主题
Chen Jie,53.661315192743764,45.38881820229097,0.14729535579681396,0.011374680116205125,A段 主题
Chen Jie,53.8702947845805,45.56558123293598,0.3362363278865814,0.05704207683265849,A段 主题
Chen Jie,54.19537414965986,45.840545947272666,0.02865416742861271,0.08703908497409428,A段 主题
Chen Jie,54.543673469387755,46.13515099834768,0.15249155461788177,-0.022701413126924308,A段 主题
Chen Jie,54.77587301587302,46.33155436573103,0.13555987179279327,-0.074098809818679,A段 主题
Chen Jie,55.00807256235828,46.52795773311438,0.08307194709777832,-0.033442676340200705,A段 主题
Chen Jie,55.356371882086165,46.82256278418939,0.20031747221946716,-0.03447884205343143,A段 主题
Chen Jie,55.72789115646258,47.13680817200274,0.23301047086715698,-0.004279546078578277,A段 主题
Chen Jie,55.98331065759637,47.35285187612442,0.08511436730623245,0.01972306590687367,A段 主题
Chen Jie,56.19229024943311,47.52961490676943,0.13553185760974884,-0.0436034279573505,A段 主题
Chen Jie,56.447709750566894,47.74565861089111,0.08697357773780823,-0.01333548113962024,A段 主题
Chen Jie,56.86566893424036,48.09918467218113,0.043149545788764954,0.007782846205373062,A段 主题
Chen Jie,57.77124716553288,48.86515780497617,0.169463649392128,-0.03147752877339371,A段 主题
Chen Jie,58.142766439909295,49.17940319278952,0.3436310887336731,-0.026976593085237255,A段 主题
Chen Jie,58.39818594104308,49.3954468969112,0.18881072103977203,0.005457363363348121,A段 主题
Chen Jie,58.60716553287982,49.572209927556216,0.6632506847381592,-0.04111470836960507,A段 主题
Chen Jie,58.862585034013605,49.7882536316779,0.6560497283935547,-0.07367353662175447,A段 主题
Chen Jie,59.11800453514739,50.00429733579957,0.5385611057281494,-0.05033428556089349,A段 主题
Chen Jie,59.350204081632654,50.20070070318292,0.6831810474395752,-0.06266044947551562,A段 主题
Chen Jie,59.559183673469384,50.37746373382792,0.3633754849433899,-0.08976542530945152,A段 主题
Chen Jie,59.8378231292517,50.613147774687945,0.6153238415718079,-0.12881976754215427,A段 主题
Chen Jie,60.116462585034014,50.84883181554796,0.16061386466026306,-0.011951924284403502,A段 主题
Chen Jie,60.3718820861678,51.064875519669634,0.1257844716310501,-0.00604048489094566,A段 主题
Chen Jie,60.58086167800454,51.24163855031465,0.5050467252731323,-0.06112151049819659,A段 主题
Chen Jie,60.836281179138325,51.45768225443633,0.4294818341732025,-0.0701444465903478,A段 主题
Chen Jie,61.06848072562358,51.65408562181967,0.18782813847064972,0.1500068880204708,A段 主题
Chen Jie,61.30068027210884,51.850488989203015,0.15442174673080444,-0.07791567750246031,A段 主题
Chen Jie,61.532879818594104,52.04689235658636,0.20156005024909973,-0.14714205515247158,A段 主题
Chen Jie,61.765079365079366,52.2432957239697,0.15999412536621094,-0.0117395395591302,A段 主题
Chen Jie,61.9740589569161,52.420058754614715,0.03477122634649277,0.12335033384260895,A段 主题
Chen Jie,62.299138321995464,52.6950234689514,0.1643955111503601,-0.030695207306052907,A段 主题
Chen Jie,62.5081179138322,52.87178649959641,0.701042115688324,-0.070367681200878,A段 主题
Chen Jie,62.74031746031746,53.06818986697976,0.5526573061943054,-0.07922098702692892,A段 主题
Chen Jie,62.99573696145125,53.28423357110143,0.11510249227285385,0.029234100247776947,A段 主题
Chen Jie,63.20471655328798,53.46099660174644,0.7733192443847656,-0.11994253877674053,A段 主题
Chen Jie,63.52979591836735,53.73596131608313,0.03820575773715973,0.05873289987903263,A段 主题
Chen Jie,63.85487528344671,54.0109260304198,0.19877395033836365,-0.049644984324004326,A段 主题
Chen Jie,64.13351473922903,54.246610071279825,0.1242661401629448,0.0536292280685302,A段 主题
Chen Jie,64.45859410430839,54.5215747856165,0.4292413294315338,-0.04549962482087721,A段 主题
Chen Jie,64.69079365079365,54.71797815299985,0.16990846395492554,0.0386605605854129,A段 主题
Chen Jie,64.94621315192744,54.93402185712153,0.12801744043827057,0.16347875598512474,A段 主题
Chen Jie,65.20163265306122,55.15006556124321,0.17717735469341278,-0.02205191740358714,A段 主题
Chen Jie,65.41061224489796,55.326828591888216,0.3066297471523285,-0.07522657142544631,A段 主题
Chen Jie,65.6195918367347,55.50359162253323,0.15318666398525238,0.04137728055866319,A段 主题
Chen Jie,65.89823129251701,55.739275663393244,0.07603976130485535,-0.004141274621360934,A段 主题
Chen Jie,66.22331065759637,56.01424037772993,0.47710278630256653,-0.05443136801659421,A段 主题
Chen Jie,66.43229024943311,56.19100340837493,0.46950972080230713,-0.09478474180468766,A段 主题
Chen Jie,66.71092970521542,56.42668744923495,0.21741905808448792,-0.09769978123586041,A段 主题
Chen Jie,66.94312925170068,56.623090816618294,0.11629128456115723,-0.04159139998591854,A段 主题
Chen Jie,67.17532879818594,56.81949418400164,0.24384604394435883,0.02856179316950147,A段 主题
Chen Jie,67.38430839002268,56.996257214646654,0.6924874186515808,-0.06615668139602349,A段 主题
Chen Jie,67.662947845805,57.23194125550666,0.4383412301540375,-0.08510152647431823,A段 主题
Chen Jie,67.89514739229026,57.42834462289001,0.18323484063148499,-0.04431398156157229,A段 主题
Chen Jie,68.12734693877552,57.624747990273356,0.256258487701416,-0.00735889802854217,A段 主题
Chen Jie,68.33632653061224,57.801511020918355,0.3543344736099243,-0.04251624491189432,A段 主题
Chen Jie,68.63818594104309,58.05683539851672,0.21589288115501404,-0.09659056131567922,A段 主题
Chen Jie,68.87038548752834,58.25323876590005,0.09090643376111984,-0.023365742868008965,A段 主题
Chen Jie,69.12580498866213,58.469282470021724,0.07390405982732773,-0.019953567357333665,A段 主题
Chen Jie,69.33478458049886,58.64604550066674,0.09755463898181915,-0.009021597225000733,A段 主题
Chen Jie,69.6366439909297,58.901369878265086,0.4432997703552246,-0.04715669256256661,A段 主题
Chen Jie,69.93850340136055,59.15669425586344,0.07489655166864395,0.12354043745972378,A段 主题
Chen Jie,70.24036281179139,59.41201863346179,0.04833325371146202,0.2300254091778697,A段 主题
Chen Jie,70.58866213151927,59.7066236845368,0.4661632776260376,-0.16535729164388613,A段 主题
Chen Jie,70.82086167800453,59.90302705192015,0.5625329613685608,-0.04881714758084854,A段 主题
Chen Jie,71.09950113378684,60.13871109278016,0.41589540243148804,-0.03007261784659931,A段 主题
Chen Jie,71.40136054421768,60.394035470378505,0.08005289733409882,-0.015622847331542287,A段 主题
Chen Jie,71.61034013605442,60.57079850102352,0.1653854250907898,0.10591018826744401,A段 主题
Chen Jie,72.26049886621315,61.12072792969689,0.24283142387866974,-0.052750846464277856,B段 抒情
Chen Jie,72.56235827664399,61.37605230729523,0.1821388304233551,-0.02214152170836314,B段 抒情
Chen Jie,72.86421768707483,61.63137668489358,0.0675319954752922,-0.0074122189857916965,B段 抒情
Chen Jie,73.09641723356009,61.82778005227693,0.11910569667816162,-0.006912426897542901,B段 抒情
Chen Jie,73.3750566893424,62.063464093136936,0.1540035754442215,-0.00603629567876851,B段 抒情
Chen Jie,73.65369614512471,62.29914813399695,0.0457163043320179,0.006012188430304377,B段 抒情
Chen Jie,73.88589569160997,62.4955515013803,0.031854014843702316,-0.007098437038166594,B段 抒情
Chen Jie,74.16453514739229,62.73123554224031,0.24768315255641937,1.531484485894911e-05,B段 抒情
Chen Jie,74.48961451247166,63.006200256577,0.045706599950790405,-0.005673715031662141,B段 抒情
Chen Jie,74.81469387755102,63.28116497091368,0.3241561949253082,-0.00272016812914444,B段 抒情
Chen Jie,75.02367346938776,63.45792800155869,0.032198283821344376,0.011576776478250395,B段 抒情
Chen Jie,75.2326530612245,63.634691032203705,0.35649120807647705,-0.01035308580412675,B段 抒情
Chen Jie,75.55773242630386,63.90965574654039,0.1493191421031952,0.059433086812532565,B段 抒情
Chen Jie,75.81315192743764,64.12569945066207,0.1904061883687973,0.04336148549555219,B段 抒情
Chen Jie,76.16145124716553,64.42030450173708,0.3322571814060211,-0.03387357000974589,B段 抒情
Chen Jie,76.37043083900227,64.59706753238208,0.2110435962677002,-0.0005262798367766643,B段 抒情
Chen Jie,76.64907029478458,64.8327515732421,0.08219502121210098,-0.04302408428884518,B段 抒情
Chen Jie,76.88126984126984,65.02915494062545,0.3941315710544586,-0.07789595356371139,B段 抒情
Chen Jie,77.13668934240363,65.24519864474712,0.08008638769388199,-0.015528083804383641,B段 抒情
Chen Jie,77.36888888888889,65.44160201213047,0.12277664989233017,0.055955579455257975,B段 抒情
Chen Jie,77.67074829931973,65.69692638972882,0.15220731496810913,-0.014291554998635547,B段 抒情
Chen Jie,78.06548752834468,66.03081211428051,0.10196319222450256,-0.03222857881155505,B段 抒情
Chen Jie,78.29768707482994,66.22721548166386,0.09439319372177124,-0.04466177379072178,B段 抒情
Chen Jie,78.5298866213152,66.4236188490472,0.1252090334892273,-0.012534918323581225,B段 抒情
Chen Jie,78.73886621315192,66.60038187969221,0.3642064034938812,-0.008795673420536332,B段 抒情
Chen Jie,79.0639455782313,66.8753465940289,0.4909138083457947,-0.05394198342401068,B段 抒情
Chen Jie,79.27292517006802,67.05210962467389,0.12733879685401917,0.06504280599983758,B段 抒情
Chen Jie,79.50512471655328,67.24851299205724,0.3843189775943756,-0.005069420876679941,B段 抒情
Chen Jie,79.71410430839002,67.42527602270225,0.3168986737728119,-0.03656758462966536,B段 抒情
Chen Jie,80.01596371882086,67.68060040030059,0.07531546801328659,0.07995280589057074,B段 抒情
Chen Jie,80.4107029478458,68.01448612485228,0.09754081070423126,-0.045493272364183206,B段 抒情
Chen Jie,80.68934240362812,68.2501701657123,0.13319829106330872,-0.005756396285505616,B段 抒情
Chen Jie,81.13052154195012,68.62333656374066,0.06847365945577621,-0.006076203135307878,B段 抒情
Chen Jie,81.33950113378685,68.80009959438567,0.1757534146308899,0.015472856011911063,B段 抒情
Chen Jie,81.57170068027212,68.99650296176901,0.10910516232252121,-0.006244538462851779,B段 抒情
Chen Jie,81.80390022675736,69.19290632915235,0.08290015906095505,-0.005651847186527447,B段 抒情
Chen Jie,82.10575963718821,69.4482307067507,0.15489479899406433,0.012263032795090114,B段 抒情
Chen Jie,82.31473922902494,69.62499373739571,0.08935249596834183,-0.022867895813760697,B段 抒情
Chen Jie,82.52371882086167,69.80175676804072,0.05206777900457382,0.0855224559927592,B段 抒情
Chen Jie,82.73269841269841,69.97851979868574,0.15431246161460876,-0.060895611522937536,B段 抒情
Chen Jie,83.26675736961451,70.43024754366742,0.4408361315727234,0.001703830685073626,B段 抒情
Chen Jie,83.49895691609977,70.62665091105077,0.6176421642303467,-0.02467242325110419,B段 抒情
Chen Jie,83.73115646258503,70.82305427843411,0.45325663685798645,-0.05755321180913596,B段 抒情
Chen Jie,84.0562358276644,71.0980189927708,0.23418733477592468,-0.11582428178371627,B段 抒情
Chen Jie,84.28843537414966,71.29442236015414,0.07456281036138535,-0.012114642481719782,B段 抒情
Chen Jie,84.52063492063492,71.49082572753748,0.14079374074935913,0.09250184343727598,B段 抒情
Chen Jie,84.84571428571428,71.76579044187417,0.08414647728204727,0.09306844303864635,B段 抒情
Chen Jie,85.07791383219954,71.96219380925751,0.06782372295856476,0.013558969294535927,B段 抒情
Chen Jie,85.37977324263039,72.21751818685587,0.2448420524597168,-0.030899554531060858,B段 抒情
Chen Jie,85.61197278911564,72.41392155423921,0.36447206139564514,-0.03317739251542662,B段 抒情
Chen Jie,85.86739229024943,72.62996525836088,0.34060725569725037,-0.07173245285230224,B段 抒情
Chen Jie,86.07637188208616,72.8067282890059,0.06199251487851143,0.023609875552210724,B段 抒情
Chen Jie,86.30857142857143,73.00313165638924,0.2715440094470978,0.102089701249497,B段 抒情
Chen Jie,86.54077097505669,73.19953502377258,0.22702127695083618,0.016356966716557505,B段 抒情
Chen Jie,86.88907029478457,73.4941400748476,0.3444942831993103,-0.1393689262386033,B段 抒情
Chen Jie,87.09804988662131,73.67090310549261,0.08740909397602081,-0.05301941419020295,B段 抒情
Chen Jie,87.33024943310657,73.86730647287595,0.33209511637687683,0.06254642039493774,B段 抒情
Chen Jie,87.63210884353741,74.12263085047431,0.06807628273963928,0.04140549990552245,B段 抒情
Chen Jie,87.84108843537415,74.29939388111931,0.19346562027931213,0.06310298995231278,B段 抒情
Chen Jie,88.30548752834467,74.69220061588601,0.047428641468286514,0.051015527333220234,B段 抒情
Chen Jie,88.58412698412698,74.92788465674602,0.057947635650634766,-0.08325395522206236,B段 抒情
Chen Jie,88.93242630385488,75.22248970782104,0.0339425653219223,0.017986737611863646,B段 抒情
Chen Jie,89.37360544217687,75.59565610584939,0.04954651743173599,-0.019710063281763723,B段 抒情
Chen Jie,89.6754648526077,75.85098048344774,0.30268412828445435,-0.03127798981950036,B段 抒情
Chen Jie,89.88444444444444,76.02774351409275,0.03641778975725174,-0.007573017933282244,B段 抒情
Chen Jie,90.1166439909297,76.2241468814761,0.23851902782917023,-0.0049904721208804395,B段 抒情
Chen Jie,90.34884353741496,76.42055024885944,0.19486168026924133,0.012888975152236524,B段 抒情
Chen Jie,90.6507029478458,76.67587462645778,0.14660148322582245,0.047304517056545585,B段 抒情
Chen Jie,90.85968253968254,76.8526376571028,0.09296281635761261,0.017885512761495193,华彩
Chen Jie,91.0918820861678,77.04904102448614,0.12153308838605881,0.03204047943654586,华彩
Chen Jie,91.30086167800454,77.22580405513116,0.11381255090236664,-0.015341026301030068,华彩
Chen Jie,91.50984126984127,77.40256708577617,0.4734549820423126,-0.03116127345492714,华彩
Chen Jie,91.74204081632654,77.59897045315952,0.4088440239429474,-0.05080590008219587,华彩
Chen Jie,92.0671201814059,77.8739351674962,0.06535499542951584,-0.04319961626606527,华彩
Chen Jie,92.36897959183673,78.12925954509454,0.068013995885849,0.03991498169853002,华彩
Chen Jie,92.78693877551021,78.48278560638457,0.07302447408437729,-0.024623868785056402,华彩
Chen Jie,93.042358276644,78.69882931050624,0.1447838693857193,-0.01522514314729051,华彩
Chen Jie,93.27455782312926,78.8952326778896,0.2635939419269562,-0.02850288014997204,华彩
Chen Jie,93.50675736961452,79.09163604527294,0.17176921665668488,-0.03682760275296459,华彩
Chen Jie,93.8550566893424,79.38624109634794,0.04815166816115379,-0.05617658516712253,华彩
Chen Jie,94.11047619047619,79.60228480046963,0.27314022183418274,-0.05647180059895618,华彩
Chen Jie,94.41233560090703,79.85760917806797,0.0517132431268692,-0.00605086182758896,华彩
Chen Jie,94.66775510204081,80.07365288218965,0.09952427446842194,0.020938351894983498,华彩
Chen Jie,95.22503401360544,80.54502096390968,0.08789113163948059,0.007797072862558707,华彩
Chen Jie,95.52689342403629,80.80034534150803,0.12695802748203278,0.04720608358184108,华彩
Chen Jie,95.73587301587301,80.97710837215304,0.09587034583091736,-0.01810661206036457,华彩
Chen Jie,96.01451247165532,81.21279241301305,0.07175147533416748,-0.08819174120162643,华彩
Chen Jie,96.36281179138322,81.50739746408807,0.027112392708659172,-0.01476526472288242,华彩
Chen Jie,96.75755102040816,81.84128318863975,0.07663603127002716,-0.026431566482187918,华彩
Chen Jie,97.05941043083901,82.0966075662381,0.041394349187612534,-0.0049401987098463,华彩
Chen Jie,97.3148299319728,82.3126512703598,0.03531036153435707,-0.0017553059251440573,华彩
Chen Jie,97.73278911564626,82.6661773316498,0.17819470167160034,0.03161143936267762,华彩
Chen Jie,98.03464852607709,82.92150170924815,0.3450338840484619,-0.026100146487806338,华彩
Chen Jie,98.38294784580499,83.21610676032317,0.5146369934082031,-0.09522315967842587,华彩
Chen Jie,98.6615873015873,83.4517908011832,0.5520355701446533,0.11665093579722452,华彩
Chen Jie,98.89378684807257,83.64819416856653,0.30109378695487976,-0.06049071594134148,华彩
Chen Jie,99.26530612244898,83.96243955637988,0.2564099133014679,-0.029528205527640242,华彩
Chen Jie,99.54394557823129,84.19812359723988,0.04022279754281044,-0.021686377664309475,华彩
Chen Jie,99.86902494331066,84.47308831157659,0.05893955007195473,-0.012713523750562672,华彩
Chen Jie,100.1708843537415,84.72841268917493,0.05897291377186775,-0.002317761257586426,华彩
Chen Jie,100.44952380952381,84.96409673003494,0.032089002430438995,0.17564266569820575,华彩
Chen Jie,100.72816326530612,85.19978077089495,0.020918967202305794,0.0042021744548037514,华彩
Chen Jie,100.96036281179138,85.3961841382783,0.0794520303606987,0.027976543015029165,华彩
Chen Jie,101.19256235827665,85.59258750566164,0.1915578991174698,-0.0030157801120367362,华彩
Chen Jie,101.42476190476191,85.788990873045,0.3254769444465637,0.02917496854024648,华彩
Chen Jie,101.70340136054422,86.024674913905,0.3093021810054779,-0.08479724742755934,华彩
Chen Jie,101.958820861678,86.24071861802668,0.10001575946807861,0.0016528458218090232,华彩
Chen Jie,102.16780045351474,86.4174816486717,0.05476352572441101,0.03540094621712342,华彩
Chen Jie,102.37678004535148,86.5942446793167,0.12361487001180649,-0.007031564109638566,华彩
Chen Jie,102.79473922902494,86.94777074060671,0.5019426345825195,-0.13652003467541363,华彩
Chen Jie,103.16625850340137,87.26201612842007,0.6234102249145508,-0.0891115730155434,华彩
Chen Jie,103.44489795918368,87.4977001692801,0.5782975554466248,0.016826210048748177,华彩
Chen Jie,103.67709750566894,87.69410353666343,0.2907264232635498,0.0831159712106455,华彩
Chen Jie,103.9092970521542,87.89050690404679,0.4895131289958954,-0.07219808449008269,华彩
Chen Jie,104.35047619047619,88.26367330207513,0.05813136696815491,-0.06646983497375913,华彩
Chen Jie,105.11673469387755,88.91180441444017,0.08077484369277954,0.0321466326454356,华彩
Chen Jie,105.41859410430838,89.16712879203851,0.09104855358600616,0.0013438172345558994,华彩
Chen Jie,105.62757369614512,89.34389182268353,0.04425938054919243,0.005997940525048761,华彩
Chen Jie,105.8829931972789,89.5599355268052,0.1439284384250641,0.035833877791446866,华彩
Chen Jie,106.16163265306122,89.79561956766521,0.3198028802871704,0.0641618810732325,华彩
Chen Jie,106.44027210884354,90.03130360852523,0.09751614183187485,-0.18286672407157312,华彩
Chen Jie,106.71891156462586,90.26698764938526,0.1022023856639862,0.08533630857527896,华彩
Chen Jie,107.16009070294784,90.6401540474136,0.09154540300369263,0.05415504092525225,华彩
Chen Jie,107.57804988662132,90.99368010870363,0.08841557800769806,-0.09346734523205667,华彩
Chen Jie,107.8334693877551,91.2097238128253,0.13683925569057465,-0.041857610131046386,华彩
Chen Jie,108.08888888888889,91.42576751694698,0.25626569986343384,-0.021374530842876997,华彩
Chen Jie,108.29786848072563,91.602530547592,0.11458703875541687,-0.047961814402697193,华彩
Chen Jie,108.57650793650794,91.838214588452,0.1677645593881607,-0.01773066924215527,华彩
Chen Jie,108.83192743764172,92.05425829257369,0.08697246760129929,0.03016476523498568,华彩
Chen Jie,109.06412698412699,92.25066165995703,0.1815689206123352,-0.04829301212794235,华彩
Chen Jie,109.27310657596372,92.42742469060204,0.13332518935203552,0.0007880980774643835,华彩
Chen Jie,109.48208616780046,92.60418772124706,0.281747430562973,0.03627822984526574,华彩
Chen Jie,109.69106575963718,92.78095075189206,0.2247258573770523,-0.018782869847200342,华彩
Chen Jie,109.99292517006803,93.03627512949042,0.2516363263130188,-0.04083557605554233,华彩
Chen Jie,110.20190476190476,93.21303816013541,0.1726796180009842,-0.0794150654655823,华彩
Chen Jie,110.4108843537415,93.38980119078043,0.24265156686306,0.0023214361590362382,华彩
Chen Jie,110.61986394557823,93.56656422142544,0.15943259000778198,-0.02471749685355462,华彩
Chen Jie,110.92172335600907,93.82188859902378,0.23384612798690796,-0.014552082120644625,华彩
Chen Jie,111.1307029478458,93.9986516296688,0.17958137392997742,-0.0009077366485143976,华彩
Chen Jie,111.43256235827664,94.25397600726714,0.18655599653720856,-0.0760746129344625,华彩
Chen Jie,111.757641723356,94.52894072160382,0.1155882477760315,0.07714058992860373,华彩
Chen Jie,112.31492063492064,95.00030880332386,0.0417630597949028,0.005201836461310449,华彩
Chen Jie,112.57034013605443,95.21635250744554,0.23308239877223969,0.009191130084218457,华彩
Chen Jie,112.80253968253969,95.41275587482889,0.23538242280483246,-0.05611391720776736,华彩
Chen Jie,113.15083900226757,95.7073609259039,0.07260911911725998,0.13681296295544598,华彩
Chen Jie,113.40625850340136,95.92340463002557,0.062088899314403534,-0.012366477949399267,华彩
Chen Jie,113.7081179138322,96.17872900762393,0.21188326179981232,-0.012020229905829181,华彩
Chen Jie,114.10285714285715,96.51261473217562,0.04514011740684509,0.0009686722933111014,华彩
Chen Jie,114.42793650793651,96.7875794465123,0.13432754576206207,0.1195089339489641,华彩
Chen Jie,114.70657596371882,97.0232634873723,0.07182589918375015,0.06346008549371618,华彩
Chen Jie,114.98521541950113,97.25894752823231,0.08859843760728836,-0.06381440875884438,华彩
Chen Jie,115.35673469387756,97.57319291604567,0.3962159752845764,-0.11285090231467619,华彩
Chen Jie,115.63537414965987,97.80887695690569,0.06965789198875427,-0.05906170827074674,华彩
Chen Jie,115.91401360544218,98.0445609977657,0.0495494082570076,0.20865190540462208,华彩
Chen Jie,116.26231292517006,98.33916604884071,0.0459052138030529,-0.023744297050143352,华彩
Chen Jie,116.68027210884354,98.69269211013074,0.0629793107509613,0.058311092743679176,华彩
Chen Jie,117.09823129251701,99.04621817142076,0.21577651798725128,0.01185118026114651,华彩
Chen Jie,117.49297052154195,99.38010389597244,0.47687384486198425,-0.07288889601113624,华彩
Chen Jie,117.72517006802721,99.5765072633558,0.32419246435165405,-0.08658891811137436,华彩
Chen Jie,118.05024943310657,99.85147197769247,0.41203072667121887,-0.11738833359231649,华彩
Chen Jie,118.83972789115646,100.51924342679584,0.21215352416038513,0.003299147238067235,华彩
Chen Jie,119.09514739229024,100.73528713091751,0.30668210983276367,-0.012964600136911029,华彩
Chen Jie,119.30412698412698,100.91205016156253,0.24633991718292236,0.03037189380847849,华彩
Chen Jie,119.69886621315193,101.24593588611422,0.29257693886756897,-0.07795709834681475,华彩
Chen Jie,120.02394557823129,101.5209006004509,0.15582746267318726,-0.09120606641772609,华彩
Chen Jie,120.3025850340136,101.75658464131091,0.5109675526618958,-0.03141792722090031,华彩
Chen Jie,120.51156462585034,101.93334767195593,0.2286757230758667,0.0017784787360142207,华彩
Chen Jie,120.72054421768708,102.11011070260093,0.3244825303554535,-0.06816991358391533,华彩
Chen Jie,120.95274376417234,102.30651406998429,0.4512053430080414,0.02594455522739736,华彩
Chen Jie,121.16172335600908,102.4832771006293,0.1925612837076187,-0.049996288453257876,华彩
Chen Jie,121.39392290249432,102.67968046801263,0.27699095010757446,-0.04926246224385977,华彩
Chen Jie,121.78866213151927,103.01356619256433,0.36364373564720154,-0.0448664776968144,华彩
Chen Jie,122.04408163265306,103.229609896686,0.6348392963409424,-0.052556355240085395,华彩
Chen Jie,122.2530612244898,103.40637292733102,0.18245215713977814,0.02302006159879965,华彩
Chen Jie,122.67102040816326,103.75989898862103,0.35047075152397156,0.02703863028727937,华彩
Chen Jie,123.08897959183673,104.11342504991106,0.342415988445282,-0.04701099765043181,华彩
Chen Jie,123.48371882086168,104.44731077446275,0.20144565403461456,-0.03363263838309649,华彩
Chen Jie,123.73913832199547,104.66335447858442,0.37319719791412354,-0.03924297066077997,华彩
Chen Jie,124.08743764172335,104.95795952965943,0.31090444326400757,-0.07674422079162468,华彩
Chen Jie,124.31963718820862,105.15436289704279,0.5095824003219604,0.01361597905997769,华彩
Chen Jie,124.52861678004535,105.3311259276878,0.2710883617401123,-0.01743877901390078,华彩
Chen Jie,124.73759637188209,105.5078889583328,0.45876428484916687,-0.08302664432449092,华彩
Chen Jie,124.99301587301588,105.72393266245449,0.24166037142276764,-0.08293960363516817,华彩
Chen Jie,125.38775510204081,106.05781838700617,0.6026630997657776,-0.0788749271123379,华彩
Chen Jie,125.68961451247165,106.3131427646045,0.04948897659778595,-0.022466529799203272,华彩
Chen Jie,125.94503401360544,106.5291864687262,0.06047390401363373,0.03163810401929368,华彩
Chen Jie,126.20045351473922,106.74523017284787,0.40123939514160156,-0.053972366731613874,华彩
Chen Jie,126.50231292517007,107.00055455044622,0.33458787202835083,-0.018623401410877705,华彩
Chen Jie,126.73451247165534,107.19695791782958,0.3064250648021698,0.0362623477485613,华彩
Chen Jie,127.10603174603175,107.51120330564292,0.325778603553772,-0.07660915707674576,华彩
Chen Jie,127.38467120181406,107.74688734650293,0.15196935832500458,-0.04728653880192723,华彩
Chen Jie,127.70975056689342,108.0218520608396,0.275617390871048,-0.012221236647746993,华彩
Chen Jie,127.91873015873016,108.19861509148463,0.237100288271904,0.0012689700724877189,华彩
Chen Jie,128.29024943310657,108.51286047929797,0.33105820417404175,-0.02934529497906624,华彩
Chen Jie,128.54566893424035,108.72890418341964,0.1425781548023224,-0.043739791863117716,华彩
Chen Jie,128.7546485260771,108.90566721406466,0.28043726086616516,-0.04413685574036208,华彩
Chen Jie,129.14938775510205,109.23955293861637,0.31496477127075195,-0.04062737839376496,华彩
Chen Jie,129.40480725623584,109.45559664273804,0.4989822804927826,-0.0017655092960922043,华彩
Chen Jie,129.61378684807255,109.63235967338304,0.2582855224609375,0.040024524332693545,华彩
Chen Jie,129.93886621315193,109.90732438771973,0.37568917870521545,-0.022998462100076722,华彩
Chen Jie,130.14784580498866,110.08408741836473,0.16670706868171692,-0.016667256340952005,华彩
Chen Jie,130.3568253968254,110.26085044900975,0.19980783760547638,-0.04464273170015076,华彩
Chen Jie,130.75156462585034,110.59473617356143,0.2183360904455185,-0.030431488676185833,华彩
Chen Jie,131.00698412698412,110.8107798776831,0.3372989892959595,-0.07253319472511065,华彩
Chen Jie,131.2391836734694,111.00718324506646,0.1547556221485138,0.03920883336832048,华彩
Chen Jie,131.5178231292517,111.24286728592647,0.04524165019392967,0.039570272110722726,华彩
Chen Jie,132.00544217687076,111.65531435743151,0.40559232234954834,-0.03658739642560249,华彩
Chen Jie,132.237641723356,111.85171772481483,0.3360987901687622,-0.057334313714818556,华彩
Chen Jie,132.46984126984128,112.04812109219819,0.2555789649486542,-0.1020031771986396,华彩
Chen Jie,132.84136054421768,112.36236648001153,0.15249599516391754,0.09260267054287397,华彩
Chen Jie,133.3057596371882,112.75517321477822,0.06198558956384659,-0.0006238022706384067,华彩
Chen Jie,133.70049886621314,113.0890589393299,0.174596905708313,0.022924867380424985,华彩
Chen Jie,133.95591836734692,113.30510264345158,0.13519386947155,0.034492587883505614,华彩
Chen Jie,134.16489795918366,113.48186567409658,0.19923532009124756,-0.001395876915921689,华彩
Chen Jie,134.42031746031745,113.69790937821827,0.09694207459688187,-0.05654984547618369,华彩
Chen Jie,134.6292970521542,113.87467240886328,0.1206655502319336,0.03201870135853823,华彩
Chen Jie,134.88471655328797,114.09071611298496,0.1359299272298813,-0.031038073802847062,华彩
Chen Jie,135.11691609977325,114.28711948036832,0.333787202835083,-0.05504997907337382,华彩
Chen Jie,135.37233560090704,114.50316318448999,0.05830902233719826,-0.010013099972638882,华彩
Chen Jie,135.69741496598638,114.77812789882667,0.10426954925060272,0.01286743342916452,华彩
Chen Jie,135.9760544217687,115.01381193968669,0.2176298350095749,-0.0178263882162355,华彩
Chen Jie,136.34757369614513,115.32805732750005,0.09885497391223907,0.004210769657220225,华彩
Chen Jie,136.55655328798187,115.50482035814505,0.0761115700006485,-0.051646351971612596,华彩
Chen Jie,136.7655328798186,115.68158338879007,0.1342741996049881,-0.023292474747904635,华彩
Chen Jie,137.0441723356009,115.91726742965007,0.11908817291259766,-0.0439942386947223,华彩
Chen Jie,137.46213151927438,116.2707934909401,0.08210830390453339,0.03153315908548393,华彩
Chen Jie,137.81043083900227,116.5653985420151,0.09300795197486877,0.008352362760888356,华彩
Chen Jie,138.15873015873015,116.86000359309013,0.16572310030460358,-0.0015090637134562716,华彩
Chen Jie,138.3677097505669,117.03676662373513,0.12129338085651398,-0.03154791384076815,华彩
Chen Jie,138.57668934240363,117.21352965438015,0.12992504239082336,-0.017297204794886053,华彩
Chen Jie,138.85532879818595,117.44921369524018,0.08135814964771271,-0.010844198891390988,华彩
Chen Jie,139.2500680272109,117.78309941979185,0.03947026655077934,0.012368481475277804,华彩
Chen Jie,139.45904761904762,117.95986245043686,0.1653476059436798,0.08748756392833457,华彩
Chen Jie,139.92344671201815,118.35266918520355,0.08230209350585938,-0.006955049093448904,华彩
Chen Jie,140.17886621315193,118.56871288932523,0.14216484129428864,-0.009532618560115225,华彩
Chen Jie,140.41106575963718,118.76511625670857,0.05646500363945961,0.07640020498911325,华彩
Chen Jie,140.64326530612246,118.96151962409192,0.09259501844644547,-0.014227896735974356,华彩
Chen Jie,141.01478458049885,119.27576501190526,0.12891227006912231,-0.03723642803379334,华彩
Chen Jie,141.40952380952382,119.60965073645696,0.05015142261981964,0.012894792348561168,华彩
Chen Jie,141.61850340136056,119.78641376710198,0.11093862354755402,-0.02122840619449562,华彩
Chen Jie,141.87392290249434,120.00245747122365,0.19230729341506958,-0.035012849502891186,华彩
Chen Jie,142.15256235827664,120.23814151208366,0.036161236464977264,0.017900481429933276,华彩
Chen Jie,142.45442176870748,120.493465889682,0.25267210602760315,0.06021304234309355,华彩
Chen Jie,142.68662131519275,120.68986925706535,0.06328010559082031,-0.061812157287022274,华彩
Chen Jie,142.918820861678,120.8862726244487,0.09768466651439667,-0.032044165618572144,华彩
Chen Jie,143.22068027210884,121.14159700204704,0.07662338763475418,-0.015601669929310447,华彩
Chen Jie,143.77795918367346,121.61296508376707,0.02992900088429451,0.02472124845098733,华彩
Chen Jie,144.0798185941043,121.8682894613654,0.04155590757727623,-0.013673670196112651,华彩
Chen Jie,144.33523809523808,122.08433316548708,0.03286179155111313,0.005615414983139998,华彩
Chen Jie,144.75319727891156,122.4378592267771,0.042993560433387756,0.058394827686925055,华彩
Chen Jie,145.10149659863944,122.73246427785213,0.04374048486351967,0.0796194890881452,华彩
Chen Jie,145.31047619047618,122.90922730849714,0.03603549674153328,-0.08137178447213955,华彩
Chen Jie,145.5891156462585,123.14491134935716,0.04930095002055168,-0.03032926063042396,华彩
Chen Jie,145.82131519274375,123.3413147167405,0.28099876642227173,-0.006583303843399336,华彩
Chen Jie,146.35537414965987,123.7930424617222,0.06014017015695572,0.006125599406914262,华彩
Chen Jie,146.5643537414966,123.96980549236721,0.23670479655265808,0.048039429304935766,华彩
Chen Jie,146.77333333333334,124.14656852301222,0.17147639393806458,0.13102105135658348,华彩
Chen Jie,146.98231292517008,124.32333155365724,0.32675907015800476,-0.03140231156066875,华彩
Chen Jie,147.30739229024942,124.5982962679939,0.12781992554664612,-0.0035315743843966625,华彩
Chen Jie,147.5395918367347,124.79469963537726,0.10723510384559631,-0.03640493996499572,华彩
Chen Jie,147.7950113378685,125.01074333949894,0.22562460601329803,-0.06252828170545398,华彩
Chen Jie,148.09687074829932,125.26606771709729,0.17175321280956268,0.005923325898038456,华彩
Chen Jie,148.30585034013606,125.4428307477423,0.09674771130084991,0.09055493101186583,华彩
Chen Jie,148.5380498866213,125.63923411512563,0.134316086769104,0.06753981997462688,华彩
Chen Jie,148.81668934240363,125.87491815598565,0.3819634020328522,-0.028230665157025214,华彩
Chen Jie,149.14176870748298,126.14988287032233,0.26221758127212524,-0.004351016468717712,华彩
Chen Jie,149.44362811791385,126.4052072479207,0.1602681279182434,-0.02480098601154168,华彩
Chen Jie,149.79192743764173,126.69981229899571,0.17775267362594604,-0.030283886690085634,华彩
Chen Jie,150.04734693877552,126.91585600311738,0.0791642814874649,-0.023813367124603243,华彩
Chen Jie,150.25632653061226,127.0926190337624,0.23230423033237457,-0.03275991568898463,华彩
Chen Jie,150.5581859410431,127.34794341136075,0.32927873730659485,-0.032398633084085304,华彩
Chen Jie,150.76716553287983,127.52470644200575,0.05101052671670914,-0.022371128113718445,华彩
Chen Jie,150.97614512471657,127.70146947265077,0.14829619228839874,-0.03784601462939463,华彩
Chen Jie,151.39410430839,128.05499553394077,0.039278216660022736,-0.005316969486557355,华彩
Chen Jie,151.74240362811793,128.34960058501582,0.057946328073740005,0.051411044040605695,华彩
Chen Jie,152.20680272108842,128.74240731978247,0.5776786804199219,-0.11806269576482008,华彩
Chen Jie,152.5318820861678,129.01737203411918,0.05719608813524246,-0.008625350562851963,华彩
Chen Jie,152.78730158730158,129.23341573824084,0.06948262453079224,0.04240972666593734,华彩
Chen Jie,153.29814058956916,129.6655031464842,0.03447851911187172,0.0019343581584507774,华彩
Chen Jie,153.73931972789114,130.03866954451254,0.21898192167282104,0.03627043753340332,尾声
Chen Jie,153.99473922902493,130.25471324863423,0.37035247683525085,-0.02155646827759483,尾声
Chen Jie,154.2269387755102,130.4511166160176,0.11180951446294785,0.08220615081881986,尾声
Chen Jie,154.482358276644,130.66716032013926,0.0948956087231636,0.09597555240361542,尾声
Chen Jie,154.87709750566893,131.00104604469095,0.25979435443878174,-0.11892056772921933,尾声
Chen Jie,155.1092970521542,131.1974494120743,0.13573765754699707,0.006677709734503878,尾声
Chen Jie,155.364716553288,131.41349311619598,0.1577371209859848,0.002695607508940156,尾声
Chen Jie,155.59691609977324,131.60989648357932,0.21697016060352325,-0.011530708752616192,尾声
Chen Jie,155.80589569160998,131.78665951422434,0.21309350430965424,0.05186167036299593,尾声
Chen Jie,156.0148752834467,131.96342254486933,0.284408837556839,-0.07227398068607727,尾声
Chen Jie,156.2702947845805,132.17946624899102,0.1426602452993393,-0.018056856720249925,尾声
Chen Jie,156.66503401360544,132.5133519735427,0.1477157324552536,0.01700203902146313,尾声
Chen Jie,156.92045351473922,132.72939567766437,0.10326313972473145,-0.004863423464485094,尾声
Chen Jie,157.12943310657596,132.9061587083094,0.2561134994029999,0.009774307477528055,尾声
Chen Jie,157.40807256235829,133.14184274916943,0.09147810190916061,-0.02138502667321518,尾声
Chen Jie,157.66349206349207,133.3578864532911,0.05314936116337776,-0.00119828466722538,尾声
Chen Jie,157.94213151927437,133.5935704941511,0.047839850187301636,-0.0024188207191855322,尾声
Chen Jie,158.17433106575965,133.78997386153446,0.04071110486984253,-0.0025250257351672185,尾声
Chen Jie,158.45297052154194,134.02565790239444,0.22511103749275208,-0.008585380317072122,尾声
Chen Jie,158.91736961451247,134.41846463716115,0.4745938181877136,-0.0067594520146485575,尾声
Chen Jie,159.2192290249433,134.67378901475948,0.23283818364143372,-0.0359480096506104,尾声
Chen Jie,159.45142857142858,134.87019238214285,0.6477882862091064,-0.004941323066987027,尾声
Chen Jie,159.66040816326532,135.04695541278787,0.16874653100967407,0.03089718907176575,尾声
Chen Jie,159.96226757369615,135.3022797903862,0.1812848001718521,0.036834597904089605,尾声
Chen Jie,160.24090702947845,135.5379638312462,0.1639833003282547,-0.07207635214854234,尾声
Chen Jie,160.49632653061224,135.7540075353679,0.12274578958749771,0.004719562093669079,尾声
Chen Jie,160.7285260770975,135.95041090275123,0.11943095177412033,0.08333867485816882,尾声
Chen Jie,160.93750566893425,136.12717393339625,0.09560739248991013,-0.024558874520153037,尾声
Chen Jie,161.1697052154195,136.3235773007796,0.11059547960758209,-0.01094110584745067,尾声
Chen Jie,161.44834467120182,136.55926134163963,0.06932971626520157,-0.10070632870338157,尾声
Chen Jie,161.65732426303856,136.73602437228462,0.08492230623960495,0.059236551715002854,尾声
Chen Jie,161.93596371882086,136.97170841314463,0.11980410665273666,-0.007461568702638032,尾声
Chen Jie,162.21460317460318,137.20739245400466,0.06477552652359009,-0.028042237272529743,尾声
Chen Jie,162.51646258503402,137.462716831603,0.09170455485582352,-0.014407240951186394,尾声
Chen Jie,162.84154195011337,137.73768154593967,0.09407554566860199,-0.028166579068056304,尾声
Chen Jie,163.14340136054423,137.99300592353802,0.05331757664680481,-0.05455423963667271,尾声
Chen Jie,163.53814058956917,138.3268916480897,0.3119976818561554,-0.03933348457394459,尾声
Chen Jie,164.44371882086168,139.09286478088475,0.26808682084083557,-0.008359390380974219,尾声
Chen Jie,164.76879818594105,139.36782949522146,0.06478158384561539,-0.012096804846351004,尾声
Chen Jie,165.0938775510204,139.6427942095581,0.03808250650763512,-0.0028439499544674614,尾声
Chen Jie,165.7208163265306,140.17308330149314,0.08019993454217911,0.007348279305574578,尾声
Chen Jie,166.1619954648526,140.5462496995215,0.0318240262567997,0.027079443651700785,尾声
Chen Jie,166.37097505668933,140.72301273016652,0.22422794997692108,0.05744719444464863,尾声
Chen Jie,166.64961451247166,140.95869677102652,0.21715790033340454,0.03896457892551552,尾声
Chen Jie,166.8818140589569,141.15510013840986,0.2428206354379654,0.04234673879182082,尾声
Chen Jie,167.62485260770976,141.78359091403658,0.05005864053964615,-0.01752173482145736,尾声
Chen Jie,168.1124716553288,142.1960379855416,0.05716507136821747,-0.006116033478065219,尾声
Chen Jie,169.13414965986394,143.0602128020283,0.03380588814616203,-0.005028955717989446,尾声
Chen Jie,169.38956916099772,143.27625650615,0.02961588092148304,-0.0036799045346924686,尾声
Chen Jie,169.66820861678005,143.51194054701003,0.032227687537670135,0.004104415188521671,尾声
Chen Jie,170.36480725623582,144.10115064916005,0.647467315196991,-0.029967324826429827,尾声
Chen Jie,170.7827664399093,144.45467671045006,0.0504458025097847,-0.032066264566310565,尾声
Chen Jie,171.08462585034013,144.71000108804841,0.04602924361824989,-0.022948022524360567,尾声
Chen Jie,171.34004535147392,144.9260447921701,0.3421136438846588,-0.04353463195911899,尾声
Chen Jie,171.6651247165533,145.20100950650678,0.28799620270729065,-0.07439285636792192,尾声
Chen Jie,172.10630385487528,145.57417590453514,0.06580022722482681,-0.04332013293151249,尾声
Chen Jie,172.3849433106576,145.80985994539515,0.25371676683425903,-0.015869807202761876,尾声
Chen Jie,172.756462585034,146.1241053332085,0.036311835050582886,-0.028660291104642965,尾声
Chen Jie,173.24408163265306,146.53655240471352,1.0,-0.09270075306631041,尾声
Chen Jie,173.5459410430839,146.79187678231187,0.07956792414188385,-0.08696455151948614,尾声
Chen Jie,173.77814058956915,146.9882801496952,0.06305921822786331,-0.01489337960265402,尾声
Chen Jie,173.98712018140588,147.1650431803402,0.049622196704149246,-0.01574105488089117,尾声
Chen Jie,174.40507936507936,147.51856924163025,0.5488309264183044,-0.04317265270401549,尾声
Chen Jie,174.75337868480725,147.81317429270524,0.4137161374092102,-0.08867980650393291,尾声
Chen Jie,175.05523809523808,148.0684986703036,0.053832899779081345,-0.02539576723847858,尾声
Chen Jie,175.28743764172336,148.26490203768697,0.04280568286776543,-0.008068313309195219,尾声
Chen Jie,175.70539682539683,148.61842809897698,0.43045228719711304,-0.024811047569528455,尾声
Chen Jie,176.07691609977323,148.93267348679032,0.05766564980149269,-0.012531108711755225,尾声
Chen Jie,176.54131519274375,149.325480221557,0.04062363877892494,0.07724756918605634,尾声
Chen Jie,177.02893424036282,149.73792729306203,0.38777247071266174,-0.028972870268262337,尾声
Chen Jie,177.3540136054422,150.01289200739873,0.41048502922058105,-0.01882237884274218,尾声
Chen Jie,177.6326530612245,150.24857604825874,0.3526158332824707,-0.11323797243676378,尾声
Chen Jie,177.84163265306123,150.42533907890376,0.5280514359474182,-0.06406576053450408,尾声
Chen Jie,178.12027210884355,150.66102311976377,0.5218232870101929,-0.06009853052546531,尾声
Chen Jie,178.58467120181405,151.05382985453045,0.5919961333274841,-0.018964973446600197,尾声
Chen Jie,178.90975056689342,151.32879456886712,0.04669220745563507,-0.008492515746638674,尾声
Chen Jie,179.1651700680272,151.5448382729888,0.047362539917230606,-0.03369912287780607,尾声
Live (Anon),0.06965986394557823,0.04759674435403709,0.06582322716712952,0.2365576287516546,A段 主题
Live (Anon),0.5108390022675737,0.3490427919296053,0.03682747483253479,0.016628387891159946,A段 主题
Live (Anon),1.1609977324263039,0.7932790725672848,0.0808371752500534,0.43237713339294714,A段 主题
Live (Anon),1.4164172335600906,0.9678004685320873,0.03938281536102295,0.5298564398799498,A段 主题
Live (Anon),1.8343764172335602,1.25338093465631,0.038677878677845,-0.09229532747667689,A段 主题
Live (Anon),2.043356009070295,1.3961711677184212,0.04945729672908783,-0.044267982593737536,A段 主题
Live (Anon),2.2987755102040817,1.5706925636832239,0.6006609201431274,-0.16165616434591354,A段 主题
Live (Anon),2.647074829931973,1.8086762854534093,0.05991615355014801,-0.021078901909277192,A段 主题
Live (Anon),2.995374149659864,2.0466600072235948,0.04900045320391655,0.17067263863737026,A段 主题
Live (Anon),3.297233560090703,2.252912566091089,0.24233734607696533,-0.10772256937343626,A段 主题
Live (Anon),3.8312925170068026,2.6178209394720398,0.23433874547481537,0.0524622487318993,A段 主题
Live (Anon),4.063492063492063,2.7764767539854964,0.18672092258930206,0.13241720234873355,A段 主题
Live (Anon),4.481451247165533,3.0620572201097196,0.08902765065431595,-0.09262384364774333,A段 主题
Live (Anon),4.760090702947846,3.2524441975258673,0.1666208803653717,-0.05306550865498138,A段 主题
Live (Anon),5.061950113378685,3.4586967563933615,0.1759212613105774,-0.04169316916886601,A段 主题
Live (Anon),5.270929705215419,3.6014869894554726,0.1433521807193756,-0.030830777632218084,A段 主题
Live (Anon),5.526349206349207,3.7760083854202757,0.10749819129705429,0.041385825625184225,A段 主题
Live (Anon),5.828208616780046,3.98226094428777,0.0810592919588089,0.023526228824266582,A段 主题
Live (Anon),6.03718820861678,4.125051177349881,0.1324409693479538,-0.004772045303980121,A段 主题
Live (Anon),6.246167800453515,4.267841410411992,0.13259656727313995,0.040737536028245806,A段 主题
Live (Anon),6.826666666666667,4.664480946695635,0.056171052157878876,-0.01620892687697051,A段 主题
Live (Anon),7.430385487528345,5.076986064430622,0.050445910543203354,-0.0021148480982446927,A段 主题
Live (Anon),7.87156462585034,5.37843211200619,0.04215525835752487,-0.003778995267111895,A段 主题
Live (Anon),8.103764172335602,5.537087926519648,0.045140333473682404,-0.005427543487712683,A段 主题
Live (Anon),8.428843537414966,5.7592060668384875,0.058015983551740646,-0.0028736262265738333,A段 主题
Live (Anon),8.823582766439909,6.028920951511364,0.045143961906433105,-0.00278582335226929,A段 主题
Live (Anon),9.1718820861678,6.26690467328155,0.13111735880374908,-0.0005712713416983206,A段 主题
Live (Anon),9.566621315192744,6.536619557954427,0.06129348278045654,0.000488151458455377,A段 主题
Live (Anon),9.93814058956916,6.790468861175957,0.5172002911567688,-0.018543466649134643,A段 主题
Live (Anon),10.448979591836734,7.139511653105562,0.06841608136892319,-0.014239280449146463,A段 主题
Live (Anon),10.727619047619047,7.329898630521711,0.04792075604200363,0.14683416763432433,A段 主题
Live (Anon),10.936598639455783,7.472688863583823,0.653477668762207,-0.20616495967260562,A段 主题
Live (Anon),11.215238095238096,7.663075840999971,0.639144241809845,-0.3558682127732027,A段 主题
Live (Anon),11.749297052154194,8.027984214380922,0.05252557247877121,0.5055551230043421,A段 主题
Live (Anon),12.120816326530612,8.281833517602452,0.04932207241654396,-0.05268257259558596,A段 主题
Live (Anon),12.538775510204081,8.567413983726675,0.2272503823041916,0.05228075679042376,A段 主题
Live (Anon),12.747755102040816,8.710204216788787,0.21580034494400024,-0.20475794399317235,A段 主题
Live (Anon),13.049614512471654,8.91645677565628,0.2056799829006195,0.21149110307305816,A段 主题
Live (Anon),13.397913832199546,9.154440497426465,0.10743347555398941,-0.09814265213208273,A段 主题
Live (Anon),13.630113378684808,9.313096311939923,0.11232154816389084,-0.14754899293620835,A段 主题
Live (Anon),13.955192743764172,9.535214452258764,0.12211687117815018,0.012206301880723913,A段 主题
Live (Anon),14.210612244897959,9.709735848223566,0.1433841735124588,0.03660183747342672,A段 主题
Live (Anon),14.489251700680272,9.900122825639714,0.1497090607881546,-0.013711115025216712,A段 主题
Live (Anon),14.721451247165533,10.05877864015317,0.13878926634788513,-0.01588079603607184,A段 主题
Live (Anon),15.000090702947846,10.24916561756932,0.13209578394889832,-0.015954624723235607,A段 主题
Live (Anon),15.301950113378684,10.455418176436813,0.11864588409662247,-0.0011645985978248035,A段 主题
Live (Anon),15.580589569160997,10.645805153852962,0.18367601931095123,-0.0738072280455526,A段 主题
Live (Anon),15.928888888888888,10.883788875623146,0.043753039091825485,-0.008958978207829205,A段 主题
Live (Anon),16.137868480725622,11.026579108685258,0.05111037567257881,-0.0020731226186399,A段 主题
Live (Anon),16.370068027210884,11.185234923198715,0.0524655282497406,-0.005382051131164189,A段 主题
Live (Anon),16.579047619047618,11.328025156260825,0.04164103418588638,-0.0026106266886927187,A段 主题
Live (Anon),16.904126984126986,11.550143296579668,0.08976110816001892,-0.007144322006524816,A段 主题
Live (Anon),17.438185941043084,11.915051669960617,0.034503400325775146,-0.0014898923140549414,A段 主题
Live (Anon),17.670385487528346,12.073707484474076,0.03666689246892929,0.00037780581436663846,A段 主题
Live (Anon),18.088344671201813,12.359287950598297,0.4147973358631134,-0.07848443437978858,A段 主题
Live (Anon),18.483083900226756,12.629002835271173,0.034378159791231155,0.06232017166212244,A段 主题
Live (Anon),18.808163265306124,12.851120975590014,0.04856148362159729,-0.017975868388475646,A段 主题
Live (Anon),19.17968253968254,13.104970278811544,0.21686993539333344,-0.03204245335837186,A段 主题
Live (Anon),19.458321995464853,13.295357256227692,0.04989737272262573,0.10025335781165268,A段 主题
Live (Anon),19.783401360544218,13.517475396546534,0.046529628336429596,0.07482293902967285,A段 主题
Live (Anon),20.24780045351474,13.834787025573446,0.24594220519065857,-0.015133442684600594,A段 主题
Live (Anon),20.48,13.993442840086903,0.14421147108078003,-0.07662494033411349,A段 主题
Live (Anon),20.712199546485262,14.152098654600362,0.5951423048973083,-0.056235331544485234,A段 主题
Live (Anon),20.96761904761905,14.326620050565165,0.1896718144416809,-0.09605371665202256,A段 主题
Live (Anon),21.176598639455783,14.469410283627274,0.3882128894329071,0.08133082917538557,A段 主题
Live (Anon),21.524897959183672,14.70739400539746,0.3418514132499695,-0.04575882119297603,A段 主题
Live (Anon),21.873197278911565,14.945377727167646,0.36323338747024536,-0.10135676220670574,A段 主题
Live (Anon),22.128616780045352,15.119899123132448,0.3783208429813385,0.10191917044721774,A段 主题
Live (Anon),22.47691609977324,15.357882844902631,0.33269354701042175,0.07407222346955676,A段 主题
Live (Anon),22.732335600907028,15.532404240867434,0.24133142828941345,-0.026114857791981205,A段 主题
Live (Anon),22.987755102040815,15.706925636832237,0.19921500980854034,-0.21812700806549398,A段 主题
Live (Anon),23.2431746031746,15.88144703279704,0.20991463959217072,-0.17694976686470906,A段 主题
Live (Anon),23.591473922902495,16.119430754567226,0.25241366028785706,0.08814248340058839,A段 主题
Live (Anon),23.939773242630384,16.35741447633741,0.2943217158317566,-0.09361640259157865,A段 主题
Live (Anon),24.171972789115646,16.51607029085087,0.22485990822315216,-0.101974690460338,A段 主题
Live (Anon),24.38095238095238,16.658860523912978,0.2070637047290802,-0.03215260239812778,A段 主题
Live (Anon),24.752471655328797,16.91270982713451,0.27604275941848755,-0.29774346130579943,A段 主题
Live (Anon),25.240090702947846,17.24588703761277,0.3339533805847168,-0.09199612504744435,A段 主题
Live (Anon),25.727709750566895,17.579064248091033,0.04755185917019844,0.004152200426688068,A段 主题
Live (Anon),26.02956916099773,17.785316806958523,0.043473534286022186,-0.006205122099345316,A段 主题
Live (Anon),26.772607709750567,18.293015413401587,0.07407750934362411,-0.011828082892861856,A段 主题
Live (Anon),27.16734693877551,18.562730298074463,0.05154242366552353,-0.001652427306453319,A段 主题
Live (Anon),27.445986394557824,18.753117275490613,0.08077952265739441,0.19571570176140088,A段 主题
Live (Anon),27.724625850340136,18.94350425290676,0.26398247480392456,-0.07738278163742507,A段 主题
Live (Anon),28.0497052154195,19.1656223932256,0.05624610185623169,-0.07086751793394795,A段 主题
Live (Anon),28.35156462585034,19.371874952093094,0.23025238513946533,-0.031108655593925505,A段 主题
Live (Anon),28.746303854875283,19.64158983676597,0.05782552808523178,0.008960270758961995,A段 主题
Live (Anon),29.071383219954647,19.86370797708481,0.14303627610206604,-0.012266089413515147,A段 主题
Live (Anon),29.58222222222222,20.212750769014416,0.07396600395441055,-0.001251483627129346,A段 主题
Live (Anon),29.95374149659864,20.466600072235945,0.06961929053068161,0.003859309509834929,A段 主题
Live (Anon),30.162721088435376,20.60939030529806,0.4488701820373535,0.4076721378055481,A段 主题
Live (Anon),30.464580498866212,20.81564286416555,0.0497397817671299,-0.09125349783971613,A段 主题
Live (Anon),30.859319727891158,21.08535774883843,0.04491570219397545,-0.027988344766072256,A段 主题
Live (Anon),31.230839002267572,21.339207052059958,0.10581663250923157,0.041595829611651425,A段 主题
Live (Anon),31.532698412698412,21.545459610927455,0.2739587128162384,0.0031562752155878115,A段 主题
Live (Anon),31.811337868480727,21.735846588343605,0.07614387571811676,-0.04503361883507749,A段 主题
Live (Anon),32.04353741496599,21.89450240285706,0.30544203519821167,-0.07581291883980157,A段 主题
Live (Anon),32.275736961451244,22.053158217370516,0.03682680428028107,-0.06294514114415506,A段 主题
Live (Anon),32.62403628117914,22.2911419391407,0.12156235426664352,-0.056200355311375454,A段 主题
Live (Anon),32.8562358276644,22.44979775365416,0.05467167869210243,-0.006637371348006127,A段 主题
Live (Anon),33.41351473922902,22.830571708486453,0.27299484610557556,-0.08007389506019534,A段 主题
Live (Anon),33.69215419501134,23.020958685902606,0.40388596057891846,-0.09317758649558526,A段 主题
Live (Anon),33.924353741496596,23.179614500416058,0.06739306449890137,-0.05727557354475721,A段 主题
Live (Anon),34.17977324263038,23.35413589638086,0.2460336834192276,-0.19498392921377672,A段 主题
Live (Anon),34.38875283446712,23.496926129442976,0.07284021377563477,-0.1104091581510147,A段 主题
Live (Anon),34.644172335600906,23.67144752540778,0.045071061700582504,-0.009534896162222141,A段 主题
Live (Anon),34.87637188208617,23.830103339921234,0.26857662200927734,-0.1950788932845171,A段 主题
Live (Anon),35.294331065759636,24.115683806045457,0.04465983808040619,-0.043692099734471405,A段 主题
Live (Anon),35.57297052154195,24.306070783461603,0.39213883876800537,0.14604299276470553,A段 主题
Live (Anon),35.87482993197279,24.5123233423291,0.2652723789215088,-0.1124579075622023,A段 主题
Live (Anon),36.1534693877551,24.702710319745247,0.18549416959285736,-0.017466045301262056,A段 主题
Live (Anon),36.385668934240364,24.861366134258706,0.27386435866355896,-0.19243941696913677,A段 主题
Live (Anon),36.617868480725626,25.020021948772165,0.23483715951442719,-0.27304207669658354,A段 主题
Live (Anon),36.94294784580499,25.242140089091,0.3064422607421875,-0.13740089943894415,A段 主题
Live (Anon),37.73242630385487,25.781569858436754,0.170759916305542,-0.05912160968364333,A段 主题
Live (Anon),38.01106575963719,25.971956835852904,0.17138372361660004,-0.06663006452072295,A段 主题
Live (Anon),38.2897052154195,26.162343813269054,0.06749268621206284,-0.014335848391056064,A段 主题
Live (Anon),38.54512471655329,26.336865209233856,0.13743183016777039,-0.10137841327377826,A段 主题
Live (Anon),38.8237641723356,26.527252186650003,0.0794299840927124,-0.0981776307526161,A段 主题
Live (Anon),39.12562358276644,26.733504745517493,0.17636151611804962,0.016601488550804785,A段 主题
Live (Anon),39.334603174603174,26.876294978579608,0.3002496659755707,0.14015493197803153,A段 主题
Live (Anon),39.59002267573696,27.05081637454441,0.093598373234272,-0.09862680444712169,A段 主题
Live (Anon),39.7990022675737,27.193606607606522,0.282810777425766,-0.18272722691108353,A段 主题
Live (Anon),40.07764172335601,27.383993585022672,0.32501623034477234,-0.1957896445674123,A段 主题
Live (Anon),40.333061224489796,27.558514980987475,0.10895540565252304,-0.1873987072485761,A段 主题
Live (Anon),40.56526077097506,27.71717079550093,0.11052027344703674,0.06860843268441386,A段 主题
Live (Anon),40.89034013605442,27.939288935819768,0.03609568253159523,-0.024286411235152627,A段 主题
Live (Anon),41.09931972789116,28.08207916888188,0.26443085074424744,0.25074596214835765,A段 主题
Live (Anon),41.308299319727894,28.224869401943995,0.20401056110858917,0.24183481573345486,A段 主题
Live (Anon),41.749478458049886,28.52631544951956,0.18497920036315918,-0.30986028350525885,A段 主题
Live (Anon),42.00489795918367,28.700836845484364,0.2758859395980835,-0.22264332401391584,A段 主题
Live (Anon),42.237097505668935,28.85949265999782,0.07744674384593964,-0.15025895077087625,A段 主题
Live (Anon),42.53895691609977,29.065745218865313,0.11314728111028671,-0.08575265710533131,A段 主题
Live (Anon),42.79437641723356,29.240266614830116,0.037927281111478806,-0.04496411902437102,A段 主题
Live (Anon),43.003356009070295,29.383056847892227,0.21489325165748596,0.13207198280724697,A段 主题
Live (Anon),43.21233560090703,29.525847080954343,0.16511206328868866,0.12020396834486743,A段 主题
Live (Anon),43.44453514739229,29.684502895467794,0.1358724683523178,-0.07340567390201613,A段 主题
Live (Anon),43.90893424036281,30.00181452449471,0.38578206300735474,-0.15525179551332258,A段 主题
Live (Anon),44.1643537414966,30.17633592045951,0.19166044890880585,-0.33360289025949896,A段 主题
Live (Anon),44.39655328798186,30.33499173497297,0.21156901121139526,-0.09253842927137156,A段 主题
Live (Anon),44.62875283446712,30.49364754948643,0.1296684741973877,-0.179090940127935,A段 主题
Live (Anon),45.04671201814059,30.77922801561065,0.14393250644207,-0.10516968395677394,A段 主题
Live (Anon),45.51111111111111,31.096539644637563,0.04115895926952362,0.12626578940171382,A段 主题
Live (Anon),45.836190476190474,31.3186577849564,0.045033376663923264,-0.014270523706727545,A段 主题
Live (Anon),46.04517006802721,31.461448018018515,0.35790693759918213,-0.005959926056675612,A段 主题
Live (Anon),46.27736961451247,31.62010383253197,0.11646474152803421,-0.09576150555403729,A段 主题
Live (Anon),46.556009070294785,31.81049080994812,0.13498300313949585,0.014469388452198475,A段 主题
Live (Anon),46.78820861678005,31.969146624461576,0.19940240681171417,-0.1076329378520313,A段 主题
Live (Anon),47.159727891156464,32.22299592768311,0.05058783292770386,0.029029998449914274,A段 主题
Live (Anon),47.41514739229025,32.39751732364791,0.3040832579135895,0.3637089950643712,A段 主题
Live (Anon),47.69378684807256,32.58790430106406,0.18364354968070984,-0.14269927423811168,A段 主题
Live (Anon),48.088526077097505,32.85761918573694,0.056996382772922516,0.07387703822132606,A段 主题
Live (Anon),48.41360544217687,33.07973732605578,0.09802799671888351,-0.05498067121152416,A段 主题
Live (Anon),48.64580498866213,33.23839314056923,0.0795227512717247,0.07306850857276004,A段 主题
Live (Anon),48.99410430839002,33.476376862339414,0.039114031940698624,-0.04002609000508528,A段 主题
Live (Anon),49.24952380952381,33.65089825830422,0.17877869307994843,0.21088442913423933,A段 主题
Live (Anon),49.5978231292517,33.88888198007441,0.14738692343235016,-0.08665843415656127,A段 主题
Live (Anon),49.89968253968254,34.0951345389419,0.10360796004533768,-0.2339794290946884,A段 主题
Live (Anon),50.155102040816324,34.2696559349067,0.24741131067276,0.01268549885935499,A段 主题
Live (Anon),50.41052154195011,34.444177330871504,0.11252003908157349,-0.08794643963483395,A段 主题
Live (Anon),50.61950113378685,34.58696756393362,0.07362862676382065,0.06063824630473391,A段 主题
Live (Anon),51.22321995464853,34.99947268166861,0.2528589069843292,-0.09289058953072525,A段 主题
Live (Anon),51.45541950113379,35.158128496182066,0.2329481840133667,-0.19743306675081837,A段 主题
Live (Anon),51.687619047619044,35.31678431069552,0.15840642154216766,-0.12936525181430622,A段 主题
Live (Anon),52.15201814058957,35.63409593972243,0.3346845209598541,-0.029065763010294177,A段 主题
Live (Anon),52.38421768707483,35.79275175423589,0.18130289018154144,-0.18651864847925023,A段 主题
Live (Anon),52.61641723356009,35.951407568749346,0.32728177309036255,-0.18645342024683487,A段 主题
Live (Anon),52.87183673469388,36.12592896471415,0.16588903963565826,-0.0876213794981595,A段 主题
Live (Anon),53.2433560090703,36.379778267935684,0.2826715111732483,-0.10444261797601939,A段 主题
Live (Anon),53.52199546485261,36.57016524535183,0.052598193287849426,-0.08026829627851838,A段 主题
Live (Anon),53.98639455782313,36.88747687437874,0.2742466330528259,-0.03673374262689322,A段 主题
Live (Anon),54.24181405895692,37.061998270343544,0.35133716464042664,-0.08016241690711468,A段 主题
Live (Anon),54.474013605442174,37.220654084857,0.056568779051303864,-0.08455631150354748,A段 主题
Live (Anon),54.75265306122449,37.41104106227315,0.15635068714618683,-0.0985846807452617,A段 主题
Live (Anon),54.98485260770975,37.5696968767866,0.07794542610645294,-0.053237074644130196,A段 主题
Live (Anon),55.263492063492066,37.760083854202755,0.21447588503360748,0.0023416748263116443,A段 主题
Live (Anon),55.51891156462585,37.93460525016756,0.04828547686338425,-0.06191434044922062,A段 主题
Live (Anon),55.797551020408164,38.124992227583704,0.15586769580841064,0.04384623562145861,A段 主题
Live (Anon),56.029750566893426,38.28364804209716,0.3594653904438019,-0.330645783469663,A段 主题
Live (Anon),56.28517006802721,38.458169438061965,0.30602964758872986,-0.7154790386266541,A段 主题
Live (Anon),56.517369614512475,38.616825252575424,0.18851548433303833,-0.03477516047496464,A段 主题
Live (Anon),56.79600907029479,38.80721222999157,0.11846676468849182,-0.2991827320329321,A段 主题
Live (Anon),57.00498866213152,38.95000246305368,0.05432913452386856,-0.07069338880683061,A段 主题
Live (Anon),57.30684807256236,39.156255021921176,0.042722176760435104,0.32219834538409486,A段 主题
Live (Anon),57.79446712018141,39.48943223239944,0.054210685193538666,-0.028774139218512573,A段 主题
Live (Anon),58.026666666666664,39.64808804691289,0.07986631989479065,0.05702125276911829,A段 主题
Live (Anon),58.2356462585034,39.790878279975004,0.22708958387374878,-0.11103084707428933,A段 主题
Live (Anon),58.51428571428571,39.98126525739115,0.13399173319339752,-0.14588790190828146,A段 主题
Live (Anon),58.909024943310655,40.25098014206403,0.04184877499938011,0.2199720176122355,A段 主题
Live (Anon),59.48952380952381,40.647619678347674,0.13844050467014313,-0.019971363690274302,A段 主题
Live (Anon),60.02358276643991,41.01252805172862,0.26641425490379333,-0.08019661245270981,A段 主题
Live (Anon),60.25578231292517,41.17118386624208,0.043965667486190796,0.09974393187235363,A段 主题
Live (Anon),60.46476190476191,41.31397409930419,0.3637835383415222,-0.013811767848892487,A段 主题
Live (Anon),60.69696145124716,41.47262991381765,0.04991252347826958,-0.08822660809073567,A段 主题
Live (Anon),60.929160997732424,41.6312857283311,0.03578618913888931,0.032062177774605516,A段 主题
Live (Anon),61.30068027210884,41.885135031552636,0.04438219591975212,0.18763226937608124,A段 主题
Live (Anon),61.532879818594104,42.043790846066095,0.03495582565665245,0.16730089032535034,A段 主题
Live (Anon),61.90439909297052,42.29764014928762,0.34034356474876404,-0.06508554183710658,A段 主题
Live (Anon),62.18303854875283,42.48802712670377,0.07991769164800644,-0.041634245167188055,A段 主题
Live (Anon),62.5081179138322,42.71014526702261,0.3974437415599823,0.025373291555297325,A段 主题
Live (Anon),62.83319727891156,42.93226340734145,0.16154925525188446,-0.020855012189713303,A段 主题
Live (Anon),63.15827664399093,43.15438154766029,0.125265434384346,0.09721548758534482,A段 主题
Live (Anon),63.669115646258504,43.5034243395899,0.5415767431259155,-0.1861065247339866,A段 主题
Live (Anon),63.97097505668934,43.70967689845739,0.33601614832878113,0.20281505294406085,A段 主题
Live (Anon),64.34249433106577,43.963526201678924,0.16620199382305145,-0.2100290525049786,A段 主题
Live (Anon),64.55147392290249,44.10631643474103,0.05038650333881378,0.08302812452711805,A段 主题
Live (Anon),64.99265306122449,44.4077624823166,0.425301730632782,-0.17030426633937168,A段 主题
Live (Anon),65.22485260770975,44.56641829683006,0.15813788771629333,0.08459974351353594,A段 主题
Live (Anon),65.43383219954649,44.70920852989217,0.29241472482681274,-0.188679532311653,A段 主题
Live (Anon),65.73569160997732,44.91546108875966,0.17942754924297333,-0.22699431947330595,A段 主题
Live (Anon),65.99111111111111,45.089982484724466,0.11966274678707123,-0.09251345491065877,A段 主题
Live (Anon),66.22331065759637,45.248638299237925,0.21389062702655792,-0.11853403334498581,A段 主题
Live (Anon),66.45551020408163,45.407294113751384,0.1290934830904007,-0.056728925164861714,A段 主题
Live (Anon),66.96634920634921,45.75633690568099,0.26145514845848083,-0.016367701527997266,A段 主题
Live (Anon),67.29142857142857,45.97845504599982,0.20320871472358704,-0.004051348491884709,A段 主题
Live (Anon),67.52362811791383,46.13711086051328,0.15331582725048065,0.056795823638822185,A段 主题
Live (Anon),67.80226757369614,46.32749783792943,0.19657963514328003,-0.03913984064638498,A段 主题
Live (Anon),68.0344671201814,46.48615365244289,0.2336639165878296,-0.18633497920745865,A段 主题
Live (Anon),68.28988662131519,46.66067504840769,0.2908440828323364,-0.24290678993565962,A段 主题
Live (Anon),68.52208616780045,46.81933086292115,0.11236867308616638,-0.14804200354774366,A段 主题
Live (Anon),69.1025850340136,47.215970399204785,0.25797563791275024,0.09029774437294691,A段 主题
Live (Anon),69.4508843537415,47.45395412097498,0.34112948179244995,-0.08406471329180931,A段 主题
Live (Anon),69.68308390022676,47.612609935488436,0.3408500552177429,-0.08534267869890755,A段 主题
Live (Anon),69.93850340136055,47.78713133145324,0.49544450640678406,0.006387328357959629,A段 主题
Live (Anon),70.21714285714286,47.977518308869385,0.4312535226345062,-0.1958377062692307,A段 主题
Live (Anon),70.47256235827665,48.15203970483419,0.27913743257522583,-0.1257418618934025,A段 主题
Live (Anon),70.72798185941043,48.32656110079899,0.36906278133392334,-0.3174451693212177,A段 主题
Live (Anon),70.9601814058957,48.48521691531245,0.21415136754512787,-0.036614321788874804,A段 主题
Live (Anon),71.23882086167801,48.675603892728596,0.2945215404033661,-0.19314235087222184,A段 主题
Live (Anon),71.47102040816327,48.834259707242055,0.1926383376121521,-0.09084551388696126,A段 主题
Live (Anon),71.72643990929706,49.00878110320686,0.18322470784187317,0.07588998964820348,A段 主题
Live (Anon),71.9354195011338,49.15157133626897,0.38458698987960815,-0.027893616334040413,A段 主题
Live (Anon),72.19083900226758,49.326092732233775,0.041511282324790955,0.14484651824204775,A段 主题
Live (Anon),72.63201814058957,49.627538779809335,0.1374754011631012,-0.039336894769803614,A段 主题
Live (Anon),72.86421768707483,49.786194594322794,0.1028011292219162,-0.018412392319078204,A段 主题
Live (Anon),73.18929705215419,50.00831273464163,0.03932845965027809,-0.009835684079462228,A段 主题
Live (Anon),73.42149659863945,50.16696854915509,0.6726334691047668,-0.09660477699071633,A段 主题
Live (Anon),73.8162358276644,50.436683433827966,0.3325674831867218,-0.08736527865949027,A段 主题
Live (Anon),74.09487528344671,50.62707041124411,0.03715754672884941,0.40784622419778316,A段 主题
Live (Anon),74.4431746031746,50.8650541330143,0.14478932321071625,-0.0749855466892768,A段 主题
Live (Anon),74.67537414965986,51.023709947527756,0.1440538763999939,-0.04336262477409036,A段 主题
Live (Anon),74.90757369614512,51.18236576204121,0.3483564257621765,-0.035884256249119055,A段 主题
Live (Anon),75.20943310657596,51.388618320908705,0.1699882298707962,0.2946240536402911,A段 主题
Live (Anon),75.65061224489796,51.69006436848427,0.20563597977161407,-0.1858458935203089,A段 主题
Live (Anon),75.88281179138322,51.84872018299773,0.3233979046344757,-0.12206814699311506,A段 主题
Live (Anon),76.16145124716553,52.03910716041388,0.09142201393842697,-0.08096157162071904,A段 主题
Live (Anon),76.44009070294784,52.229494137830024,0.14456957578659058,-0.052114332356723025,A段 主题
Live (Anon),76.71873015873015,52.41988111524618,0.17789196968078613,-0.04095651815987367,A段 主题
Live (Anon),77.020589569161,52.626133674113674,0.1831004023551941,-0.06127938700046798,A段 主题
Live (Anon),77.36888888888889,52.86411739588386,0.18440301716327667,-0.03297542793916364,A段 主题
Live (Anon),77.83328798185941,53.18142902491077,0.2983168959617615,-0.029831526262569238,A段 主题
Live (Anon),78.06548752834468,53.34008483942423,0.12798763811588287,0.07647726529285137,A段 主题
Live (Anon),78.41378684807256,53.578068561194414,0.15010899305343628,-0.050789745819201926,A段 主题
Live (Anon),78.69242630385487,53.76845553861056,0.1920992136001587,0.05113857228025153,A段 主题
Live (Anon),78.97106575963718,53.95884251602671,0.10077516734600067,0.35025057068196475,A段 主题
Live (Anon),79.20326530612245,54.117498330540165,0.11672450602054596,-0.24045380387178736,A段 主题
Live (Anon),79.43546485260771,54.276154145053624,0.08957657217979431,0.02557302818786411,A段 主题
Live (Anon),79.6908843537415,54.45067554101843,0.07877916097640991,-0.08093126853054854,A段 主题
Live (Anon),79.92308390022676,54.609331355531886,0.08032013475894928,0.09336462489955011,A段 主题
Live (Anon),80.27138321995464,54.84731507730206,0.4127380847930908,-0.13205586292315272,A段 主题
Live (Anon),80.55002267573695,55.03770205471821,0.180432990193367,-0.09583642959114513,A段 主题
Live (Anon),80.78222222222222,55.19635786923167,0.1699785441160202,-0.12876313594460953,A段 主题
Live (Anon),81.06086167800453,55.386744846647815,0.21163570880889893,-0.05564553334806987,A段 主题
Live (Anon),81.31628117913833,55.56126624261263,0.2508913576602936,0.03157467399432789,A段 主题
Live (Anon),81.57170068027212,55.735787638577435,0.10821874439716339,-0.08969101027105353,A段 主题
Live (Anon),81.78068027210884,55.878577871639536,0.0972648411989212,0.1001620534225367,A段 主题
Live (Anon),82.0128798185941,56.037233686152994,0.14850357174873352,-0.06006801877447287,A段 主题
Live (Anon),82.29151927437641,56.22762066356914,0.23874875903129578,-0.0861970769619802,A段 主题
Live (Anon),82.5469387755102,56.40214205953394,0.24538284540176392,-0.18317928461328847,A段 主题
Live (Anon),82.77913832199546,56.5607978740474,0.18245664238929749,-0.19486789183247308,A段 主题
Live (Anon),83.03455782312925,56.735319270012205,0.25998520851135254,-0.06877906089357566,A段 主题
Live (Anon),83.28997732426303,56.90984066597701,0.2013830840587616,0.03414511556911748,A段 主题
Live (Anon),83.5221768707483,57.06849648049047,0.07466967403888702,-0.1540218139780336,A段 主题
Live (Anon),83.73115646258503,57.211286713552575,0.10219214856624603,0.14012454962539778,A段 主题
Live (Anon),83.98657596371882,57.38580810951738,0.13278226554393768,-0.07641159299964782,A段 主题
Live (Anon),84.38131519274377,57.655522994190264,0.26245754957199097,0.007886758339736843,A段 主题
Live (Anon),84.6831746031746,57.861775553057754,0.11048425734043121,-0.024933818440331375,A段 主题
Live (Anon),84.96181405895692,58.0521625304739,0.11349314451217651,0.0037542044992733277,A段 主题
Live (Anon),85.17079365079366,58.194952763536016,0.10601315647363663,-0.15833217739782413,A段 主题
Live (Anon),85.40299319727892,58.353608578049474,0.33609190583229065,0.17556770453666104,A段 主题
Live (Anon),85.70485260770975,58.559861136916965,0.20075854659080505,-0.07825451020835315,A段 主题
Live (Anon),85.98349206349206,58.75024811433311,0.207681804895401,-0.14855318149784577,A段 主题
Live (Anon),86.26213151927438,58.94063509174926,0.14962264895439148,-0.12914448102492312,A段 主题
Live (Anon),86.61043083900226,59.17861881351944,0.28037023544311523,-0.042906429189315524,A段 主题
Live (Anon),86.93551020408164,59.40073695383829,0.36771509051322937,0.08069323093877756,A段 主题
Live (Anon),87.19092970521542,59.57525834980309,0.21464894711971283,0.019799967685685257,A段 主题
Live (Anon),87.49278911564626,59.78151090867058,0.2439204901456833,0.01216314012708608,A段 主题
Live (Anon),87.7946485260771,59.98776346753807,0.25691908597946167,-0.13139290022081695,A段 主题
Live (Anon),88.11972789115646,60.209881607856914,0.09667617827653885,-0.06625716232520062,A段 主题
Live (Anon),88.39836734693877,60.40026858527306,0.0794445350766182,0.06091326890782511,A段 主题
Live (Anon),88.6770068027211,60.590655562689214,0.2971395254135132,0.23217981497509754,A段 主题
Live (Anon),88.93242630385488,60.76517695865402,0.3628003001213074,-0.01453594504710054,A段 主题
Live (Anon),89.2110657596372,60.95556393607016,0.12651494145393372,-0.30926780327718006,B段 抒情
Live (Anon),89.4897052154195,61.14595091348631,0.1492014080286026,-0.09421193776688595,B段 抒情
Live (Anon),89.74512471655329,61.32047230945111,0.3827723264694214,0.0007402502887998723,B段 抒情
Live (Anon),90.04698412698413,61.52672486831861,0.24157077074050903,-0.21910502855462252,B段 抒情
Live (Anon),90.27918367346939,61.68538068283207,0.11304090172052383,-0.08247739842772717,B段 抒情
Live (Anon),90.53460317460318,61.85990207879687,0.12412859499454498,-0.10191830524490797,B段 抒情
Live (Anon),90.83646258503401,62.06615463766436,0.10964744538068771,-0.06487975833806557,B段 抒情
Live (Anon),91.06866213151928,62.22481045217782,0.39364391565322876,-0.155343537517183,B段 抒情
Live (Anon),91.30086167800454,62.38346626669128,0.06009678542613983,-0.060946556277485776,B段 抒情
Live (Anon),91.60272108843537,62.58971882555877,0.21136623620986938,-0.1060367121681338,B段 抒情
Live (Anon),91.85814058956916,62.76424022152357,0.21740365028381348,-0.027818278795166403,B段 抒情
Live (Anon),92.13678004535147,62.95462719893972,0.3045579791069031,-0.23723959257040406,B段 抒情
Live (Anon),92.39219954648526,63.12914859490452,0.17968420684337616,-0.14266914590734814,B段 抒情
Live (Anon),92.76371882086168,63.38299789812606,0.37673884630203247,-0.13879916186851912,B段 抒情
Live (Anon),93.11201814058957,63.62098161989624,0.043714385479688644,-0.0705928076058626,B段 抒情
Live (Anon),93.71573696145124,64.03348673763122,0.26970672607421875,-0.11920768597519782,B段 抒情
Live (Anon),94.13369614512472,64.31906720375545,0.3012755215167999,-0.005769047720605158,B段 抒情
Live (Anon),94.36589569160998,64.4777230182689,0.2089192271232605,0.011341805293341166,B段 抒情
Live (Anon),94.57487528344672,64.62051325133102,0.06249847263097763,0.09797295597309127,B段 抒情
Live (Anon),94.8302947845805,64.79503464729582,0.12321759760379791,0.07787481245031812,B段 抒情
Live (Anon),95.06249433106576,64.95369046180927,0.2065751701593399,-0.11850727605633438,B段 抒情
Live (Anon),95.34113378684808,65.14407743922543,0.0953979566693306,-0.03243016999476822,B段 抒情
Live (Anon),95.66621315192744,65.36619557954427,0.07936955988407135,-0.04309894911784795,B段 抒情
Live (Anon),95.94485260770975,65.55658255696041,0.09737630188465118,-0.01402026632604247,B段 抒情
Live (Anon),96.24671201814058,65.7628351158279,0.046003781259059906,-0.021266253543217317,B段 抒情
Live (Anon),97.12907029478458,66.36572721097905,0.29743579030036926,-0.0239499497183715,B段 抒情
Live (Anon),97.4077097505669,66.5561141883952,0.16038206219673157,-0.038340336413966725,B段 抒情
Live (Anon),97.66312925170068,66.73063558436,0.10774574428796768,-0.04870421289524529,B段 抒情
Live (Anon),98.05786848072562,67.00035046903287,0.09013833105564117,-0.04807435611837718,B段 抒情
Live (Anon),98.45260770975057,67.27006535370575,0.11958324164152145,-0.021281696353980806,B段 抒情
Live (Anon),99.05632653061224,67.68257047144073,0.11766280978918076,-0.02140487786164158,B段 抒情
Live (Anon),99.68326530612245,68.11094117062707,0.22135286033153534,0.02012350178119959,B段 抒情
Live (Anon),100.00834467120181,68.33305931094591,0.12412727624177933,-0.0047274596909119265,B段 抒情
Live (Anon),100.63528344671202,68.76143001013224,0.18883958458900452,-0.13707871567021357,B段 抒情
Live (Anon),100.93714285714286,68.96768256899973,0.26606863737106323,-0.15744922602607403,B段 抒情
Live (Anon),101.21578231292517,69.15806954641589,0.049749743193387985,-0.04952905628670124,B段 抒情
Live (Anon),101.49442176870748,69.34845652383204,0.049660466611385345,-0.015561089458060446,B段 抒情
Live (Anon),101.72662131519274,69.5071123383455,0.22565345466136932,-0.08643880073577746,B段 抒情
Live (Anon),102.4,69.96721420043453,0.5898371338844299,0.0494373658511904,B段 抒情
Live (Anon),102.81795918367347,70.25279466655874,0.23128493130207062,-0.06654635380982654,B段 抒情
Live (Anon),103.1198185941043,70.45904722542623,0.2907562553882599,-0.031406032121594755,B段 抒情
Live (Anon),103.37523809523809,70.63356862139103,0.276592880487442,-0.1728247601477051,B段 抒情
Live (Anon),103.79319727891156,70.91914908751525,0.20916348695755005,-0.05536126473089097,B段 抒情
Live (Anon),104.46657596371882,71.37925094960428,0.04677850380539894,-0.005765212324604363,B段 抒情
Live (Anon),104.72199546485261,71.55377234556909,0.06824248284101486,-0.0055987000337154305,B段 抒情
Live (Anon),105.0702947845805,71.79175606733926,0.5714915990829468,-0.05937701243965421,B段 抒情
Live (Anon),105.37215419501133,71.99800862620677,0.03506430983543396,-0.04213580036775966,B段 抒情
Live (Anon),105.74367346938776,72.2518579294283,0.14104986190795898,0.06645328535341832,B段 抒情
Live (Anon),106.06875283446712,72.47397606974714,0.17800745368003845,0.18845679142032168,B段 抒情
Live (Anon),106.34739229024943,72.66436304716328,0.11781472712755203,0.1538307627924951,B段 抒情
Live (Anon),106.83501133786848,72.99754025764155,0.15877780318260193,0.19827795877063178,B段 抒情
Live (Anon),107.09043083900227,73.17206165360635,0.05631577596068382,-0.1862762466771528,B段 抒情
Live (Anon),107.55482993197279,73.48937328263327,0.09087760746479034,0.061707252461928874,B段 抒情
Live (Anon),107.90312925170068,73.72735700440344,0.05437644198536873,0.040078432357404374,B段 抒情
Live (Anon),108.39074829931972,74.0605342148817,0.03888799622654915,0.7273825101492548,B段 抒情
Live (Anon),108.94802721088435,74.441308169714,0.3402298092842102,-0.20699793749372475,B段 抒情
Live (Anon),109.20344671201813,74.61582956567881,0.2962706983089447,-0.12914125800307372,B段 抒情
Live (Anon),109.50530612244899,74.8220821245463,0.11804896593093872,-0.04930524391966173,B段 抒情
Live (Anon),109.76072562358277,74.9966035205111,0.1827494502067566,-0.13931371468061113,B段 抒情
Live (Anon),110.20190476190476,75.29804956808667,0.04832405224442482,-0.03928729747713077,B段 抒情
Live (Anon),110.50376417233561,75.50430212695417,0.053396452218294144,-0.031003203571344784,B段 抒情
Live (Anon),110.71274376417233,75.64709236001627,0.06699009984731674,-0.015424842536049253,B段 抒情
Live (Anon),110.94494331065759,75.80574817452973,0.038381729274988174,0.3417824302914596,B段 抒情
Live (Anon),111.29324263038549,76.04373189629992,0.03835144639015198,-0.03655883137980709,B段 抒情
Live (Anon),111.59510204081633,76.24998445516741,0.12535570561885834,0.018523467679187885,B段 抒情
Live (Anon),111.85052154195012,76.42450585113221,0.20713263750076294,0.035574368666857474,B段 抒情
Live (Anon),112.08272108843538,76.58316166564568,0.12308887392282486,0.13351599018278648,B段 抒情
Live (Anon),112.38458049886621,76.78941422451317,0.05651569738984108,-0.22457351969933373,B段 抒情
Live (Anon),112.68643990929705,76.99566678338066,0.04349697008728981,0.4139557624512236,华彩
Live (Anon),113.01151927437641,77.2177849236995,0.058298494666814804,-0.09785044676391405,华彩
Live (Anon),113.35981859410431,77.45576864546969,0.10016624629497528,-0.051050038018729545,华彩
Live (Anon),113.59201814058957,77.61442445998314,0.1357060819864273,0.16295205023197923,华彩
Live (Anon),113.84743764172336,77.78894585594794,0.08713893592357635,-0.18163044642278686,华彩
Live (Anon),114.21895691609977,78.04279515916947,0.1674467921257019,-0.13889374968130141,华彩
Live (Anon),114.72979591836734,78.39183795109908,0.3658304214477539,-0.436858729517553,华彩
Live (Anon),114.98521541950113,78.56635934706388,0.23413048684597015,-0.061808823966202915,华彩
Live (Anon),115.31029478458049,78.78847748738272,0.09557432681322098,0.012670281421378604,华彩
Live (Anon),115.63537414965987,79.01059562770156,0.19339582324028015,-0.00017701122487778778,华彩
Live (Anon),115.89079365079365,79.18511702366636,0.12913702428340912,0.11835539007734042,华彩
Live (Anon),116.21587301587302,79.4072351639852,0.25149470567703247,0.20875726622762159,华彩
Live (Anon),116.61061224489796,79.67695004865809,0.30732080340385437,0.14468942672465346,华彩
Live (Anon),116.9124716553288,79.88320260752558,0.10154163837432861,-0.024167850824596823,华彩
Live (Anon),117.16789115646259,80.05772400349038,0.20869798958301544,-0.1715707105176989,华彩
Live (Anon),117.51619047619047,80.29570772526056,0.1608966588973999,0.01569179039506706,华彩
Live (Anon),117.86448979591837,80.53369144703075,0.10122571140527725,-0.3548488822161744,华彩
Live (Anon),118.18956916099773,80.75580958734959,0.04756501689553261,0.2187652122302097,华彩
Live (Anon),118.5146485260771,80.97792772766843,0.04721047356724739,-0.2522589364616578,华彩
Live (Anon),118.74684807256236,81.13658354218188,0.06052113696932793,-0.0032377608476963356,华彩
Live (Anon),119.00226757369614,81.31110493814668,0.2359328716993332,0.1721230151815689,华彩
Live (Anon),119.35056689342403,81.54908865991688,0.11487691104412079,-0.05072199455753436,华彩
Live (Anon),119.7685260770975,81.83466912604109,0.13828982412815094,-0.024049654257396465,华彩
Live (Anon),120.07038548752834,82.04092168490858,0.09185890853404999,0.25079327324419864,华彩
Live (Anon),120.27936507936508,82.1837119179707,0.37897685170173645,-0.31258183371392073,华彩
Live (Anon),120.48834467120182,82.32650215103281,0.0468444786965847,-0.23818923327780792,华彩
Live (Anon),120.79020408163265,82.5327547099003,0.19700691103935242,-0.35473168645694375,华彩
Live (Anon),121.13850340136054,82.7707384316705,0.20703130960464478,-0.2615316772789811,华彩
Live (Anon),121.39392290249432,82.9452598276353,0.4070388078689575,-0.5443869549708324,华彩
Live (Anon),121.69578231292518,83.15151238650279,0.069743812084198,-0.13310499234648887,华彩
Live (Anon),121.95120181405896,83.32603378246759,0.2850974500179291,-0.3673846762467292,华彩
Live (Anon),122.22984126984127,83.51642075988374,0.05797870457172394,-0.14237603809306165,华彩
Live (Anon),122.50848072562358,83.7068077372999,0.3765529990196228,-0.04124218485230813,华彩
Live (Anon),122.76390022675737,83.8813291332647,0.058369532227516174,-0.09059923395398072,华彩
Live (Anon),122.97287981859411,84.0241193663268,0.05792604386806488,0.34160966915806057,华彩
Live (Anon),123.34439909297052,84.27796866954833,0.3504868149757385,-0.17022509746311698,华彩
Live (Anon),123.66947845804988,84.50008680986717,0.29588064551353455,-0.5306460792780854,华彩
Live (Anon),123.87845804988662,84.64287704292929,0.05783887207508087,0.021753558212367352,华彩
Live (Anon),124.08743764172335,84.7856672759914,0.09743320941925049,-0.0178269683601684,华彩
Live (Anon),124.34285714285714,84.9601886719562,0.40392738580703735,-0.4928938264129101,华彩
Live (Anon),124.69115646258503,85.19817239372638,0.050033021718263626,-0.026699795671447642,华彩
Live (Anon),124.90013605442176,85.3409626267885,0.05028821527957916,0.04278679252820439,华彩
Live (Anon),125.13233560090703,85.49961844130195,0.7007476091384888,-0.4411474055814324,华彩
Live (Anon),125.82893424036281,85.97558588484232,0.0933457762002945,0.07205603469628839,华彩
Live (Anon),126.10757369614512,86.16597286225847,0.16694681346416473,-0.029774869835819114,华彩
Live (Anon),126.40943310657596,86.37222542112596,0.35360777378082275,-0.25356440164614463,华彩
Live (Anon),126.68807256235827,86.56261239854211,0.2856689989566803,-0.13554286888393108,华彩
Live (Anon),126.98993197278912,86.76886495740962,0.3686189651489258,-0.4868596667620294,华彩
Live (Anon),127.26857142857143,86.95925193482576,0.171976238489151,-0.1874491668786504,华彩
Live (Anon),127.5936507936508,87.1813700751446,0.3601066768169403,-0.24553498424211287,华彩
Live (Anon),127.9651700680272,87.43521937836613,0.05349487066268921,0.0069845471443841225,华彩
Live (Anon),128.19736961451247,87.59387519287958,0.15280988812446594,0.03193947995896451,华彩
Live (Anon),128.4992290249433,87.80012775174707,0.17191575467586517,0.16397295457863947,华彩
Live (Anon),128.8475283446712,88.03811147351726,0.1321193426847458,0.1483248406657367,华彩
Live (Anon),129.10294784580498,88.21263286948206,0.18074892461299896,0.03757205777219497,华彩
Live (Anon),129.40480725623584,88.41888542834957,0.15470142662525177,-0.30313287334138295,华彩
Live (Anon),129.66022675736963,88.59340682431437,0.0798630565404892,-0.16441716434201226,华彩
Live (Anon),129.91564625850341,88.76792822027917,0.045001331716775894,0.5474863197377999,华彩
Live (Anon),130.21750566893425,88.97418077914666,0.0614040270447731,0.03252415044698864,华彩
Live (Anon),130.426485260771,89.11697101220878,0.28976720571517944,-0.1452613846595341,华彩
Live (Anon),130.6354648526077,89.25976124527088,0.08650361746549606,0.6642480950176831,华彩
Live (Anon),131.00698412698412,89.51361054849241,0.11150892078876495,-0.41835366218947456,华彩
Live (Anon),131.28562358276645,89.70399752590856,0.41721540689468384,-0.32533616104046814,华彩
Live (Anon),131.58748299319728,89.91025008477605,0.29605263471603394,-0.3531773247232195,华彩
Live (Anon),131.91256235827663,90.1323682250949,0.2312767207622528,-0.2655291984410723,华彩
Live (Anon),132.4001814058957,90.46554543557316,0.34738069772720337,-0.05591712379100499,华彩
Live (Anon),132.79492063492063,90.73526032024603,0.2524035573005676,-0.09514233870504539,华彩
Live (Anon),133.12,90.95737846056487,0.08814844489097595,0.02193471209466224,华彩
Live (Anon),133.32897959183674,91.10016869362698,0.14516037702560425,-0.22118196484370853,华彩
Live (Anon),133.60761904761904,91.29055567104312,0.4787871837615967,-0.21743932502431562,华彩
Live (Anon),133.88625850340136,91.48094264845928,0.28200313448905945,-0.3697376980198896,华彩
Live (Anon),134.2113378684807,91.7030607887781,0.43056753277778625,-0.3466665570158511,华彩
Live (Anon),134.69895691609977,92.03623799925639,0.3980424702167511,-0.1071931572369067,华彩
Live (Anon),135.0704761904762,92.29008730247791,0.2787269353866577,-0.2990286171552725,华彩
Live (Anon),135.32589569161,92.46460869844272,0.18374793231487274,0.12641452231036962,华彩
Live (Anon),135.58131519274377,92.63913009440752,0.08588013797998428,-0.32601205975879566,华彩
Live (Anon),135.83673469387756,92.81365149037232,0.49514293670654297,-0.24942950622062196,华彩
Live (Anon),136.1385941043084,93.01990404923981,0.24580705165863037,-0.3536608906870243,华彩
Live (Anon),136.4172335600907,93.21029102665595,0.4717589020729065,-0.29798469804518385,华彩
Live (Anon),136.69587301587302,93.4006780040721,0.14876613020896912,-0.2746058811680996,华彩
Live (Anon),137.0441723356009,93.6386617258423,0.3551883399486542,-0.5041578513555578,华彩
Live (Anon),137.2995918367347,93.8131831218071,0.04643815755844116,-0.06767221120753675,华彩
Live (Anon),137.55501133786848,93.9877045177719,0.14050453901290894,0.11424486547184642,华彩
Live (Anon),137.8336507936508,94.17809149518806,0.07499741017818451,-0.026436048392497465,华彩
Live (Anon),138.1122902494331,94.3684784726042,0.2366389036178589,-0.035410767122812103,华彩
Live (Anon),138.39092970521543,94.55886545002035,0.18278871476650238,-0.14784533905185523,华彩
Live (Anon),138.66956916099772,94.74925242743649,0.30786213278770447,-0.24165441627701506,华彩
Live (Anon),138.9249886621315,94.92377382340129,0.16705851256847382,-0.07580524088552919,华彩
Live (Anon),139.20362811791384,95.11416080081744,0.11550651490688324,-0.07310908331419341,华彩
Live (Anon),139.50548752834467,95.32041335968493,0.05139649659395218,0.29209499662101734,华彩
Live (Anon),139.9931065759637,95.65359057016319,0.2907111346721649,-0.15629681474820245,华彩
Live (Anon),140.20208616780045,95.7963808032253,0.1388014554977417,-0.0005714155122404904,华彩
Live (Anon),140.50394557823128,96.0026333620928,0.19219616055488586,-0.41624596442488837,华彩
Live (Anon),140.7825850340136,96.19302033950895,0.36056479811668396,-0.03792193183471681,华彩
Live (Anon),141.0612244897959,96.38340731692509,0.25681620836257935,-0.278473461548856,华彩
Live (Anon),141.38630385487528,96.60552545724394,0.25733715295791626,-0.07635013498656917,华彩
Live (Anon),141.61850340136056,96.76418127175741,0.056664180010557175,-0.28342964787952946,华彩
Live (Anon),141.89714285714285,96.95456824917355,0.25401511788368225,-0.20029277429784997,华彩
Live (Anon),142.12934240362813,97.11322406368701,0.04921228438615799,0.47411249979631975,华彩
Live (Anon),142.40798185941043,97.30361104110315,0.0752936601638794,-0.20327909742263725,华彩
Live (Anon),142.70984126984126,97.50986359997064,0.2633358836174011,-0.21654103493347063,华彩
Live (Anon),142.96526077097505,97.68438499593545,0.501815915107727,-0.15133837659959679,华彩
Live (Anon),143.24390022675738,97.8747719733516,0.1975724697113037,-0.23797698559064884,华彩
Live (Anon),143.59219954648526,98.11275569512178,0.10759048908948898,-0.09463302867516177,华彩
Live (Anon),144.0798185941043,98.44593290560003,0.3139222264289856,-0.18798282671923514,华彩
Live (Anon),144.40489795918367,98.66805104591887,0.29956361651420593,-0.08361023665202082,华彩
Live (Anon),144.8692970521542,98.98536267494579,0.3692385256290436,-0.18006234076892724,华彩
Live (Anon),145.14793650793652,99.17574965236196,0.44439536333084106,-0.1579590192704927,华彩
Live (Anon),145.44979591836736,99.38200221122945,0.35530808568000793,-0.791103901065071,华彩
Live (Anon),145.72843537414965,99.57238918864559,0.33142682909965515,-0.48923738213488827,华彩
Live (Anon),145.98385487528344,99.74691058461039,0.21894308924674988,-0.08317886931763496,华彩
Live (Anon),146.30893424036282,99.96902872492923,0.39069321751594543,-0.40714420611038804,华彩
Live (Anon),146.5643537414966,100.14355012089403,0.04700641334056854,-0.16793898275864194,华彩
Live (Anon),146.79655328798185,100.30220593540749,0.1093045026063919,0.22768272638131748,华彩
Live (Anon),147.12163265306123,100.52432407572633,0.10029932856559753,0.020358542678877715,华彩
Live (Anon),147.377052154195,100.69884547169113,0.08764850348234177,-0.14993755867180877,华彩
Live (Anon),147.67891156462585,100.90509803055862,0.11146504431962967,0.052810825945925906,华彩
Live (Anon),147.98077097505669,101.11135058942611,0.08159330487251282,0.09384263103129344,华彩
Live (Anon),148.21297052154196,101.27000640393958,0.11787977814674377,-0.10104523971676825,华彩
Live (Anon),148.4451700680272,101.42866221845303,0.09587277472019196,-0.021098365141369865,华彩
Live (Anon),148.81668934240363,101.68251152167457,0.26616692543029785,-0.030856850207783282,华彩
Live (Anon),149.07210884353742,101.85703291763937,0.09502492845058441,0.06033523068253998,华彩
Live (Anon),149.3275283446712,102.03155431360418,0.12877683341503143,-0.21390748897829326,华彩
Live (Anon),149.79192743764173,102.3488659426311,0.28521645069122314,-0.07598927495564567,华彩
Live (Anon),150.14022675736962,102.58684966440127,0.24259521067142487,-0.19566547944123158,华彩
Live (Anon),150.51174603174604,102.8406989676228,0.1427006721496582,0.39354059390461765,华彩
Live (Anon),150.79038548752834,103.03108594503894,0.1659102588891983,-0.06991072259552311,华彩
Live (Anon),150.99936507936508,103.17387617810105,0.21711674332618713,-0.5589351637354412,华彩
Live (Anon),151.3708843537415,103.4277254813226,0.24070508778095245,-0.11348569819347176,华彩
Live (Anon),151.6263038548753,103.6022468772874,0.16602623462677002,0.5891036777029512,华彩
Live (Anon),152.13714285714286,103.951289669217,0.048298731446266174,0.12376717131701298,华彩
Live (Anon),152.4390022675737,104.1575422280845,0.22606974840164185,-0.18991004862982663,华彩
Live (Anon),152.67120181405895,104.31619804259795,0.22451983392238617,-0.05172031578695168,华彩
Live (Anon),152.97306122448978,104.52245060146544,0.10324233025312424,0.29518189330701716,华彩
Live (Anon),153.29814058956916,104.74456874178428,0.09007494151592255,-0.1461802638914378,华彩
Live (Anon),153.55356009070294,104.91909013774908,0.16767661273479462,-0.16030278356993222,华彩
Live (Anon),154.06439909297052,105.26813292967869,0.15051954984664917,-0.051198090750403935,华彩
Live (Anon),154.2965986394558,105.42678874419215,0.05156950652599335,0.0673848141104827,华彩
Live (Anon),154.55201814058958,105.60131014015695,0.1682264804840088,-0.08727539216124569,华彩
Live (Anon),155.1092970521542,105.98208409498925,0.1539730429649353,0.016251536180789113,华彩
Live (Anon),155.4808163265306,106.23593339821078,0.15011216700077057,0.13949864833193715,华彩
Live (Anon),155.82911564625851,106.47391711998097,0.19487641751766205,-0.23988225275388683,华彩
Live (Anon),156.1077551020408,106.6643040973971,0.1320796012878418,-0.09275031979996129,华彩
Live (Anon),156.3399546485261,106.82295991191057,0.06966610252857208,-0.1339547146017139,华彩
Live (Anon),156.66503401360544,107.0450780522294,0.20761030912399292,-0.07050297363093705,华彩
Live (Anon),156.87401360544217,107.18786828529151,0.12534449994564056,0.03573342073650566,华彩
Live (Anon),157.12943310657596,107.36238968125632,0.1544916182756424,0.13589393283837123,华彩
Live (Anon),157.68671201814058,107.74316363608861,0.22274453938007355,-0.07193639039542175,华彩
Live (Anon),158.10467120181406,108.02874410221284,0.1554393619298935,-0.0627009907930187,华彩
Live (Anon),158.36009070294784,108.20326549817764,0.12659545242786407,0.2173754356590507,华彩
Live (Anon),158.63873015873017,108.3936524755938,0.12264902889728546,-0.20539262623060492,华彩
Live (Anon),158.8477097505669,108.53644270865591,0.08697487413883209,0.048350876113545375,华彩
Live (Anon),159.66040816326532,109.09173805945301,0.12295905500650406,-0.05215844716985884,华彩
Live (Anon),159.96226757369615,109.2979906183205,0.03916165605187416,-0.01779474315526386,华彩
Live (Anon),160.77496598639456,109.8532859691176,0.7435818314552307,0.029739696401520636,华彩
Live (Anon),161.0768253968254,110.0595385279851,0.4257752299308777,-0.03436755469010677,华彩
Live (Anon),161.40190476190477,110.28165666830394,0.04175330325961113,-0.03177093740305281,华彩
Live (Anon),161.77342403628117,110.53550597152545,0.6040711998939514,-0.05999115328449988,华彩
Live (Anon),162.02884353741496,110.71002736749026,0.04627909138798714,-0.13438924049751222,华彩
Live (Anon),162.53968253968253,111.05907015941986,0.18284250795841217,0.29057922711217543,华彩
Live (Anon),162.91120181405896,111.3129194626414,0.3107157349586487,-0.08273347730209935,华彩
Live (Anon),163.1201814058957,111.4557096957035,0.05783359333872795,0.029271581843204327,华彩
Live (Anon),163.39882086167802,111.64609667311967,0.10061631351709366,0.22645883755103569,华彩
Live (Anon),163.9096598639456,111.99513946504928,0.10804704576730728,-0.07219439639811753,华彩
Live (Anon),164.14185941043084,112.15379527956271,0.08243576437234879,-0.0478724899039662,华彩
Live (Anon),164.3740589569161,112.31245109407617,0.12628191709518433,-0.09240319413947871,华彩
Live (Anon),164.58303854875282,112.45524132713828,0.11613919585943222,-0.01311972632720426,华彩
Live (Anon),164.86167800453515,112.64562830455444,0.12663546204566956,0.026052261455333788,华彩
Live (Anon),165.0706575963719,112.78841853761655,0.1388423889875412,0.11454326477178256,华彩
Live (Anon),165.37251700680272,112.99467109648404,0.1399381309747696,0.01419404593434592,华彩
Live (Anon),165.65115646258502,113.18505807390018,0.13773809373378754,0.01666426346673688,华彩
Live (Anon),165.9065759637188,113.35957946986498,0.07311704009771347,-0.17213796761552658,华彩
Live (Anon),166.20843537414967,113.5658320287325,0.04319726303219795,-0.012177776704902499,华彩
Live (Anon),167.18367346938774,114.232186449689,0.04585566744208336,-0.0006648766998296196,华彩
Live (Anon),167.5784126984127,114.50190133436189,0.056325994431972504,0.0009173340913548601,华彩
Live (Anon),167.78739229024944,114.644691567424,0.058718226850032806,-0.005664963214258023,华彩
Live (Anon),168.50721088435375,115.13652459241573,0.03391473740339279,0.21851834773656262,华彩
Live (Anon),169.01804988662133,115.48556738434533,0.04189634323120117,-0.024474676536101463,华彩
Live (Anon),169.59854875283446,115.88220692062896,0.7509440779685974,-0.20229913643561304,华彩
Live (Anon),169.9004081632653,116.08845947949645,0.6057632565498352,-0.3211959120562824,华彩
Live (Anon),170.13260770975057,116.24711529400992,0.041582703590393066,-0.04870001007475366,华彩
Live (Anon),170.55056689342405,116.53269576013415,0.6850823163986206,-0.22879982861923054,华彩
Live (Anon),171.13106575963718,116.92933529641778,0.24474218487739563,0.015058106100696024,华彩
Live (Anon),171.6651247165533,117.29424366979873,0.2025410234928131,0.15190703988992027,华彩
Live (Anon),172.03664399092972,117.54809297302026,0.07421465963125229,-0.002218523877672851,华彩
Live (Anon),172.24562358276643,117.69088320608236,0.151011660695076,-0.07507285954488906,华彩
Live (Anon),172.52426303854875,117.88127018349851,0.10657566785812378,-0.06480495653704564,华彩
Live (Anon),172.77968253968254,118.05579157946332,0.15869398415088654,0.0320067365464638,华彩
Live (Anon),173.03510204081633,118.23031297542812,0.09364774078130722,-0.006621807733608877,华彩
Live (Anon),173.26730158730157,118.38896878994157,0.11088177561759949,-0.008511098258168204,华彩
Live (Anon),173.5459410430839,118.57935576735773,0.09188851714134216,0.08055122507357737,华彩
Live (Anon),173.8942403628118,118.8173394891279,0.16180798411369324,-0.05326195207544515,华彩
Live (Anon),174.49795918367346,119.2298446068629,0.044046562165021896,-0.004228337036238371,华彩
Live (Anon),175.4267573696145,119.86446786491672,0.031171757727861404,0.17735167748043068,华彩
Live (Anon),176.23945578231292,120.41976321571383,1.0,-0.05944495135281613,华彩
Live (Anon),176.4716553287982,120.5784190302273,0.06894577294588089,-0.013009663712182373,华彩
Live (Anon),176.72707482993198,120.7529404261921,0.2042829990386963,-0.048841282045941625,华彩
Live (Anon),177.05215419501133,120.97505856651092,0.7463362812995911,-0.08907899089081184,华彩
Live (Anon),177.26113378684806,121.11784879957304,0.051765937358140945,0.12059364672722948,华彩
Live (Anon),177.5629931972789,121.32410135844053,0.3513931334018707,-0.033628171513555564,华彩
Live (Anon),177.77197278911564,121.46689159150264,0.20554204285144806,-0.20973162345399032,华彩
Live (Anon),178.1667120181406,121.73660647617552,0.1687670648097992,-0.05802093864986091,华彩
Live (Anon),178.49179138321995,121.95872461649435,0.15314622223377228,-0.04723026722786016,华彩
Live (Anon),178.84009070294783,122.19670833826454,0.19274766743183136,-0.02008132460105116,华彩
Live (Anon),179.11873015873016,122.3870953156807,0.1342419534921646,0.27114794638691814,华彩
Live (Anon),179.39736961451248,122.57748229309685,0.15862129628658295,-0.19376798190933187,华彩
Live (Anon),179.67600907029478,122.76786927051299,0.1384650617837906,-0.26075952910105116,华彩
Live (Anon),179.90820861678006,122.92652508502646,0.23891611397266388,0.20197257508698385,华彩
Live (Anon),180.16362811791385,123.10104648099126,0.1415749490261078,0.1636774411963415,华彩
Live (Anon),180.41904761904763,123.27556787695606,0.1399262249469757,-0.3508318701278767,华彩
Live (Anon),180.74412698412698,123.49768601727489,0.1679997742176056,0.0652801942123915,华彩
Live (Anon),181.185306122449,123.79913206485047,0.12262595444917679,0.005568340839090516,华彩
Live (Anon),181.60326530612244,124.08471253097467,0.1620652973651886,-0.0034553811929072292,华彩
Live (Anon),181.8354648526077,124.24336834548815,0.360316663980484,-0.17710378242554722,华彩
Live (Anon),182.3463038548753,124.59241113741776,0.36472219228744507,-0.24018820395212964,华彩
Live (Anon),182.85714285714286,124.94145392934736,0.04945268854498863,-0.008691810944583267,华彩
Live (Anon),183.1822222222222,125.16357206966619,0.05198163911700249,0.003250041277169657,华彩
Live (Anon),183.53052154195012,125.40155579143638,0.04603053256869316,-0.018110032760887403,华彩
Live (Anon),184.0645804988662,125.76646416481732,0.08051075786352158,0.139555947930603,华彩
Live (Anon),184.4128798185941,126.0044478865875,0.20201438665390015,0.11464269332464026,华彩
Live (Anon),184.71473922902496,126.21070044545502,0.1102837547659874,0.033798618278524366,华彩
Live (Anon),184.9469387755102,126.36935625996847,0.1292719542980194,-0.1596966577835701,华彩
Live (Anon),185.45777777777778,126.71839905189807,0.04718731343746185,-0.04026646727197658,华彩
Live (Anon),186.0150566893424,127.09917300673037,0.045307260006666183,-0.0014396925848814135,华彩
Live (Anon),186.31691609977324,127.30542556559786,0.04092922434210777,-0.0002789406039482855,华彩
Live (Anon),186.68843537414966,127.55927486881939,0.049631208181381226,-0.007026630976270098,华彩
Live (Anon),187.0599546485261,127.81312417204093,0.7380151152610779,-0.047593216731911525,华彩
Live (Anon),188.22095238095238,128.6064032446082,0.27973002195358276,-0.12039802386425436,华彩
Live (Anon),188.47637188208617,128.780924640573,0.2764425575733185,-0.19203291894882568,华彩
Live (Anon),189.08009070294784,129.19342975830799,0.35969385504722595,-0.17173969426949043,华彩
Live (Anon),189.38195011337868,129.3996823171755,0.043412480503320694,-0.021333310542104297,华彩
Live (Anon),189.660589569161,129.59006929459164,0.4860004484653473,-0.14278631970228162,华彩
Live (Anon),189.86956916099774,129.73285952765374,0.05053064227104187,-0.17477893416071308,华彩
Live (Anon),190.101768707483,129.8915153421672,0.04889875277876854,-0.015509566947002893,华彩
Live (Anon),190.45006802721088,130.12949906393737,0.044149477034807205,0.17228571141458812,尾声
Live (Anon),190.93768707482994,130.46267627441566,0.31215178966522217,-0.19624015712906842,尾声
Live (Anon),191.4485260770975,130.81171906634526,0.04823225364089012,-0.04070401516855781,尾声
Live (Anon),191.7271655328798,131.0021060437614,0.2940842807292938,-0.019225221240048995,尾声
Live (Anon),192.07546485260772,131.2400897655316,0.049035973846912384,0.00900948439266358,尾声
Live (Anon),192.6791836734694,131.65259488326657,0.4364835321903229,-0.06480929496319732,尾声
Live (Anon),192.98104308390023,131.85884744213408,0.24020801484584808,0.07306294683075976,尾声
Live (Anon),193.21324263038548,132.01750325664753,0.1507507711648941,-0.06428930264519295,尾声
Live (Anon),193.56154195011337,132.2554869784177,0.10414750874042511,-0.05445852257253136,尾声
Live (Anon),193.88662131519274,132.47760511873656,0.2366637885570526,-0.06096758947933266,尾声
Live (Anon),194.30458049886622,132.7631855848608,0.507865309715271,-0.021403480263870733,尾声
Live (Anon),194.5832199546485,132.95357256227692,0.040774907916784286,-0.0018434536627864873,尾声
Live (Anon),196.1621768707483,134.03243210096844,0.039790794253349304,0.00017422092355445784,尾声
Live (Anon),196.5336961451247,134.28628140418996,0.034949030727148056,-0.004127123526131981,尾声
Live (Anon),197.04453514739228,134.63532419611957,0.039137277752161026,-0.0016601836875906881,尾声
Live (Anon),197.43927437641725,134.90503908079245,0.03383998945355415,-0.0007116524159300753,尾声
Live (Anon),198.32163265306122,135.50793117594358,0.03166858106851578,0.0019291514860242387,尾声
Live (Anon),198.6467120181406,135.73004931626244,0.17452630400657654,0.0008319030627035318,尾声
Live (Anon),198.85569160997733,135.87283954932454,0.1014239713549614,-0.0019714098385748,尾声
Live (Anon),199.1807709750567,136.0949576896434,0.0654541626572609,-0.0016118653377361625,尾声
Live (Anon),199.3897505668934,136.23774792270547,0.11652474850416183,-0.000792194926191314,尾声
Live (Anon),199.69160997732428,136.444000481573,0.3434370160102844,-0.0025466293223530556,尾声
Live (Anon),200.10956916099772,136.7295809476972,0.4746035933494568,0.009570365338618101,尾声
Live (Anon),200.341768707483,136.88823676221065,0.8729713559150696,-0.044788817911012295,尾声
Live (Anon),200.57396825396825,137.0468925767241,0.5003613829612732,-0.0025900475748130702,尾声
Live (Anon),200.82938775510203,137.2214139726889,0.23889189958572388,-0.03380950302016572,尾声
Live (Anon),201.03836734693877,137.36420420575104,0.2210601270198822,-0.13090495810956781,尾声
Live (Anon),201.29378684807256,137.53872560171584,0.3555908203125,-0.14109100161476817,尾声
Live (Anon),201.54920634920634,137.71324699768064,0.30268844962120056,-0.11521830497258632,尾声
Live (Anon),202.01360544217687,138.03055862670755,0.3638659417629242,-0.15308950883081704,尾声
Live (Anon),202.2922448979592,138.2209456041237,0.23208267986774445,-0.10084494729198921,尾声
Live (Anon),202.52444444444444,138.37960141863715,0.1366673707962036,-0.0405695941481099,尾声
Live (Anon),202.77986394557823,138.55412281460195,0.2883903384208679,-0.0395393568851432,尾声
Live (Anon),203.05850340136055,138.7445097920181,0.13867318630218506,-0.04068153375555993,尾声
Live (Anon),203.2674829931973,138.88730002508024,0.2661570906639099,-0.06821039855822164,尾声
Live (Anon),203.5461224489796,139.07768700249636,0.31834107637405396,-0.11429430901443993,尾声
Live (Anon),203.75510204081633,139.22047723555846,0.07242115586996078,0.04263533342054871,尾声
Live (Anon),204.0801814058957,139.44259537587732,0.3897050619125366,-0.08087483079179947,尾声
Live (Anon),204.40526077097505,139.66471351619614,0.10958761721849442,0.04385975321383739,尾声
Live (Anon),204.84643990929706,139.96615956377173,0.16939790546894073,-0.0609871501183079,尾声
Live (Anon),205.12507936507936,140.15654654118788,0.2500646412372589,-0.09098882997022884,尾声
Live (Anon),205.4269387755102,140.36279910005535,0.18255271017551422,-0.04649007375974179,尾声
Live (Anon),205.65913832199547,140.52145491456884,0.182834655046463,-0.07712130814070406,尾声
Live (Anon),205.91455782312926,140.69597631053364,0.27003806829452515,-0.03389121593500022,尾声
Live (Anon),206.16997732426304,140.87049770649844,0.20271937549114227,-0.008330578475579387,尾声
Live (Anon),206.44861678004534,141.06088468391457,0.12940381467342377,-0.04534797662927303,尾声
Live (Anon),206.79691609977326,141.29886840568477,0.08489986509084702,0.04922706677916722,尾声
Live (Anon),207.1219954648526,141.5209865460036,0.11160452663898468,0.051005703085138514,尾声
Live (Anon),207.33097505668934,141.6637767790657,0.1764821857213974,-0.014715424867972615,尾声
Live (Anon),207.67927437641723,141.9017605008359,0.23276624083518982,-0.027327663246978773,尾声
Live (Anon),207.95791383219955,142.09214747825206,0.19498112797737122,-0.03861105258238239,尾声
Live (Anon),208.30621315192744,142.33013120002224,0.39773011207580566,-0.056489833406203616,尾声
Live (Anon),208.56163265306122,142.50465259598704,0.6366102695465088,-0.06528604459390407,尾声
Live (Anon),208.86349206349206,142.71090515485452,0.08783280849456787,-0.005463958024165549,尾声
Live (Anon),209.09569160997734,142.869560969368,0.36232510209083557,-0.009474669253961563,尾声
Live (Anon),209.74585034013606,143.31379725000568,0.04049248248338699,-0.0015116110664514792,尾声
