performer,note_idx,score_time,perf_time,expected,dev_ms,pitch,velocity,section
Lang Lang,0,0.0,0.09287981859410431,0.0,92.87981859410431,76,49,A段 主题
Lang Lang,1,0.0,0.09287981859410431,0.0,92.87981859410431,64,49,A段 主题
Lang Lang,2,0.789474,0.5108390022675737,0.6664573539386268,-155.6183516710531,76,49,A段 主题
Lang Lang,3,0.789474,0.5108390022675737,0.6664573539386268,-155.6183516710531,81,49,A段 主题
Lang Lang,4,0.789474,0.5108390022675737,0.6664573539386268,-155.6183516710531,88,49,A段 主题
Lang Lang,5,0.789474,0.5108390022675737,0.6664573539386268,-155.6183516710531,69,49,A段 主题
Lang Lang,6,0.789474,0.5108390022675737,0.6664573539386268,-155.6183516710531,73,49,A段 主题
Lang Lang,7,1.052632,0.9984580498866213,0.8886098052515025,109.84824463511889,76,49,A段 主题
Lang Lang,8,1.052632,0.9984580498866213,0.8886098052515025,109.84824463511889,81,49,A段 主题
Lang Lang,9,1.052632,0.9984580498866213,0.8886098052515025,109.84824463511889,88,49,A段 主题
Lang Lang,10,1.052632,0.9984580498866213,0.8886098052515025,109.84824463511889,69,49,A段 主题
Lang Lang,11,1.052632,0.9984580498866213,0.8886098052515025,109.84824463511889,73,49,A段 主题
Lang Lang,12,1.578948,1.207437641723356,1.3329147078772536,-125.47706615389754,76,49,A段 主题
Lang Lang,13,1.578948,1.207437641723356,1.3329147078772536,-125.47706615389754,81,49,A段 主题
Lang Lang,14,1.578948,1.207437641723356,1.3329147078772536,-125.47706615389754,88,49,A段 主题
Lang Lang,15,1.578948,1.207437641723356,1.3329147078772536,-125.47706615389754,69,49,A段 主题
Lang Lang,16,1.578948,1.207437641723356,1.3329147078772536,-125.47706615389754,73,49,A段 主题
Lang Lang,17,2.105264,1.7182766439909296,1.777219610503005,-58.942966512075316,76,49,A段 主题
Lang Lang,18,2.105264,1.7182766439909296,1.777219610503005,-58.942966512075316,52,49,A段 主题
Lang Lang,19,2.1699570083333333,1.7182766439909296,1.8318320881174202,-113.55544412649054,81,49,A段 主题
Lang Lang,20,2.1754394666666665,1.7182766439909296,1.8364602641864383,-118.18362019550865,54,49,A段 主题
Lang Lang,21,2.236843,1.9969160997732427,1.8882958361594426,108.62026361380006,85,49,A段 主题
Lang Lang,22,2.2456149333333335,1.9969160997732427,1.895700917869872,101.21518190337065,57,49,A段 主题
Lang Lang,23,2.3048254833333335,1.9969160997732427,1.945685219415269,51.23088035797374,88,49,A段 主题
Lang Lang,24,2.3157904,1.9969160997732427,1.9549415715533054,41.9745282199373,59,49,A段 主题
Lang Lang,25,2.3859658666666665,1.9969160997732427,2.0141822252367385,-17.26612546349582,61,49,A段 主题
Lang Lang,26,2.4561413333333335,1.9969160997732427,2.0734228789201725,-76.50677914692983,64,49,A段 主题
Lang Lang,27,2.5263168,1.9969160997732427,2.1326635326036056,-135.74743283036295,66,49,A段 主题
Lang Lang,28,2.5964922666666665,2.2755555555555556,2.191904186287039,83.65136926851635,69,49,A段 主题
Lang Lang,29,2.6666677333333335,2.2755555555555556,2.2511448399704728,24.410715585082787,71,49,A段 主题
Lang Lang,30,2.7368432,2.2755555555555556,2.3103854936539063,-34.82993809835078,73,49,A段 主题
Lang Lang,31,2.8070186666666666,2.2755555555555556,2.36962614733734,-94.07059178178434,76,49,A段 主题
Lang Lang,32,2.8771941333333335,2.5774149659863945,2.4288668010207735,148.54816496562105,78,49,A段 主题
Lang Lang,33,2.9473696,2.5774149659863945,2.488107454704207,89.3075112821875,81,49,A段 主题
Lang Lang,34,3.0175450666666666,2.5774149659863945,2.54734810838764,30.066857598754382,83,49,A段 主题
Lang Lang,35,3.0877205333333335,2.5774149659863945,2.606588762071074,-29.173796084679626,85,49,A段 主题
Lang Lang,36,3.157896,2.5774149659863945,2.6658294157545073,-88.41444976811275,88,49,A段 主题
Lang Lang,37,3.2225890083333333,2.786394557823129,2.7204418933689225,65.95266445420656,90,49,A段 主题
Lang Lang,38,3.289475,2.786394557823129,2.776905641410945,9.488916412184079,88,49,A段 主题
Lang Lang,39,3.354168008333333,2.786394557823129,2.83151811902536,-45.12356120223116,90,49,A段 主题
Lang Lang,40,3.421054,2.786394557823129,2.8879818670673827,-101.58730924425363,88,49,A段 主题
Lang Lang,41,3.4857470083333335,2.995374149659864,2.9425943446817984,52.77980497806567,90,49,A段 主题
Lang Lang,42,3.552633,2.995374149659864,2.999058092723821,-3.683943063956807,88,49,A段 主题
Lang Lang,43,3.6173260083333334,2.995374149659864,3.053670570338236,-58.296420678372044,90,49,A段 主题
Lang Lang,44,3.684212,3.2043537414965986,3.1101343183802586,94.21942311634001,88,49,A段 主题
Lang Lang,45,3.7489050083333333,3.2043537414965986,3.164746795994674,39.606945501924784,90,49,A段 主题
Lang Lang,46,3.815791,3.2043537414965986,3.2212105440366963,-16.856802540097693,88,49,A段 主题
Lang Lang,47,3.880484008333333,3.2043537414965986,3.2758230216511115,-71.46928015451293,90,49,A段 主题
Lang Lang,48,3.94737,3.436553287981859,3.332286769693134,104.26651828872524,88,49,A段 主题
Lang Lang,49,4.0120630083333335,3.436553287981859,3.3868992473075497,49.65404067430956,90,49,A段 主题
Lang Lang,50,4.078949,3.436553287981859,3.4433629953495717,-6.80970736771247,88,49,A段 主题
Lang Lang,51,4.143642008333333,3.436553287981859,3.497975472963987,-61.4221849821277,90,49,A段 主题
Lang Lang,52,4.210528,3.8312925170068026,3.55443922100601,276.8532960007928,81,49,A段 主题
Lang Lang,53,4.210528,3.8312925170068026,3.55443922100601,276.8532960007928,69,49,A段 主题
Lang Lang,54,5.000002,4.08671201814059,4.2208965749446365,-134.18455680404674,81,49,A段 主题
Lang Lang,55,5.000002,4.08671201814059,4.2208965749446365,-134.18455680404674,86,49,A段 主题
Lang Lang,56,5.000002,4.08671201814059,4.2208965749446365,-134.18455680404674,93,49,A段 主题
Lang Lang,57,5.000002,4.08671201814059,4.2208965749446365,-134.18455680404674,74,49,A段 主题
Lang Lang,58,5.000002,4.08671201814059,4.2208965749446365,-134.18455680404674,78,49,A段 主题
Lang Lang,59,5.26316,4.574331065759637,4.443049026257512,131.2820395021248,81,49,A段 主题
Lang Lang,60,5.26316,4.574331065759637,4.443049026257512,131.2820395021248,86,49,A段 主题
Lang Lang,61,5.26316,4.574331065759637,4.443049026257512,131.2820395021248,93,49,A段 主题
Lang Lang,62,5.26316,4.574331065759637,4.443049026257512,131.2820395021248,74,49,A段 主题
Lang Lang,63,5.26316,4.574331065759637,4.443049026257512,131.2820395021248,78,49,A段 主题
Lang Lang,64,5.789476,4.829750566893424,4.887353928883263,-57.6033619898384,81,49,A段 主题
Lang Lang,65,5.789476,4.829750566893424,4.887353928883263,-57.6033619898384,86,49,A段 主题
Lang Lang,66,5.789476,4.829750566893424,4.887353928883263,-57.6033619898384,93,49,A段 主题
Lang Lang,67,5.789476,4.829750566893424,4.887353928883263,-57.6033619898384,74,49,A段 主题
Lang Lang,68,5.789476,4.829750566893424,4.887353928883263,-57.6033619898384,78,49,A段 主题
Lang Lang,69,6.315792,5.2477097505668935,5.3316588315090145,-83.94908094212106,81,49,A段 主题
Lang Lang,70,6.315792,5.2477097505668935,5.3316588315090145,-83.94908094212106,57,49,A段 主题
Lang Lang,71,6.380485008333333,5.2477097505668935,5.38627130912343,-138.56155855653628,86,49,A段 主题
Lang Lang,72,6.385967466666667,5.2477097505668935,5.390899485192448,-143.18973462555462,59,49,A段 主题
Lang Lang,73,6.447371,5.2477097505668935,5.442735057165453,-195.0253065985592,90,49,A段 主题
Lang Lang,74,6.456142933333333,5.2477097505668935,5.450140138875882,-202.4303883089882,62,49,A段 主题
Lang Lang,75,6.5153534833333335,5.2477097505668935,5.500124440421279,-252.41468985438507,93,49,A段 主题
Lang Lang,76,6.5263184,5.2477097505668935,5.509380792559315,-261.67104199242175,64,49,A段 主题
Lang Lang,77,6.596493866666667,5.2477097505668935,5.568621446242749,-320.9116956758553,66,49,A段 主题
Lang Lang,78,6.666669333333333,5.921088435374149,5.6278620999261815,293.2263354479678,69,49,A段 主题
Lang Lang,79,6.7368448,5.921088435374149,5.687102753609616,233.98568176453338,71,49,A段 主题
Lang Lang,80,6.807020266666667,5.921088435374149,5.7463434072930495,174.7450280810998,74,49,A段 主题
Lang Lang,81,6.877195733333333,5.921088435374149,5.805584060976482,115.50437439766714,76,49,A段 主题
Lang Lang,82,6.9473712,5.921088435374149,5.864824714659916,56.26372071423358,78,49,A段 主题
Lang Lang,83,7.017546666666667,5.921088435374149,5.92406536834335,-2.976932969200874,81,49,A段 主题
Lang Lang,84,7.087722133333333,5.921088435374149,5.983306022026783,-62.21758665263355,83,49,A段 主题
Lang Lang,85,7.1578976,5.921088435374149,6.042546675710216,-121.45824033606712,86,49,A段 主题
Lang Lang,86,7.228073066666667,5.921088435374149,6.10178732939365,-180.69889401950067,88,49,A段 主题
Lang Lang,87,7.298248533333333,6.362267573696145,6.1610279830770835,201.23959061906137,90,49,A段 主题
Lang Lang,88,7.368424,6.362267573696145,6.220268636760517,141.99893693562782,93,49,A段 主题
Lang Lang,89,7.433117008333333,6.362267573696145,6.274881114374932,87.38645932121258,95,49,A段 主题
Lang Lang,90,7.500003,6.362267573696145,6.331344862416955,30.922711279189663,93,49,A段 主题
Lang Lang,91,7.564696008333334,6.362267573696145,6.3859573400313705,-23.68976633522557,95,49,A段 主题
Lang Lang,92,7.631582,6.362267573696145,6.4424210880733925,-80.1535143772476,93,49,A段 主题
Lang Lang,93,7.696275008333333,6.362267573696145,6.497033565687808,-134.76599199166284,95,49,A段 主题
Lang Lang,94,7.763161,6.733786848072563,6.553497313729831,180.289534342732,93,49,A段 主题
Lang Lang,95,7.8278540083333334,6.733786848072563,6.608109791344246,125.67705672831676,95,49,A段 主题
Lang Lang,96,7.89474,6.733786848072563,6.664573539386268,69.21330868629471,93,49,A段 主题
Lang Lang,97,7.959433008333333,6.733786848072563,6.719186017000683,14.600831071879483,95,49,A段 主题
Lang Lang,98,8.026319,6.733786848072563,6.775649765042707,-41.862916970144326,93,49,A段 主题
Lang Lang,99,8.091012008333333,6.733786848072563,6.830262242657121,-96.47539458455867,95,49,A段 主题
Lang Lang,100,8.157898,6.733786848072563,6.886725990699143,-152.9391426265807,93,49,A段 主题
Lang Lang,101,8.222591008333334,7.128526077097506,6.9413384683135595,187.1876087839466,95,49,A段 主题
Lang Lang,102,8.289477,7.128526077097506,6.9978022163555815,130.72386074192454,93,49,A段 主题
Lang Lang,103,8.354170008333334,7.128526077097506,7.052414693969998,76.11138312750842,95,49,A段 主题
Lang Lang,104,8.552635,7.128526077097506,7.219954667668458,-91.42859057095177,92,49,A段 主题
Lang Lang,105,8.552635,7.128526077097506,7.219954667668458,-91.42859057095177,104,49,A段 主题
Lang Lang,106,8.815793,7.453605442176871,7.442107118981332,11.49832319553834,90,49,A段 主题
Lang Lang,107,8.815793,7.453605442176871,7.442107118981332,11.49832319553834,102,49,A段 主题
Lang Lang,108,9.078951,7.662585034013605,7.664259570294209,-1.6745362806034336,83,49,A段 主题
Lang Lang,109,9.078951,7.662585034013605,7.664259570294209,-1.6745362806034336,95,49,A段 主题
Lang Lang,110,9.342109,7.918004535147392,7.886412021607085,31.59251354030701,85,49,A段 主题
Lang Lang,111,9.342109,7.918004535147392,7.886412021607085,31.59251354030701,97,49,A段 主题
Lang Lang,112,9.605267,8.126984126984127,8.108564472919959,18.4196540641679,90,49,A段 主题
Lang Lang,113,9.605267,8.126984126984127,8.108564472919959,18.4196540641679,102,49,A段 主题
Lang Lang,114,9.868425,8.452063492063493,8.330716924232835,121.346567830658,88,49,A段 主题
Lang Lang,115,9.868425,8.452063492063493,8.330716924232835,121.346567830658,100,49,A段 主题
Lang Lang,116,10.131583,8.452063492063493,8.55286937554571,-100.80588348221653,81,49,A段 主题
Lang Lang,117,10.131583,8.452063492063493,8.55286937554571,-100.80588348221653,93,49,A段 主题
Lang Lang,118,10.394741,8.777142857142858,8.775021826858586,2.1210302842717965,83,49,A段 主题
Lang Lang,119,10.394741,8.777142857142858,8.775021826858586,2.1210302842717965,95,49,A段 主题
Lang Lang,120,10.657899,8.986122448979591,8.997174278171462,-11.051829191870866,88,49,A段 主题
Lang Lang,121,10.657899,8.986122448979591,8.997174278171462,-11.051829191870866,100,49,A段 主题
Lang Lang,122,10.921057,9.311201814058958,9.219326729484337,91.87508457462101,86,49,A段 主题
Lang Lang,123,10.921057,9.311201814058958,9.219326729484337,91.87508457462101,98,49,A段 主题
Lang Lang,124,11.184215,9.311201814058958,9.441479180797213,-130.2773667382553,78,49,A段 主题
Lang Lang,125,11.184215,9.311201814058958,9.441479180797213,-130.2773667382553,90,49,A段 主题
Lang Lang,126,11.447373,9.798820861678005,9.66363163211009,135.18922956791533,80,49,A段 主题
Lang Lang,127,11.447373,9.798820861678005,9.66363163211009,135.18922956791533,92,49,A段 主题
Lang Lang,128,11.710531,9.798820861678005,9.885784083422964,-86.96322174495918,85,49,A段 主题
Lang Lang,129,11.710531,9.798820861678005,9.885784083422964,-86.96322174495918,97,49,A段 主题
Lang Lang,130,11.973689,10.100680272108843,10.10793653473584,-7.256262626997412,83,49,A段 主题
Lang Lang,131,11.973689,10.100680272108843,10.10793653473584,-7.256262626997412,95,49,A段 主题
Lang Lang,132,12.236847,10.425759637188209,10.330088986048715,95.67065113949447,76,49,A段 主题
Lang Lang,133,12.236847,10.425759637188209,10.330088986048715,95.67065113949447,88,49,A段 主题
Lang Lang,134,12.500005,10.65795918367347,10.552241437361591,105.71774631187836,78,49,A段 主题
Lang Lang,135,12.500005,10.65795918367347,10.552241437361591,105.71774631187836,90,49,A段 主题
Lang Lang,136,12.631584,10.65795918367347,10.663317663018029,-5.358479344559797,80,49,A段 主题
Lang Lang,137,12.631584,10.65795918367347,10.663317663018029,-5.358479344559797,92,49,A段 主题
Lang Lang,138,12.631584,10.65795918367347,10.663317663018029,-5.358479344559797,68,49,A段 主题
Lang Lang,139,13.684216,11.19201814058957,11.55192746826953,-359.9093276799614,76,49,A段 主题
Lang Lang,140,13.684216,11.19201814058957,11.55192746826953,-359.9093276799614,64,49,A段 主题
Lang Lang,141,13.684216,11.19201814058957,11.55192746826953,-359.9093276799614,68,49,A段 主题
Lang Lang,142,13.684216,11.19201814058957,11.55192746826953,-359.9093276799614,73,49,A段 主题
Lang Lang,143,13.846496766666666,11.818956916099774,11.688921479912471,130.03543618730262,78,49,A段 主题
Lang Lang,144,14.0131635,11.818956916099774,11.829618032410625,-10.661116310851426,80,49,A段 主题
Lang Lang,145,14.182023216666666,12.120816326530612,11.972165855336387,148.6504711942249,85,49,A段 主题
Lang Lang,146,15.788383508333332,13.02639455782313,13.328221443558732,-301.82688573560233,69,49,A段 主题
Lang Lang,147,15.788383508333332,13.02639455782313,13.328221443558732,-301.82688573560233,73,49,A段 主题
Lang Lang,148,15.788383508333332,13.02639455782313,13.328221443558732,-301.82688573560233,81,49,A段 主题
Lang Lang,149,15.788383508333332,13.02639455782313,13.328221443558732,-301.82688573560233,33,49,A段 主题
Lang Lang,150,16.57785750833333,13.885532879818594,13.994678797497357,-109.14591767876303,57,49,A段 主题
Lang Lang,151,16.57785750833333,13.885532879818594,13.994678797497357,-109.14591767876303,61,49,A段 主题
Lang Lang,152,16.57785750833333,13.885532879818594,13.994678797497357,-109.14591767876303,52,49,A段 主题
Lang Lang,153,16.84101550833333,14.164172335600908,14.216831248810234,-52.65891320932603,57,49,A段 主题
Lang Lang,154,16.84101550833333,14.164172335600908,14.216831248810234,-52.65891320932603,61,49,A段 主题
Lang Lang,155,16.84101550833333,14.164172335600908,14.216831248810234,-52.65891320932603,54,49,A段 主题
Lang Lang,156,17.104173508333332,14.489251700680272,14.43898370012311,50.268000557162296,52,49,A段 主题
Lang Lang,157,17.367331508333333,14.721451247165533,14.661136151435986,60.31509572954619,57,49,A段 主题
Lang Lang,158,17.367331508333333,14.721451247165533,14.661136151435986,60.31509572954619,61,49,A段 主题
Lang Lang,159,17.367331508333333,14.721451247165533,14.661136151435986,60.31509572954619,54,49,A段 主题
Lang Lang,160,17.630489508333334,15.000090702947846,14.883288602748863,116.80210019898318,52,49,A段 主题
Lang Lang,161,17.89364750833333,15.464489795918368,15.105441054061735,359.0487418566326,45,49,A段 主题
Lang Lang,162,18.683121508333333,15.696689342403628,15.771898408000364,-75.20906559673612,57,49,A段 主题
Lang Lang,163,18.683121508333333,15.696689342403628,15.771898408000364,-75.20906559673612,61,49,A段 主题
Lang Lang,164,18.683121508333333,15.696689342403628,15.771898408000364,-75.20906559673612,52,49,A段 主题
Lang Lang,165,18.946279508333333,16.021768707482995,15.99405085931324,27.717848169753978,57,49,A段 主题
Lang Lang,166,18.946279508333333,16.021768707482995,15.99405085931324,27.717848169753978,61,49,A段 主题
Lang Lang,167,18.946279508333333,16.021768707482995,15.99405085931324,27.717848169753978,54,49,A段 主题
Lang Lang,168,19.20943750833333,16.34684807256236,16.216203310626113,130.64476193624586,52,49,A段 主题
Lang Lang,169,19.47259550833333,16.34684807256236,16.43835576193899,-91.50768937663045,57,49,A段 主题
Lang Lang,170,19.47259550833333,16.34684807256236,16.43835576193899,-91.50768937663045,61,49,A段 主题
Lang Lang,171,19.47259550833333,16.34684807256236,16.43835576193899,-91.50768937663045,54,49,A段 主题
Lang Lang,172,19.73575350833333,16.62548752834467,16.660508213251866,-35.02068490719523,52,49,A段 主题
Lang Lang,173,19.998911508333332,16.857687074829933,16.882660664564742,-24.973589734809565,64,80,A段 主题
Lang Lang,174,19.998911508333332,16.857687074829933,16.882660664564742,-24.973589734809565,45,80,A段 主题
Lang Lang,175,20.78838550833333,17.46140589569161,17.549118018503368,-87.71212281175877,66,80,A段 主题
Lang Lang,176,20.78838550833333,17.46140589569161,17.549118018503368,-87.71212281175877,52,80,A段 主题
Lang Lang,177,21.05154350833333,17.670385487528346,17.771270469816244,-100.88498228789788,69,80,A段 主题
Lang Lang,178,21.05154350833333,17.670385487528346,17.771270469816244,-100.88498228789788,57,80,A段 主题
Lang Lang,179,21.05154350833333,17.670385487528346,17.771270469816244,-100.88498228789788,61,80,A段 主题
Lang Lang,180,21.314701508333332,18.018684807256236,17.99342292112912,25.26188612711522,71,80,A段 主题
Lang Lang,181,21.577859508333333,18.3437641723356,18.215575372441997,128.18879989360354,73,80,A段 主题
Lang Lang,182,21.577859508333333,18.3437641723356,18.215575372441997,128.18879989360354,44,80,A段 主题
Lang Lang,183,21.84101750833333,18.3437641723356,18.43772782375487,-93.96365141926921,76,80,A段 主题
Lang Lang,184,22.104175508333334,18.668843537414965,18.65988027506775,8.963262347215561,78,80,A段 主题
Lang Lang,185,22.104175508333334,18.668843537414965,18.65988027506775,8.963262347215561,42,80,A段 主题
Lang Lang,186,22.893649508333333,18.99392290249433,19.326337629006375,-332.41472651204515,66,80,A段 主题
Lang Lang,187,22.893649508333333,18.99392290249433,19.326337629006375,-332.41472651204515,69,80,A段 主题
Lang Lang,188,22.893649508333333,18.99392290249433,19.326337629006375,-332.41472651204515,54,80,A段 主题
Lang Lang,189,23.156807508333333,19.667301587301587,19.54849008031925,118.81150698233611,66,80,A段 主题
Lang Lang,190,23.156807508333333,19.667301587301587,19.54849008031925,118.81150698233611,69,80,A段 主题
Lang Lang,191,23.156807508333333,19.667301587301587,19.54849008031925,118.81150698233611,57,80,A段 主题
Lang Lang,192,23.419965508333334,19.667301587301587,19.770642531632127,-103.3409443305402,59,80,A段 主题
Lang Lang,193,23.68312350833333,20.01560090702948,19.992794982945,22.80592408448001,66,80,A段 主题
Lang Lang,194,23.68312350833333,20.01560090702948,19.992794982945,22.80592408448001,69,80,A段 主题
Lang Lang,195,23.68312350833333,20.01560090702948,19.992794982945,22.80592408448001,61,80,A段 主题
Lang Lang,196,23.946281508333332,20.29424036281179,20.214947434257876,79.29292855391523,64,80,A段 主题
Lang Lang,197,24.209439508333332,20.29424036281179,20.437099885570753,-142.85952275896108,78,80,A段 主题
Lang Lang,198,24.209439508333332,20.29424036281179,20.437099885570753,-142.85952275896108,54,80,A段 主题
Lang Lang,199,24.47259750833333,20.64253968253968,20.659252336883625,-16.712654343944422,81,80,A段 主题
Lang Lang,200,24.47259750833333,20.64253968253968,20.659252336883625,-16.712654343944422,61,80,A段 主题
Lang Lang,201,24.53838700833333,20.64253968253968,20.714790449711845,-72.25076717216439,83,80,A段 主题
Lang Lang,202,24.60417650833333,20.64253968253968,20.770328562540065,-127.78888000038435,81,80,A段 主题
Lang Lang,203,24.735755508333334,20.64253968253968,20.881404788196505,-238.86510565682428,66,80,A段 主题
Lang Lang,204,24.735755508333334,20.64253968253968,20.881404788196505,-238.86510565682428,69,80,A段 主题
Lang Lang,205,24.99891350833333,21.153378684807254,21.103557239509378,49.821445297876465,78,80,A段 主题
Lang Lang,206,25.26207150833333,21.478458049886623,21.325709690822254,152.74835906436834,76,80,A段 主题
Lang Lang,207,25.26207150833333,21.478458049886623,21.325709690822254,152.74835906436834,49,80,A段 主题
Lang Lang,208,25.525229508333332,21.478458049886623,21.54786214213513,-69.40409224850796,73,80,A段 主题
Lang Lang,209,25.788387508333333,21.687437641723356,21.770014593448007,-82.57695172465063,76,80,A段 主题
Lang Lang,210,25.788387508333333,21.687437641723356,21.770014593448007,-82.57695172465063,59,80,A段 主题
Lang Lang,211,25.85417700833333,21.91963718820862,21.825552706276223,94.08448193239494,61,80,A段 主题
Lang Lang,212,25.91996650833333,21.91963718820862,21.881090819104443,38.54636910417497,68,80,A段 主题
Lang Lang,213,26.31470350833333,22.267936507936508,22.214319496073756,53.617011862751696,78,80,A段 主题
Lang Lang,214,26.31470350833333,22.267936507936508,22.214319496073756,53.617011862751696,54,80,A段 主题
Lang Lang,215,26.57786150833333,22.267936507936508,22.436471947386632,-168.5354394501246,81,80,A段 主题
Lang Lang,216,26.57786150833333,22.267936507936508,22.436471947386632,-168.5354394501246,61,80,A段 主题
Lang Lang,217,26.643651008333332,22.66267573696145,22.492010060214852,170.66567674659794,83,80,A段 主题
Lang Lang,218,26.70944050833333,22.66267573696145,22.54754817304307,115.12756391838153,81,80,A段 主题
Lang Lang,219,26.841019508333332,22.66267573696145,22.65862439869951,4.051338261941595,66,80,A段 主题
Lang Lang,220,26.841019508333332,22.66267573696145,22.65862439869951,4.051338261941595,69,80,A段 主题
Lang Lang,221,27.104177508333333,22.894875283446712,22.880776850012385,14.098433434327262,78,80,A段 主题
Lang Lang,222,27.367335508333333,23.127074829931974,23.102929301325258,24.145528606716482,76,80,A段 主题
Lang Lang,223,27.367335508333333,23.127074829931974,23.102929301325258,24.145528606716482,49,80,A段 主题
Lang Lang,224,27.63049350833333,23.45215419501134,23.325081752638134,127.07244237320481,73,80,A段 主题
Lang Lang,225,27.893651508333335,23.45215419501134,23.54723420395101,-95.0800089396715,76,80,A段 主题
Lang Lang,226,27.893651508333335,23.45215419501134,23.54723420395101,-95.0800089396715,59,80,A段 主题
Lang Lang,227,27.959441008333332,23.45215419501134,23.60277231677923,-150.61812176789147,61,80,A段 主题
Lang Lang,228,28.02523050833333,23.754013605442175,23.658310429607447,95.70317583472843,68,80,A段 主题
Lang Lang,229,28.419967508333333,24.14875283446712,23.99153910657676,157.2137278903618,78,80,A段 主题
Lang Lang,230,28.419967508333333,24.14875283446712,23.99153910657676,157.2137278903618,54,80,A段 主题
Lang Lang,231,28.683125508333333,24.14875283446712,24.213691557889636,-64.9387234225145,81,80,A段 主题
Lang Lang,232,28.683125508333333,24.14875283446712,24.213691557889636,-64.9387234225145,61,80,A段 主题
Lang Lang,233,28.748915008333334,24.14875283446712,24.269229670717856,-120.47683625073446,83,80,A段 主题
Lang Lang,234,28.81470450833333,24.49705215419501,24.324767783546076,172.28437064893498,81,80,A段 主题
Lang Lang,235,28.94628350833333,24.49705215419501,24.435844009202512,61.2081449924986,66,80,A段 主题
Lang Lang,236,28.94628350833333,24.49705215419501,24.435844009202512,61.2081449924986,69,80,A段 主题
Lang Lang,237,29.209441508333335,24.79891156462585,24.65799646051539,140.91510411046215,78,80,A段 主题
Lang Lang,238,29.47259950833333,24.79891156462585,24.88014891182826,-81.2373472024106,76,80,A段 主题
Lang Lang,239,29.47259950833333,24.79891156462585,24.88014891182826,-81.2373472024106,61,80,A段 主题
Lang Lang,240,29.47259950833333,24.79891156462585,24.88014891182826,-81.2373472024106,64,80,A段 主题
Lang Lang,241,29.47259950833333,24.79891156462585,24.88014891182826,-81.2373472024106,68,80,A段 主题
Lang Lang,242,29.735757508333332,25.054331065759637,25.102301363141137,-47.97029738150016,73,80,A段 主题
Lang Lang,243,29.998915508333333,25.379410430839002,25.324453814454014,54.956616384988166,76,80,A段 主题
Lang Lang,244,29.998915508333333,25.379410430839002,25.324453814454014,54.956616384988166,59,80,A段 主题
Lang Lang,245,30.26207350833333,25.658049886621317,25.54660626576689,111.44362085442694,78,80,A段 主题
Lang Lang,246,30.525231508333334,25.890249433106575,25.768758717079766,121.49071602680905,73,80,A段 主题
Lang Lang,247,30.525231508333334,25.890249433106575,25.768758717079766,121.49071602680905,57,80,A段 主题
Lang Lang,248,30.525231508333334,25.890249433106575,25.768758717079766,121.49071602680905,61,80,A段 主题
Lang Lang,249,30.525231508333334,25.890249433106575,25.768758717079766,121.49071602680905,64,80,A段 主题
Lang Lang,250,31.314705508333333,26.261768707482993,26.43521607101839,-173.44736353539858,64,80,A段 主题
Lang Lang,251,31.57786350833333,26.679727891156464,26.657368522331264,22.35936882519951,66,80,A段 主题
Lang Lang,252,31.57786350833333,26.679727891156464,26.657368522331264,22.35936882519951,57,80,A段 主题
Lang Lang,253,31.57786350833333,26.679727891156464,26.657368522331264,22.35936882519951,61,80,A段 主题
Lang Lang,254,31.57786350833333,26.679727891156464,26.657368522331264,22.35936882519951,54,80,A段 主题
Lang Lang,255,31.841021508333334,26.93514739229025,26.879520973644144,55.6264186461064,68,80,A段 主题
Lang Lang,256,32.10417950833333,26.93514739229025,27.101673424957017,-166.52603266676635,66,80,A段 主题
Lang Lang,257,32.10417950833333,26.93514739229025,27.101673424957017,-166.52603266676635,52,80,A段 主题
Lang Lang,258,32.367337508333335,27.28344671201814,27.323825876269897,-40.379164251756805,64,80,A段 主题
Lang Lang,259,32.63049550833333,27.492426303854874,27.54597832758277,-53.552023727895914,73,80,A段 主题
Lang Lang,260,32.63049550833333,27.492426303854874,27.54597832758277,-53.552023727895914,49,80,A段 主题
Lang Lang,261,32.89365350833333,27.88716553287982,27.768130778895642,119.0347539841774,76,80,A段 主题
Lang Lang,262,32.89365350833333,27.88716553287982,27.768130778895642,119.0347539841774,56,80,A段 主题
Lang Lang,263,32.95944300833333,27.88716553287982,27.823668891723862,63.496641155957434,78,80,A段 主题
Lang Lang,264,33.02523250833333,27.88716553287982,27.879207004552082,7.9585283277374685,76,80,A段 主题
Lang Lang,265,33.156811508333334,27.88716553287982,27.990283230208522,-103.11769732870246,61,80,A段 主题
Lang Lang,266,33.156811508333334,27.88716553287982,27.990283230208522,-103.11769732870246,64,80,A段 主题
Lang Lang,267,33.41996950833333,28.189024943310656,28.212435681521395,-23.410738210738913,73,80,A段 主题
Lang Lang,268,33.683127508333335,28.583764172335602,28.434588132834275,149.1760395013273,71,80,A段 主题
Lang Lang,269,33.683127508333335,28.583764172335602,28.434588132834275,149.1760395013273,50,80,A段 主题
Lang Lang,270,33.94628550833333,28.583764172335602,28.656740584147148,-72.97641181154546,69,80,A段 主题
Lang Lang,271,34.20944350833333,28.81596371882086,28.87889303546002,-62.929316639159794,71,80,A段 主题
Lang Lang,272,34.20944350833333,28.81596371882086,28.87889303546002,-62.929316639159794,59,80,A段 主题
Lang Lang,273,34.27523300833333,28.81596371882086,28.93443114828824,-118.46742946737976,64,80,A段 主题
Lang Lang,274,34.34102250833333,29.1178231292517,28.98996926111646,127.85386813524013,66,80,A段 主题
Lang Lang,275,34.73575950833333,29.350022675736962,29.323197938085773,26.824737651189423,73,80,A段 主题
Lang Lang,276,34.73575950833333,29.350022675736962,29.323197938085773,26.824737651189423,49,80,A段 主题
Lang Lang,277,34.998917508333335,29.628662131519274,29.545350389398653,83.31174212062109,76,80,A段 主题
Lang Lang,278,34.998917508333335,29.628662131519274,29.545350389398653,83.31174212062109,56,80,A段 主题
Lang Lang,279,35.06470700833333,29.628662131519274,29.600888502226866,27.77362929240823,78,80,A段 主题
Lang Lang,280,35.13049650833333,29.628662131519274,29.656426615055086,-27.764483535811735,76,80,A段 主题
Lang Lang,281,35.26207550833333,29.628662131519274,29.767502840711526,-138.84070919225167,61,80,A段 主题
Lang Lang,282,35.26207550833333,29.628662131519274,29.767502840711526,-138.84070919225167,64,80,A段 主题
Lang Lang,283,35.52523350833333,29.976961451247167,29.9896552920244,-12.693840777231458,73,80,A段 主题
Lang Lang,284,35.78839150833333,30.37170068027211,30.21180774333728,159.8929369348312,71,80,A段 主题
Lang Lang,285,35.78839150833333,30.37170068027211,30.21180774333728,159.8929369348312,50,80,A段 主题
Lang Lang,286,36.05154950833333,30.37170068027211,30.43396019465015,-62.25951437804156,69,80,A段 主题
Lang Lang,287,36.314707508333335,30.72,30.65611264596303,63.88735403696799,71,80,A段 主题
Lang Lang,288,36.314707508333335,30.72,30.65611264596303,63.88735403696799,59,80,A段 主题
Lang Lang,289,36.38049700833333,30.72,30.711650758791244,8.349241208755132,64,80,A段 主题
Lang Lang,290,36.44628650833333,30.72,30.767188871619464,-47.188871619464834,66,80,A段 主题
Lang Lang,291,36.84102350833333,30.95219954648526,31.100417548588776,-148.21800210351554,73,80,A段 主题
Lang Lang,292,36.84102350833333,30.95219954648526,31.100417548588776,-148.21800210351554,49,80,A段 主题
Lang Lang,293,37.10418150833333,31.32371882086168,31.322569999901656,1.1488209600223342,76,80,A段 主题
Lang Lang,294,37.10418150833333,31.32371882086168,31.322569999901656,1.1488209600223342,56,80,A段 主题
Lang Lang,295,37.169971008333334,31.32371882086168,31.378108112729876,-54.38929186819763,78,80,A段 主题
Lang Lang,296,37.235760508333335,31.32371882086168,31.433646225558096,-109.9274046964176,76,80,A段 主题
Lang Lang,297,37.36733950833333,31.648798185941043,31.54472245121453,104.07573472651421,61,80,A段 主题
Lang Lang,298,37.36733950833333,31.648798185941043,31.54472245121453,104.07573472651421,64,80,A段 主题
Lang Lang,299,37.630497508333335,31.648798185941043,31.76687490252741,-118.07671658636565,73,80,A段 主题
Lang Lang,300,37.89365550833333,31.90421768707483,31.98902735384028,-84.80966676545165,71,80,A段 主题
Lang Lang,301,37.89365550833333,31.90421768707483,31.98902735384028,-84.80966676545165,52,80,A段 主题
Lang Lang,302,37.89365550833333,31.90421768707483,31.98902735384028,-84.80966676545165,59,80,A段 主题
Lang Lang,303,37.89365550833333,31.90421768707483,31.98902735384028,-84.80966676545165,62,80,A段 主题
Lang Lang,304,38.15681350833333,32.15963718820862,32.21117980515316,-51.542616944537656,68,80,A段 主题
Lang Lang,305,38.41997150833333,32.53115646258503,32.43333225646604,97.82420611899312,64,80,A段 主题
Lang Lang,306,38.41997150833333,32.53115646258503,32.43333225646604,97.82420611899312,54,80,A段 主题
Lang Lang,307,38.68312950833333,32.53115646258503,32.65548470777891,-124.32824519387964,66,80,A段 主题
Lang Lang,308,38.946287508333334,32.879455782312924,32.87763715909179,1.818623221133464,69,80,A段 主题
Lang Lang,309,38.946287508333334,32.879455782312924,32.87763715909179,1.818623221133464,45,80,A段 主题
Lang Lang,310,39.73576150833333,33.34385487528345,33.544094513030416,-200.23963774696796,57,80,A段 主题
Lang Lang,311,39.73576150833333,33.34385487528345,33.544094513030416,-200.23963774696796,61,80,A段 主题
Lang Lang,312,39.73576150833333,33.34385487528345,33.544094513030416,-200.23963774696796,52,80,A段 主题
Lang Lang,313,39.99891950833333,33.877913832199546,33.76624696434329,111.66686785625757,57,80,A段 主题
Lang Lang,314,39.99891950833333,33.877913832199546,33.76624696434329,111.66686785625757,61,80,A段 主题
Lang Lang,315,39.99891950833333,33.877913832199546,33.76624696434329,111.66686785625757,54,80,A段 主题
Lang Lang,316,40.262077508333334,33.877913832199546,33.98839941565616,-110.48558345661519,52,80,A段 主题
Lang Lang,317,40.52523550833333,34.11011337868481,34.21055186696904,-100.43848828423307,57,80,A段 主题
Lang Lang,318,40.52523550833333,34.11011337868481,34.21055186696904,-100.43848828423307,61,80,A段 主题
Lang Lang,319,40.52523550833333,34.11011337868481,34.21055186696904,-100.43848828423307,54,80,A段 主题
Lang Lang,320,40.788393508333336,34.38875283446712,34.432704318281914,-43.9514838147943,52,80,A段 主题
Lang Lang,321,41.05155150833333,34.71383219954649,34.654856769594794,58.975429951694025,57,80,A段 主题
Lang Lang,322,41.05155150833333,34.71383219954649,34.654856769594794,58.975429951694025,62,80,A段 主题
Lang Lang,323,41.05155150833333,34.71383219954649,34.654856769594794,58.975429951694025,66,80,A段 主题
Lang Lang,324,41.05155150833333,34.71383219954649,34.654856769594794,58.975429951694025,69,80,A段 主题
Lang Lang,325,41.05155150833333,34.71383219954649,34.654856769594794,58.975429951694025,45,80,A段 主题
Lang Lang,326,41.05155150833333,34.71383219954649,34.654856769594794,58.975429951694025,50,80,A段 主题
Lang Lang,327,41.31470950833333,35.015691609977324,34.87700922090767,138.68238906965757,57,80,A段 主题
Lang Lang,328,41.577867508333334,35.015691609977324,35.09916167222054,-83.47006224321518,59,80,A段 主题
Lang Lang,329,41.84102550833333,35.36399092970522,35.32131412353342,42.67680617179792,69,80,A段 主题
Lang Lang,330,41.84102550833333,35.36399092970522,35.32131412353342,42.67680617179792,74,80,A段 主题
Lang Lang,331,41.84102550833333,35.36399092970522,35.32131412353342,42.67680617179792,78,80,A段 主题
Lang Lang,332,41.84102550833333,35.36399092970522,35.32131412353342,42.67680617179792,66,80,A段 主题
Lang Lang,333,42.104183508333335,35.64263038548753,35.54346657484629,99.1638106412367,74,80,A段 主题
Lang Lang,334,42.104183508333335,35.64263038548753,35.54346657484629,99.1638106412367,78,80,A段 主题
Lang Lang,335,42.104183508333335,35.64263038548753,35.54346657484629,99.1638106412367,69,80,A段 主题
Lang Lang,336,42.36734150833333,35.64263038548753,35.765619026159165,-122.98864067163606,71,80,A段 主题
Lang Lang,337,42.63049950833333,36.014149659863946,35.987771477472045,26.378182391901817,74,80,A段 主题
Lang Lang,338,42.63049950833333,36.014149659863946,35.987771477472045,26.378182391901817,78,80,A段 主题
Lang Lang,339,42.63049950833333,36.014149659863946,35.987771477472045,26.378182391901817,69,80,A段 主题
Lang Lang,340,42.893657508333334,36.22312925170068,36.20992392878492,13.20532291576626,66,80,A段 主题
Lang Lang,341,43.15681550833333,36.432108843537414,36.4320763800978,0.03246343961649245,57,80,A段 主题
Lang Lang,342,43.15681550833333,36.432108843537414,36.4320763800978,0.03246343961649245,61,80,A段 主题
Lang Lang,343,43.15681550833333,36.432108843537414,36.4320763800978,0.03246343961649245,64,80,A段 主题
Lang Lang,344,43.15681550833333,36.432108843537414,36.4320763800978,0.03246343961649245,69,80,A段 主题
Lang Lang,345,43.15681550833333,36.432108843537414,36.4320763800978,0.03246343961649245,45,80,A段 主题
Lang Lang,346,43.15681550833333,36.432108843537414,36.4320763800978,0.03246343961649245,52,80,A段 主题
Lang Lang,347,43.419973508333335,36.73396825396826,36.65422883141067,79.73942255758715,59,77,A段 主题
Lang Lang,348,43.68313150833333,36.73396825396826,36.87638128272354,-142.4130287552856,61,73,A段 主题
Lang Lang,349,43.94628950833333,37.08226757369614,37.09853373403642,-16.26616034027961,69,69,A段 主题
Lang Lang,350,43.94628950833333,37.08226757369614,37.09853373403642,-16.26616034027961,73,69,A段 主题
Lang Lang,351,43.94628950833333,37.08226757369614,37.09853373403642,-16.26616034027961,76,69,A段 主题
Lang Lang,352,43.94628950833333,37.08226757369614,37.09853373403642,-16.26616034027961,64,69,A段 主题
Lang Lang,353,44.209447508333334,37.29124716553288,37.320686185349295,-29.43901981641517,73,65,A段 主题
Lang Lang,354,44.209447508333334,37.29124716553288,37.320686185349295,-29.43901981641517,76,65,A段 主题
Lang Lang,355,44.209447508333334,37.29124716553288,37.320686185349295,-29.43901981641517,69,65,A段 主题
Lang Lang,356,44.47260550833333,37.56988662131519,37.54283863666217,27.047984653023605,71,61,A段 主题
Lang Lang,357,44.735763508333335,37.918185941043085,37.76499108797505,153.1948530680367,73,57,A段 主题
Lang Lang,358,44.735763508333335,37.918185941043085,37.76499108797505,153.1948530680367,76,57,A段 主题
Lang Lang,359,44.735763508333335,37.918185941043085,37.76499108797505,153.1948530680367,69,57,A段 主题
Lang Lang,360,44.99892150833333,37.918185941043085,37.98714353928792,-68.95759824483605,64,53,A段 主题
Lang Lang,361,45.26207950833333,38.17360544217687,38.2092959906008,-35.69054842392916,81,49,A段 主题
Lang Lang,362,45.52523750833333,38.521904761904764,38.43144844191367,90.45631999109105,83,49,A段 主题
Lang Lang,363,45.52523750833333,38.521904761904764,38.43144844191367,90.45631999109105,69,49,A段 主题
Lang Lang,364,45.78839550833333,38.521904761904764,38.653600893226546,-131.6961313217817,73,49,A段 主题
Lang Lang,365,46.051553508333335,38.963083900226756,38.875753344539426,87.3305556873305,85,49,A段 主题
Lang Lang,366,46.051553508333335,38.963083900226756,38.875753344539426,87.3305556873305,76,49,A段 主题
Lang Lang,367,46.31471150833333,38.963083900226756,39.0979057958523,-134.82189562554225,90,49,A段 主题
Lang Lang,368,46.31471150833333,38.963083900226756,39.0979057958523,-134.82189562554225,68,49,A段 主题
Lang Lang,369,46.57786950833333,39.24172335600907,39.32005824716517,-78.33489115610348,88,49,A段 主题
Lang Lang,370,46.57786950833333,39.24172335600907,39.32005824716517,-78.33489115610348,69,49,A段 主题
Lang Lang,371,46.84102750833333,39.450702947845805,39.54221069847805,-91.50775063224614,85,49,A段 主题
Lang Lang,372,46.84102750833333,39.450702947845805,39.54221069847805,-91.50775063224614,73,49,A段 主题
Lang Lang,373,47.10418550833333,39.84544217687075,39.764363149790924,81.07902707982362,76,49,A段 主题
Lang Lang,374,47.367343508333335,40.07764172335601,39.986515601103804,91.12612225220573,93,49,A段 主题
Lang Lang,375,47.367343508333335,40.07764172335601,39.986515601103804,91.12612225220573,66,49,A段 主题
Lang Lang,376,47.63050150833333,40.07764172335601,40.20866805241668,-131.02632906066702,69,49,A段 主题
Lang Lang,377,47.893659508333336,40.542040816326534,40.43082050372956,111.22031259697707,73,49,A段 主题
Lang Lang,378,48.15681750833333,40.542040816326534,40.65297295504243,-110.93213871589569,88,49,A段 主题
Lang Lang,379,48.15681750833333,40.542040816326534,40.65297295504243,-110.93213871589569,76,49,A段 主题
Lang Lang,380,48.41997550833334,40.89034013605442,40.87512540635531,15.214729699110308,90,49,A段 主题
Lang Lang,381,48.41997550833334,40.89034013605442,40.87512540635531,15.214729699110308,64,49,A段 主题
Lang Lang,382,48.683133508333334,41.09931972789116,41.09727785766818,2.041870222974751,78,49,A段 主题
Lang Lang,383,48.683133508333334,41.09931972789116,41.09727785766818,2.041870222974751,69,49,A段 主题
Lang Lang,384,48.748923008333335,41.09931972789116,41.152815970496405,-53.49624260524877,80,49,A段 主题
Lang Lang,385,48.814712508333336,41.308299319727894,41.20835408332462,99.94523640327202,78,49,A段 主题
Lang Lang,386,48.94629150833333,41.308299319727894,41.319430308981055,-11.130989253160806,76,49,A段 主题
Lang Lang,387,48.94629150833333,41.308299319727894,41.319430308981055,-11.130989253160806,73,49,A段 主题
Lang Lang,388,49.209449508333336,41.517278911564624,41.541582760293934,-24.303848729310573,78,49,A段 主题
Lang Lang,389,49.209449508333336,41.517278911564624,41.541582760293934,-24.303848729310573,76,49,A段 主题
Lang Lang,390,49.47260750833333,41.84235827664399,41.76373521160681,78.62306503718486,93,49,A段 主题
Lang Lang,391,49.47260750833333,41.84235827664399,41.76373521160681,78.62306503718486,61,49,A段 主题
Lang Lang,392,49.73576550833334,41.84235827664399,41.98588766291969,-143.529386275695,88,49,A段 主题
Lang Lang,393,49.73576550833334,41.84235827664399,41.98588766291969,-143.529386275695,64,49,A段 主题
Lang Lang,394,49.998923508333334,42.190657596371885,42.20804011423256,-17.382517860674795,66,49,A段 主题
Lang Lang,395,50.26208150833333,42.44607709750567,42.43019256554543,15.884531960239201,92,49,A段 主题
Lang Lang,396,50.26208150833333,42.44607709750567,42.43019256554543,15.884531960239201,69,49,A段 主题
Lang Lang,397,50.525239508333335,42.72471655328798,42.65234501685831,72.37153642967087,90,49,A段 主题
Lang Lang,398,50.525239508333335,42.72471655328798,42.65234501685831,72.37153642967087,73,49,A段 主题
Lang Lang,399,50.78839750833333,42.93369614512471,42.874497468171185,59.19867695352821,76,49,A段 主题
Lang Lang,400,51.05155550833334,43.23555555555556,43.096649919484065,138.90563607149176,88,49,A段 主题
Lang Lang,401,51.05155550833334,43.23555555555556,43.096649919484065,138.90563607149176,78,49,A段 主题
Lang Lang,402,51.314713508333334,43.23555555555556,43.31880237079694,-83.246815241381,81,49,A段 主题
Lang Lang,403,51.57787150833333,43.58385487528345,43.54095482210981,42.90005317363921,85,49,A段 主题
Lang Lang,404,51.57787150833333,43.58385487528345,43.54095482210981,42.90005317363921,61,49,A段 主题
Lang Lang,405,51.57787150833333,43.58385487528345,43.54095482210981,42.90005317363921,68,49,A段 主题
Lang Lang,406,51.57787150833333,43.58385487528345,43.54095482210981,42.90005317363921,73,49,A段 主题
Lang Lang,407,51.64256451666667,43.58385487528345,43.59556729972423,-11.712424440780467,86,49,A段 主题
Lang Lang,408,51.70835401666667,43.58385487528345,43.651105412552454,-67.25053726900398,85,49,A段 主题
Lang Lang,409,51.773047025000004,43.816054421768705,43.705717890166866,110.33653160183832,86,49,A段 主题
Lang Lang,410,51.841029508333335,43.816054421768705,43.76310727342269,52.94714834601422,85,49,A段 主题
Lang Lang,411,51.905722516666664,43.816054421768705,43.8177197510371,-1.6653292683983523,86,49,A段 主题
Lang Lang,412,51.971512016666665,43.816054421768705,43.87325786386533,-57.20344209662187,85,49,A段 主题
Lang Lang,413,52.036205025,44.02503401360544,43.92787034147974,97.16367212570276,86,49,A段 主题
Lang Lang,414,52.10418750833333,44.02503401360544,43.98525972473556,39.77428886987866,85,49,A段 主题
Lang Lang,415,52.16888051666667,44.02503401360544,44.03987220234998,-14.838188744541014,86,49,A段 主题
Lang Lang,416,52.23467001666667,44.02503401360544,44.0954103151782,-70.37630157275743,85,49,A段 主题
Lang Lang,417,52.299363025,44.02503401360544,44.15002279279261,-124.98877918717,86,49,A段 主题
Lang Lang,418,52.36734550833334,44.28045351473923,44.20741217604844,73.04133869078555,85,49,A段 主题
Lang Lang,419,52.36734550833334,44.28045351473923,44.20741217604844,73.04133869078555,76,49,A段 主题
Lang Lang,420,52.432038516666665,44.28045351473923,44.262024653662856,18.428861076372982,86,49,A段 主题
Lang Lang,421,52.497828016666666,44.28045351473923,44.31756276649108,-37.109251751850536,85,49,A段 主题
Lang Lang,422,52.562521025,44.28045351473923,44.37217524410549,-91.7217293662631,86,49,A段 主题
Lang Lang,423,52.630503508333334,44.55909297052154,44.429564627361316,129.52834316022432,85,49,A段 主题
Lang Lang,424,52.630503508333334,44.55909297052154,44.429564627361316,129.52834316022432,78,49,A段 主题
Lang Lang,425,52.69519651666667,44.55909297052154,44.484177104975736,74.91586554580465,86,49,A段 主题
Lang Lang,426,52.76098601666667,44.55909297052154,44.53971521780395,19.377752717588237,85,49,A段 主题
Lang Lang,427,52.825679025,44.55909297052154,44.594327695418364,-35.23472489682433,86,49,A段 主题
Lang Lang,428,52.89366150833333,44.55909297052154,44.65171707867419,-92.62410815264843,85,49,A段 主题
Lang Lang,429,52.89366150833333,44.55909297052154,44.65171707867419,-92.62410815264843,80,49,A段 主题
Lang Lang,430,52.95835451666667,44.76807256235828,44.70632955628861,61.74300606966909,86,49,A段 主题
Lang Lang,431,53.02414401666667,44.76807256235828,44.76186766911683,6.204893241445575,85,49,A段 主题
Lang Lang,432,53.088837025000004,44.76807256235828,44.816480146731244,-48.407584372966994,86,49,A段 主题
Lang Lang,433,53.156819508333335,44.76807256235828,44.87386952998707,-105.7969676287911,85,49,A段 主题
Lang Lang,434,53.156819508333335,44.76807256235828,44.87386952998707,-105.7969676287911,78,49,A段 主题
Lang Lang,435,53.221512516666664,45.00027210884354,44.92848200760148,71.79010124205831,86,49,A段 主题
Lang Lang,436,53.287302016666665,45.00027210884354,44.984020120429705,16.251988413834795,85,49,A段 主题
Lang Lang,437,53.351995025,45.00027210884354,45.03863259804412,-38.360489200577774,86,49,A段 主题
Lang Lang,438,53.41997750833333,45.00027210884354,45.09602198129994,-95.74987245640187,85,49,A段 主题
Lang Lang,439,53.41997750833333,45.00027210884354,45.09602198129994,-95.74987245640187,76,49,A段 主题
Lang Lang,440,53.48467051666667,45.00027210884354,45.15063445891436,-150.36235007082155,86,49,A段 主题
Lang Lang,441,53.55046001666667,45.3253514739229,45.20617257174258,119.17890218032312,85,49,A段 主题
Lang Lang,442,53.615153025,45.3253514739229,45.26078504935699,64.56642456591055,86,49,A段 主题
Lang Lang,443,53.683135508333336,45.3253514739229,45.31817443261282,7.177041310079346,83,49,A段 主题
Lang Lang,444,53.683135508333336,45.3253514739229,45.31817443261282,7.177041310079346,64,49,A段 主题
Lang Lang,445,53.683135508333336,45.3253514739229,45.31817443261282,7.177041310079346,66,49,A段 主题
Lang Lang,446,53.683135508333336,45.3253514739229,45.31817443261282,7.177041310079346,71,49,A段 主题
Lang Lang,447,53.94629350833333,45.627210884353744,45.540326883925694,86.88400042805,85,49,A段 主题
Lang Lang,448,54.20945150833333,45.836190476190474,45.76247933523857,73.71114095190734,88,49,A段 主题
Lang Lang,449,54.472609508333335,45.836190476190474,45.98463178655145,-148.44131036097252,83,49,A段 主题
Lang Lang,450,54.472609508333335,45.836190476190474,45.98463178655145,-148.44131036097252,62,49,A段 主题
Lang Lang,451,54.73576750833333,46.18448979591837,46.20678423786432,-22.294441945952315,76,49,A段 主题
Lang Lang,452,54.73576750833333,46.18448979591837,46.20678423786432,-22.294441945952315,80,49,A段 主题
Lang Lang,453,54.73576750833333,46.18448979591837,46.20678423786432,-22.294441945952315,85,49,A段 主题
Lang Lang,454,54.73576750833333,46.18448979591837,46.20678423786432,-22.294441945952315,61,49,A段 主题
Lang Lang,455,54.998925508333336,46.46312925170068,46.4289366891772,34.19256252347935,68,49,A段 主题
Lang Lang,456,55.26208350833333,46.78820861678005,46.65108914049007,137.11947628997478,73,49,A段 主题
Lang Lang,457,55.52524150833333,46.78820861678005,46.873241591802945,-85.03297502289797,88,49,A段 主题
Lang Lang,458,55.788399508333335,47.02040816326531,47.095394043115824,-74.98587985051586,80,49,A段 主题
Lang Lang,459,55.788399508333335,47.02040816326531,47.095394043115824,-74.98587985051586,85,49,A段 主题
Lang Lang,460,55.788399508333335,47.02040816326531,47.095394043115824,-74.98587985051586,64,49,A段 主题
Lang Lang,461,56.05155750833333,47.57768707482993,47.3175464944287,260.14058040123444,68,49,A段 主题
Lang Lang,462,56.314715508333336,47.57768707482993,47.53969894574158,37.98812908835458,71,49,A段 主题
Lang Lang,463,56.57787350833333,47.85632653061224,47.76185139705445,94.47513355779336,83,49,A段 主题
Lang Lang,464,56.57787350833333,47.85632653061224,47.76185139705445,94.47513355779336,73,49,A段 主题
Lang Lang,465,56.84103150833334,48.06530612244898,47.98400384836733,81.3022740816507,73,49,A段 主题
Lang Lang,466,56.84103150833334,48.06530612244898,47.98400384836733,81.3022740816507,78,49,A段 主题
Lang Lang,467,56.84103150833334,48.06530612244898,47.98400384836733,81.3022740816507,66,49,A段 主题
Lang Lang,468,57.104189508333334,48.27428571428572,48.2061562996802,68.12941460551514,69,49,A段 主题
Lang Lang,469,57.36734750833333,48.576145124716554,48.428308750993075,147.8363737234787,71,49,A段 主题
Lang Lang,470,57.630505508333336,48.576145124716554,48.650461202305955,-74.31607758940117,73,49,A段 主题
Lang Lang,471,57.89366350833333,48.901224489795915,48.87261365361883,28.61083617708715,81,49,A段 主题
Lang Lang,472,57.89366350833333,48.901224489795915,48.87261365361883,28.61083617708715,88,49,A段 主题
Lang Lang,473,57.89366350833333,48.901224489795915,48.87261365361883,28.61083617708715,61,49,A段 主题
Lang Lang,474,57.89366350833333,48.901224489795915,48.87261365361883,28.61083617708715,64,49,A段 主题
Lang Lang,475,57.89366350833333,48.901224489795915,48.87261365361883,28.61083617708715,69,49,A段 主题
Lang Lang,476,58.28840050833333,49.13342403628118,49.20584233058814,-72.41829430696356,90,49,A段 主题
Lang Lang,477,58.419979508333334,49.36562358276644,49.31691855624458,48.705026521858485,88,49,A段 主题
Lang Lang,478,58.68313750833333,49.574603174603176,49.53907100755745,35.53216704572293,81,49,A段 主题
Lang Lang,479,58.68313750833333,49.574603174603176,49.53907100755745,35.53216704572293,85,49,A段 主题
Lang Lang,480,58.68313750833333,49.574603174603176,49.53907100755745,35.53216704572293,64,49,A段 主题
Lang Lang,481,58.68313750833333,49.574603174603176,49.53907100755745,35.53216704572293,69,49,A段 主题
Lang Lang,482,58.68313750833333,49.574603174603176,49.53907100755745,35.53216704572293,73,49,A段 主题
Lang Lang,483,58.946295508333336,49.87646258503401,49.76122345887033,115.23912616367937,81,49,A段 主题
Lang Lang,484,58.946295508333336,49.87646258503401,49.76122345887033,115.23912616367937,85,49,A段 主题
Lang Lang,485,59.20945350833333,49.87646258503401,49.983375910183206,-106.91332514919338,88,49,A段 主题
Lang Lang,486,59.47261150833334,50.1318820861678,50.205528361496086,-73.64627532828649,76,49,A段 主题
Lang Lang,487,59.47261150833334,50.1318820861678,50.205528361496086,-73.64627532828649,83,49,A段 主题
Lang Lang,488,59.47261150833334,50.1318820861678,50.205528361496086,-73.64627532828649,66,49,A段 主题
Lang Lang,489,59.47261150833334,50.1318820861678,50.205528361496086,-73.64627532828649,71,49,A段 主题
Lang Lang,490,59.47261150833334,50.1318820861678,50.205528361496086,-73.64627532828649,74,49,A段 主题
Lang Lang,491,59.99892750833333,50.50340136054422,50.64983326412183,-146.43190357761426,76,49,A段 主题
Lang Lang,492,59.99892750833333,50.50340136054422,50.64983326412183,-146.43190357761426,81,49,A段 主题
Lang Lang,493,59.99892750833333,50.50340136054422,50.64983326412183,-146.43190357761426,69,49,A段 主题
Lang Lang,494,60.06362051666667,50.73560090702948,50.70444574173625,31.155165293228038,73,49,A段 主题
Lang Lang,495,60.262085508333335,50.73560090702948,50.87198571543471,-136.38480840523215,78,49,A段 主题
Lang Lang,496,60.52524350833333,51.037460317460315,51.094138166747584,-56.6778492872686,76,49,A段 主题
Lang Lang,497,60.78840150833334,51.2928798185941,51.316290618060464,-23.41079946636171,73,49,A段 主题
Lang Lang,498,61.051559508333334,51.50185941043084,51.538443069373336,-36.583658942497266,69,49,B段 抒情
Lang Lang,499,61.31471750833333,51.7340589569161,51.76059552068621,-26.536563770108046,66,49,B段 抒情
Lang Lang,500,61.577875508333335,51.94303854875283,51.98274797199909,-39.70942324625781,64,49,B段 抒情
Lang Lang,501,61.84103350833333,52.244897959183675,52.20490042331196,39.99753587171284,61,49,B段 抒情
Lang Lang,502,62.10419150833334,52.54675736961451,52.42705287462484,119.70449498966929,57,80,B段 抒情
Lang Lang,503,62.23577050833333,52.54675736961451,52.538129100281274,8.62826933323646,69,33,B段 抒情
Lang Lang,504,62.367349508333334,52.54675736961451,52.649205325937714,-102.44795632320347,73,33,B段 抒情
Lang Lang,505,62.367349508333334,52.54675736961451,52.649205325937714,-102.44795632320347,59,59,B段 抒情
Lang Lang,506,62.498928508333336,52.82539682539682,52.760281551594154,65.11527380266813,76,33,B段 抒情
Lang Lang,507,62.63050750833333,52.82539682539682,52.87135777725059,-45.9609518537647,78,33,B段 抒情
Lang Lang,508,62.76208650833333,53.03437641723356,52.98243400290703,51.94241432653257,81,33,B段 抒情
Lang Lang,509,62.893665508333335,53.03437641723356,53.09351022856347,-59.13381132990736,85,33,B段 抒情
Lang Lang,510,62.893665508333335,53.03437641723356,53.09351022856347,-59.13381132990736,61,59,B段 抒情
Lang Lang,511,63.02524450833334,53.2433560090703,53.20458645421991,38.76955485038991,88,33,B段 抒情
Lang Lang,512,63.15682350833333,53.2433560090703,53.31566267987634,-72.30667080604292,90,33,B段 抒情
Lang Lang,513,63.15682350833333,53.2433560090703,53.31566267987634,-72.30667080604292,66,59,B段 抒情
Lang Lang,514,63.288402508333334,53.47555555555556,53.42673890553278,48.81665002277913,88,33,B段 抒情
Lang Lang,515,63.419981508333336,53.47555555555556,53.53781513118922,-62.2595756336608,85,33,B段 抒情
Lang Lang,516,63.419981508333336,53.47555555555556,53.53781513118922,-62.2595756336608,64,59,B段 抒情
Lang Lang,517,63.55156050833333,53.777414965986395,53.64889135684565,128.52360914074268,81,33,B段 抒情
Lang Lang,518,63.68313950833333,53.777414965986395,53.75996758250209,17.447383484302748,78,33,B段 抒情
Lang Lang,519,63.68313950833333,53.777414965986395,53.75996758250209,17.447383484302748,61,59,B段 抒情
Lang Lang,520,63.814718508333335,53.777414965986395,53.87104380815853,-93.62884217213718,76,33,B段 抒情
Lang Lang,521,63.94629750833333,53.98639455782313,53.982120033814965,4.274524008167191,73,33,B段 抒情
Lang Lang,522,64.07787650833333,53.98639455782313,54.093196259471405,-106.80170164827274,69,33,B段 抒情
Lang Lang,523,64.20945550833333,54.24181405895692,54.204272485127845,37.54157382907408,54,59,B段 抒情
Lang Lang,524,64.27414851666667,54.24181405895692,54.258884962742265,-17.070903785345592,61,59,B段 抒情
Lang Lang,525,64.34103450833334,54.24181405895692,54.315348710784285,-73.53465182736585,73,33,B段 抒情
Lang Lang,526,64.34103450833334,54.24181405895692,54.315348710784285,-73.53465182736585,69,59,B段 抒情
Lang Lang,527,64.47261350833332,54.45079365079365,54.42642493644071,24.368714352938525,76,33,B段 抒情
Lang Lang,528,64.60419250833333,54.45079365079365,54.53750116209715,-86.7075113035014,78,33,B段 抒情
Lang Lang,529,64.73577150833333,54.72943310657596,54.64857738775359,80.85571882237019,81,33,B段 抒情
Lang Lang,530,64.86735050833333,54.72943310657596,54.75965361341003,-30.220506834069738,85,33,B段 抒情
Lang Lang,531,64.99892950833333,54.98485260770975,54.87072983906647,114.12276864327708,88,33,B段 抒情
Lang Lang,532,64.99892950833333,54.98485260770975,54.87072983906647,114.12276864327708,64,59,B段 抒情
Lang Lang,533,65.13050850833334,54.98485260770975,54.98180606472291,3.046542986837153,90,33,B段 抒情
Lang Lang,534,65.26208750833334,54.98485260770975,55.09288229037935,-108.02968266960278,93,33,B段 抒情
Lang Lang,535,65.26208750833334,54.98485260770975,55.09288229037935,-108.02968266960278,66,59,B段 抒情
Lang Lang,536,65.39366650833333,55.28671201814059,55.203958516035776,82.75350210481491,90,33,B段 抒情
Lang Lang,537,65.52524550833333,55.28671201814059,55.315034741692216,-28.322723551625018,88,33,B段 抒情
Lang Lang,538,65.65682450833333,55.5653514739229,55.426110967348656,139.24050657424658,85,33,B段 抒情
Lang Lang,539,65.78840350833333,55.5653514739229,55.537187193005096,28.16428091780665,81,33,B段 抒情
Lang Lang,540,65.91998250833333,55.5653514739229,55.648263418661536,-82.91194473863328,78,33,B段 抒情
Lang Lang,541,66.05156150833334,55.5653514739229,55.759339644317976,-193.9881703950732,76,33,B段 抒情
Lang Lang,542,66.18314050833332,55.960090702947845,55.8704158699744,89.67483297344359,73,33,B段 抒情
Lang Lang,543,66.31471950833333,55.960090702947845,55.98149209563084,-21.401392682996345,69,59,B段 抒情
Lang Lang,544,66.44629850833333,55.960090702947845,56.09256832128728,-132.47761833943628,73,33,B段 抒情
Lang Lang,545,66.57787750833333,56.26195011337869,56.20364454694372,58.305566434967204,76,33,B段 抒情
Lang Lang,546,66.57787750833333,56.26195011337869,56.20364454694372,58.305566434967204,64,59,B段 抒情
Lang Lang,547,66.70945650833333,56.26195011337869,56.31472077260016,-52.77065922147273,78,33,B段 抒情
Lang Lang,548,66.84103550833333,56.517369614512475,56.4257969982566,91.5726162558741,81,33,B段 抒情
Lang Lang,549,66.97261450833334,56.517369614512475,56.53687322391304,-19.503609400565836,85,33,B段 抒情
Lang Lang,550,67.10419350833332,56.517369614512475,56.64794944956947,-130.57983505699156,88,33,B段 抒情
Lang Lang,551,67.10419350833332,56.517369614512475,56.64794944956947,-130.57983505699156,68,59,B段 抒情
Lang Lang,552,67.23577250833333,56.842448979591836,56.75902567522591,83.4233043659296,90,33,B段 抒情
Lang Lang,553,67.36735150833333,56.842448979591836,56.87010190088235,-27.652921290510335,93,33,B段 抒情
Lang Lang,554,67.36735150833333,56.842448979591836,56.87010190088235,-27.652921290510335,66,59,B段 抒情
Lang Lang,555,67.49893050833333,56.842448979591836,56.981178126538786,-138.72914694695027,90,33,B段 抒情
Lang Lang,556,67.63050950833333,57.12108843537415,57.092254352195226,28.834083178921333,88,33,B段 抒情
Lang Lang,557,67.76208850833333,57.12108843537415,57.203330577851666,-82.2421424775186,85,33,B段 抒情
Lang Lang,558,67.89366750833334,57.35328798185941,57.314406803508106,38.88117835130345,81,33,B段 抒情
Lang Lang,559,67.89366750833334,57.35328798185941,57.314406803508106,38.88117835130345,64,59,B段 抒情
Lang Lang,560,68.02524650833332,57.35328798185941,57.42548302916453,-72.19504730512227,78,33,B段 抒情
Lang Lang,561,68.15682550833333,57.67836734693878,57.53655925482097,141.80809211780598,76,33,B段 抒情
Lang Lang,562,68.28840450833333,57.67836734693878,57.64763548047741,30.731866461366053,73,33,B段 抒情
Lang Lang,563,68.41998350833333,57.67836734693878,57.75871170613385,-80.34435919507388,49,59,B段 抒情
Lang Lang,564,68.41998350833333,57.67836734693878,57.75871170613385,-80.34435919507388,56,59,B段 抒情
Lang Lang,565,68.41998350833333,57.67836734693878,57.75871170613385,-80.34435919507388,61,59,B段 抒情
Lang Lang,566,68.55156250833333,57.67836734693878,57.86978793179029,-191.4205848515138,68,33,B段 抒情
Lang Lang,567,68.68314150833334,58.07310657596372,57.98086415744673,92.24241851698878,71,33,B段 抒情
Lang Lang,568,68.81472050833332,58.07310657596372,58.09194038310316,-18.833807139436942,73,33,B段 抒情
Lang Lang,569,68.94629950833333,58.32852607709751,58.2030166087596,125.50946833790988,76,33,B段 抒情
Lang Lang,570,69.07787850833333,58.32852607709751,58.31409283441604,14.433242681469949,80,33,B段 抒情
Lang Lang,571,69.20945750833333,58.32852607709751,58.42516906007248,-96.64298297496998,83,33,B段 抒情
Lang Lang,572,69.20945750833333,58.32852607709751,58.42516906007248,-96.64298297496998,64,59,B段 抒情
Lang Lang,573,69.34103650833333,58.700045351473925,58.53624528572892,163.80006574500783,85,33,B段 抒情
Lang Lang,574,69.47261550833333,58.700045351473925,58.64732151138536,52.7238400885679,90,33,B段 抒情
Lang Lang,575,69.47261550833333,58.700045351473925,58.64732151138536,52.7238400885679,66,59,B段 抒情
Lang Lang,576,69.60419450833334,58.700045351473925,58.7583977370418,-58.352385567872034,80,33,B段 抒情
Lang Lang,577,69.73577350833332,58.700045351473925,58.86947396269822,-169.42861122429775,92,33,B段 抒情
Lang Lang,578,69.73577350833332,58.700045351473925,58.86947396269822,-169.42861122429775,68,59,B段 抒情
Lang Lang,579,69.86735250833333,59.11800453514739,58.98055018835466,137.4543467927296,80,33,B段 抒情
Lang Lang,580,69.99893150833333,59.11800453514739,59.0916264140111,26.37812113628968,90,33,B段 抒情
Lang Lang,581,69.99893150833333,59.11800453514739,59.0916264140111,26.37812113628968,66,59,B段 抒情
Lang Lang,582,70.13051050833333,59.11800453514739,59.20270263966754,-84.69810452015025,80,33,B段 抒情
Lang Lang,583,70.26208950833333,59.48952380952381,59.31377886532398,175.74494419982756,88,33,B段 抒情
Lang Lang,584,70.26208950833333,59.48952380952381,59.31377886532398,175.74494419982756,64,59,B段 抒情
Lang Lang,585,70.39366850833333,59.48952380952381,59.42485509098042,64.66871854338763,80,33,B段 抒情
Lang Lang,586,70.52524750833334,59.48952380952381,59.53593131663686,-46.407507113052304,78,49,B段 抒情
Lang Lang,587,70.52524750833334,59.48952380952381,59.53593131663686,-46.407507113052304,83,49,B段 抒情
Lang Lang,588,70.65682650833332,59.76816326530612,59.64700754229329,121.1557230128335,64,49,B段 抒情
Lang Lang,589,70.78840550833333,59.76816326530612,59.75808376794973,10.079497356393574,85,49,B段 抒情
Lang Lang,590,70.78840550833333,59.76816326530612,59.75808376794973,10.079497356393574,66,49,B段 抒情
Lang Lang,591,70.91998450833333,59.76816326530612,59.86915999360617,-100.99672830004636,71,49,B段 抒情
Lang Lang,592,71.05156350833333,60.02358276643991,59.98023621926261,43.346547177300465,88,49,B段 抒情
Lang Lang,593,71.18314250833333,60.02358276643991,60.09131244491905,-67.72967847913947,62,49,B段 抒情
Lang Lang,594,71.31472150833334,60.02358276643991,60.20238867057549,-178.8059041355794,83,49,B段 抒情
Lang Lang,595,71.31472150833334,60.02358276643991,60.20238867057549,-178.8059041355794,66,49,B段 抒情
Lang Lang,596,71.44630050833334,60.395102040816326,60.31346489623193,81.63714458439841,71,49,B段 抒情
Lang Lang,597,71.57787950833333,60.395102040816326,60.42454112188835,-29.439081072027307,76,49,B段 抒情
Lang Lang,598,71.57787950833333,60.395102040816326,60.42454112188835,-29.439081072027307,80,49,B段 抒情
Lang Lang,599,71.57787950833333,60.395102040816326,60.42454112188835,-29.439081072027307,85,49,B段 抒情
Lang Lang,600,71.70945850833333,60.395102040816326,60.53561734754479,-140.51530672846724,61,49,B段 抒情
Lang Lang,601,71.84103750833333,60.78984126984127,60.64669357320123,143.14769664003535,64,49,B段 抒情
Lang Lang,602,71.97261650833333,60.78984126984127,60.75776979885767,32.07147098359542,68,49,B段 抒情
Lang Lang,603,72.10419550833333,60.78984126984127,60.86884602451411,-79.00475467284451,73,49,B段 抒情
Lang Lang,604,72.23577450833334,61.11492063492064,60.97992225017055,134.99838475008374,68,49,B段 抒情
Lang Lang,605,72.36735350833332,61.11492063492064,61.09099847582698,23.922159093658024,88,49,B段 抒情
Lang Lang,606,72.36735350833332,61.11492063492064,61.09099847582698,23.922159093658024,73,49,B段 抒情
Lang Lang,607,72.49893250833333,61.11492063492064,61.20207470148342,-87.1540665627819,76,49,B段 抒情
Lang Lang,608,72.63051150833333,61.37034013605442,61.31315092713986,57.189208914564915,80,49,B段 抒情
Lang Lang,609,72.63051150833333,61.37034013605442,61.31315092713986,57.189208914564915,85,49,B段 抒情
Lang Lang,610,72.63051150833333,61.37034013605442,61.31315092713986,57.189208914564915,71,49,B段 抒情
Lang Lang,611,72.76209050833333,61.37034013605442,61.4242271527963,-53.887016741875016,76,49,B段 抒情
Lang Lang,612,72.89366950833333,61.37034013605442,61.53530337845274,-164.96324239831495,73,49,B段 抒情
Lang Lang,613,73.02524850833333,61.765079365079366,61.64637960410918,118.69976097018764,71,49,B段 抒情
Lang Lang,614,73.15682750833334,61.765079365079366,61.75745582976562,7.623535313747709,68,49,B段 抒情
Lang Lang,615,73.28840650833332,61.765079365079366,61.868532055422044,-103.45269034267801,71,49,B段 抒情
Lang Lang,616,73.41998550833333,61.99727891156463,61.979608281078484,17.670630486144034,83,49,B段 抒情
Lang Lang,617,73.41998550833333,61.99727891156463,61.979608281078484,17.670630486144034,68,49,B段 抒情
Lang Lang,618,73.55156450833333,61.99727891156463,62.090684506734924,-93.4055951702959,66,49,B段 抒情
Lang Lang,619,73.68314350833333,62.299138321995464,62.201760732391364,97.37758960410048,73,49,B段 抒情
Lang Lang,620,73.68314350833333,62.299138321995464,62.201760732391364,97.37758960410048,78,49,B段 抒情
Lang Lang,621,73.68314350833333,62.299138321995464,62.201760732391364,97.37758960410048,64,49,B段 抒情
Lang Lang,622,73.81472250833333,62.299138321995464,62.312836958047804,-13.698636052339452,69,54,B段 抒情
Lang Lang,623,73.94630150833333,62.299138321995464,62.423913183704244,-124.77486170877938,66,60,B段 抒情
Lang Lang,624,74.07788050833334,62.577777777777776,62.53498940936068,42.788368417092215,64,66,B段 抒情
Lang Lang,625,74.20945950833332,62.577777777777776,62.64606563501711,-68.2878572393335,61,72,B段 抒情
Lang Lang,626,74.34103850833333,62.78675736961451,62.75714186067355,29.615508940963764,64,78,B段 抒情
Lang Lang,627,74.47261750833333,62.78675736961451,62.86821808632999,-81.46071671547617,61,84,B段 抒情
Lang Lang,628,74.60419650833333,63.0421768707483,62.97929431198643,62.882558761870655,54,90,B段 抒情
Lang Lang,629,74.73577550833333,63.0421768707483,63.09037053764287,-48.193666894569276,76,96,B段 抒情
Lang Lang,630,74.73577550833333,63.0421768707483,63.09037053764287,-48.193666894569276,81,96,B段 抒情
Lang Lang,631,74.73577550833333,63.0421768707483,63.09037053764287,-48.193666894569276,85,96,B段 抒情
Lang Lang,632,74.73577550833333,63.0421768707483,63.09037053764287,-48.193666894569276,88,96,B段 抒情
Lang Lang,633,74.73577550833333,63.0421768707483,63.09037053764287,-48.193666894569276,52,96,B段 抒情
Lang Lang,634,74.86735450833334,63.0421768707483,63.20144676329931,-159.2698925510092,54,96,B段 抒情
Lang Lang,635,74.99893350833334,63.36725623582767,63.31252298895575,54.73324687191905,57,96,B段 抒情
Lang Lang,636,75.13051250833333,63.36725623582767,63.423599214612175,-56.34297878450667,78,96,B段 抒情
Lang Lang,637,75.13051250833333,63.36725623582767,63.423599214612175,-56.34297878450667,90,96,B段 抒情
Lang Lang,638,75.13051250833333,63.36725623582767,63.423599214612175,-56.34297878450667,61,96,B段 抒情
Lang Lang,639,75.26209150833333,63.59945578231292,63.534675440268614,64.78034204430827,76,96,B段 抒情
Lang Lang,640,75.26209150833333,63.59945578231292,63.534675440268614,64.78034204430827,88,96,B段 抒情
Lang Lang,641,75.26209150833333,63.59945578231292,63.534675440268614,64.78034204430827,64,96,B段 抒情
Lang Lang,642,75.39367050833333,63.59945578231292,63.645751665925054,-46.29588361213166,66,96,B段 抒情
Lang Lang,643,75.52524950833333,63.87809523809524,63.756827891581494,121.26734651374704,85,96,B段 抒情
Lang Lang,644,75.52524950833333,63.87809523809524,63.756827891581494,121.26734651374704,69,96,B段 抒情
Lang Lang,645,75.65682850833333,63.87809523809524,63.867904117237934,10.191120857307112,73,96,B段 抒情
Lang Lang,646,75.78840750833334,63.87809523809524,63.978980342894374,-100.88510479913282,76,96,B段 抒情
Lang Lang,647,75.78840750833334,63.87809523809524,63.978980342894374,-100.88510479913282,81,96,B段 抒情
Lang Lang,648,75.78840750833334,63.87809523809524,63.978980342894374,-100.88510479913282,85,96,B段 抒情
Lang Lang,649,75.78840750833334,63.87809523809524,63.978980342894374,-100.88510479913282,64,96,B段 抒情
Lang Lang,650,75.78840750833334,63.87809523809524,63.978980342894374,-100.88510479913282,69,96,B段 抒情
Lang Lang,651,76.05156550833333,64.2960544217687,64.20113279420724,94.92162756146172,88,92,B段 抒情
Lang Lang,652,76.31472350833333,64.55147392290249,64.42328524552012,128.1886773823686,76,88,B段 抒情
Lang Lang,653,76.31472350833333,64.55147392290249,64.42328524552012,128.1886773823686,78,88,B段 抒情
Lang Lang,654,76.31472350833333,64.55147392290249,64.42328524552012,128.1886773823686,83,88,B段 抒情
Lang Lang,655,76.31472350833333,64.55147392290249,64.42328524552012,128.1886773823686,52,88,B段 抒情
Lang Lang,656,76.31472350833333,64.55147392290249,64.42328524552012,128.1886773823686,59,88,B段 抒情
Lang Lang,657,76.31472350833333,64.55147392290249,64.42328524552012,128.1886773823686,62,88,B段 抒情
Lang Lang,658,76.84103950833332,64.78367346938775,64.86759014814587,-83.91667875811493,69,80,华彩
Lang Lang,659,76.84103950833332,64.78367346938775,64.86759014814587,-83.91667875811493,73,80,华彩
Lang Lang,660,76.84103950833332,64.78367346938775,64.86759014814587,-83.91667875811493,81,80,华彩
Lang Lang,661,76.84103950833332,64.78367346938775,64.86759014814587,-83.91667875811493,45,80,华彩
Lang Lang,662,76.97261850833333,64.78367346938775,64.97866637380231,-194.99290441456196,52,80,华彩
Lang Lang,663,77.10419750833333,65.20163265306122,65.08974259945875,111.89005360247961,54,80,华彩
Lang Lang,664,77.23577650833333,65.20163265306122,65.20081882511518,0.8138279460467857,57,80,华彩
Lang Lang,665,77.36735550833333,65.20163265306122,65.31189505077162,-110.26239771040025,61,80,华彩
Lang Lang,666,77.49893450833333,65.48027210884354,65.42297127642806,57.30083241547845,64,80,华彩
Lang Lang,667,77.63051350833334,65.48027210884354,65.5340475020845,-53.77539324096858,66,80,华彩
Lang Lang,668,77.76209250833332,65.73569160997732,65.64512372774094,90.56788223638534,69,80,华彩
Lang Lang,669,77.89367150833333,65.73569160997732,65.75619995339737,-20.50834342004748,73,80,华彩
Lang Lang,670,78.02525050833333,65.73569160997732,65.8672761790538,-131.5845690764803,76,78,华彩
Lang Lang,671,78.15682950833333,66.13043083900227,65.97835240471025,152.07843429202228,78,76,华彩
Lang Lang,672,78.28840850833333,66.13043083900227,66.08942863036668,41.002208635589454,81,74,华彩
Lang Lang,673,78.41998750833334,66.13043083900227,66.20050485602313,-70.07401702085758,85,72,华彩
Lang Lang,674,78.55156650833334,66.339410430839,66.31158108167956,27.82934915943258,88,70,华彩
Lang Lang,675,78.68314550833333,66.339410430839,66.422657307336,-83.24687649700024,90,68,华彩
Lang Lang,676,78.81472450833333,66.339410430839,66.53373353299243,-194.32310215343307,93,66,华彩
Lang Lang,677,78.94630350833333,66.75736961451247,66.64480975864888,112.5598558635943,57,64,华彩
Lang Lang,678,78.94630350833333,66.75736961451247,66.64480975864888,112.5598558635943,50,64,华彩
Lang Lang,679,78.94630350833333,66.75736961451247,66.64480975864888,112.5598558635943,54,64,华彩
Lang Lang,680,79.01099651666667,66.75736961451247,66.69942223626329,57.947378249181725,59,64,华彩
Lang Lang,681,79.07678601666666,66.75736961451247,66.7549603490915,2.409265420965312,57,64,华彩
Lang Lang,682,79.14367200833333,66.75736961451247,66.81142409713352,-54.054482621054945,59,64,华彩
Lang Lang,683,79.20836501666666,66.75736961451247,66.86603657474795,-108.66696023548172,57,64,华彩
Lang Lang,684,79.27415451666667,67.0592290249433,66.92157468757617,137.65433736713817,59,64,华彩
Lang Lang,685,79.34104050833334,67.0592290249433,66.97803843561819,81.19058932511791,57,64,华彩
Lang Lang,686,79.40573351666666,67.0592290249433,67.0326509132326,26.578111710705343,59,64,华彩
Lang Lang,687,79.47152301666667,67.0592290249433,67.08818902606083,-28.96000111752528,57,64,华彩
Lang Lang,688,79.53840900833333,67.0592290249433,67.14465277410285,-85.42374915954554,59,64,华彩
Lang Lang,689,79.60310201666667,67.3146485260771,67.19926525171726,115.38327435982865,57,64,华彩
Lang Lang,690,79.66889151666666,67.3146485260771,67.25480336454548,59.845161531612234,59,64,华彩
Lang Lang,691,79.73577750833333,67.3146485260771,67.3112671125875,3.381413489591978,62,64,华彩
Lang Lang,692,79.73577750833333,67.3146485260771,67.3112671125875,3.381413489591978,66,64,华彩
Lang Lang,693,79.73577750833333,67.3146485260771,67.3112671125875,3.381413489591978,69,64,华彩
Lang Lang,694,79.99893550833333,67.52362811791383,67.53341956390038,-9.791445986550684,62,64,华彩
Lang Lang,695,79.99893550833333,67.52362811791383,67.53341956390038,-9.791445986550684,66,64,华彩
Lang Lang,696,79.99893550833333,67.52362811791383,67.53341956390038,-9.791445986550684,69,64,华彩
Lang Lang,697,80.52525150833334,67.82548752834467,67.97772446652614,-152.2369381814741,62,64,华彩
Lang Lang,698,80.52525150833334,67.82548752834467,67.97772446652614,-152.2369381814741,66,64,华彩
Lang Lang,699,80.52525150833334,67.82548752834467,67.97772446652614,-152.2369381814741,69,64,华彩
Lang Lang,700,81.05156750833333,68.31310657596372,68.42202936915189,-108.92279318817089,57,64,华彩
Lang Lang,701,81.05156750833333,68.31310657596372,68.42202936915189,-108.92279318817089,45,64,华彩
Lang Lang,702,81.05156750833333,68.31310657596372,68.42202936915189,-108.92279318817089,52,64,华彩
Lang Lang,703,81.11626051666667,68.63818594104309,68.4766418467663,161.54409427679184,59,64,华彩
Lang Lang,704,81.18205001666666,68.63818594104309,68.53217995959452,106.00598144857543,57,63,华彩
Lang Lang,705,81.24893600833333,68.63818594104309,68.58864370763654,49.54223340655517,59,62,华彩
Lang Lang,706,81.31362901666667,68.63818594104309,68.64325618525096,-5.07024420787161,57,61,华彩
Lang Lang,707,81.37941851666666,68.63818594104309,68.69879429807916,-60.60835703607381,59,60,华彩
Lang Lang,708,81.44630450833333,68.63818594104309,68.75525804612118,-117.07210507809407,57,59,华彩
Lang Lang,709,81.51099751666666,68.96326530612245,68.80987052373561,153.39478238684023,59,58,华彩
Lang Lang,710,81.57678701666667,68.96326530612245,68.86540863656383,97.85666955862382,57,57,华彩
Lang Lang,711,81.64367300833334,68.96326530612245,68.92187238460586,41.392921516589354,59,56,华彩
Lang Lang,712,81.70836601666667,68.96326530612245,68.97648486222027,-13.219556097823215,57,55,华彩
Lang Lang,713,81.77415551666667,68.96326530612245,69.03202297504849,-68.75766892603963,59,54,华彩
Lang Lang,714,81.84104150833333,68.96326530612245,69.08848672309051,-125.22141696805988,61,53,华彩
Lang Lang,715,81.84104150833333,68.96326530612245,69.08848672309051,-125.22141696805988,64,53,华彩
Lang Lang,716,81.84104150833333,68.96326530612245,69.08848672309051,-125.22141696805988,69,53,华彩
Lang Lang,717,82.10419950833334,69.26512471655329,69.31063917440339,-45.51445785010344,61,49,华彩
Lang Lang,718,82.10419950833334,69.26512471655329,69.31063917440339,-45.51445785010344,64,49,华彩
Lang Lang,719,82.10419950833334,69.26512471655329,69.31063917440339,-45.51445785010344,69,49,华彩
Lang Lang,720,82.63051550833333,69.56698412698412,69.75494407702914,-187.95995004501265,61,49,华彩
Lang Lang,721,82.63051550833333,69.56698412698412,69.75494407702914,-187.95995004501265,64,49,华彩
Lang Lang,722,82.63051550833333,69.56698412698412,69.75494407702914,-187.95995004501265,69,49,华彩
Lang Lang,723,83.15683150833334,70.21714285714286,70.1992489796549,17.893877487964005,78,49,华彩
Lang Lang,724,83.15683150833334,70.21714285714286,70.1992489796549,17.893877487964005,83,49,华彩
Lang Lang,725,83.15683150833334,70.21714285714286,70.1992489796549,17.893877487964005,59,49,华彩
Lang Lang,726,83.22152451666666,70.21714285714286,70.2538614572693,-36.71860012643435,62,49,华彩
Lang Lang,727,83.28731401666667,70.21714285714286,70.30939957009753,-92.25671295466498,66,49,华彩
Lang Lang,728,83.35639299166667,70.4261224489796,70.36771458856715,58.40786041244428,71,49,华彩
Lang Lang,729,83.41998950833333,70.4261224489796,70.42140143096776,4.721018011835554,85,49,华彩
Lang Lang,730,83.68314750833333,70.65832199546485,70.64355388228064,14.768113184203457,83,49,华彩
Lang Lang,731,83.81472650833334,70.65832199546485,70.75463010793707,-96.30811247222937,85,49,华彩
Lang Lang,732,83.94630550833334,70.93696145124717,70.86570633359352,71.25511765364934,88,49,华彩
Lang Lang,733,84.20946350833333,71.28526077097506,71.08785878490639,197.40198606866954,83,49,华彩
Lang Lang,734,85.26209550833333,71.79609977324263,71.97646859015789,-180.3688169152622,56,49,华彩
Lang Lang,735,85.26209550833333,71.79609977324263,71.97646859015789,-180.3688169152622,59,49,华彩
Lang Lang,736,85.26209550833333,71.79609977324263,71.97646859015789,-180.3688169152622,64,49,华彩
Lang Lang,737,85.26209550833333,71.79609977324263,71.97646859015789,-180.3688169152622,40,49,华彩
Lang Lang,738,85.39367450833333,72.00507936507937,72.08754481581433,-82.46545073495781,47,49,华彩
Lang Lang,739,85.52525350833334,72.3069387755102,72.19862104147077,108.31773403943146,52,49,华彩
Lang Lang,740,85.65683250833334,72.3069387755102,72.3096972671272,-2.7584916170013685,47,49,华彩
Lang Lang,741,85.78841150833334,72.3069387755102,72.42077349278365,-113.8347172734484,52,49,华彩
Lang Lang,742,85.91999050833333,72.67845804988661,72.53184971844007,146.60833144654362,47,49,华彩
Lang Lang,743,86.05156950833333,72.67845804988661,72.64292594409652,35.53210579009658,66,49,华彩
Lang Lang,744,86.05156950833333,72.67845804988661,72.64292594409652,35.53210579009658,54,49,华彩
Lang Lang,745,86.18314850833333,72.67845804988661,72.75400216975295,-75.54411986633625,47,49,华彩
Lang Lang,746,86.31472750833333,72.88743764172335,72.8650783954094,22.359246313953918,57,49,华彩
Lang Lang,747,86.31472750833333,72.88743764172335,72.8650783954094,22.359246313953918,61,49,华彩
Lang Lang,748,86.31472750833333,72.88743764172335,72.8650783954094,22.359246313953918,66,49,华彩
Lang Lang,749,86.31472750833333,72.88743764172335,72.8650783954094,22.359246313953918,42,49,华彩
Lang Lang,750,86.44630650833334,72.88743764172335,72.97615462106583,-88.71697934247891,49,49,华彩
Lang Lang,751,86.57788550833334,73.11963718820861,73.08723084672228,32.40634148633603,54,49,华彩
Lang Lang,752,86.70946450833334,73.11963718820861,73.19830707237871,-78.6698841700968,49,49,华彩
Lang Lang,753,86.84104350833333,73.35183673469388,73.30938329803514,42.45343665873236,54,49,华彩
Lang Lang,754,86.97262250833333,73.35183673469388,73.42045952369158,-68.62278899770047,49,49,华彩
Lang Lang,755,87.10420150833333,73.58403628117914,73.53153574934802,52.50053183111447,42,49,华彩
Lang Lang,756,87.23578050833333,73.58403628117914,73.64261197500446,-58.57569382531835,49,49,华彩
Lang Lang,757,87.36735950833334,73.88589569160997,73.7536882006609,132.20749094907092,78,49,华彩
Lang Lang,758,87.36735950833334,73.88589569160997,73.7536882006609,132.20749094907092,83,49,华彩
Lang Lang,759,87.36735950833334,73.88589569160997,73.7536882006609,132.20749094907092,59,49,华彩
Lang Lang,760,87.36735950833334,73.88589569160997,73.7536882006609,132.20749094907092,62,49,华彩
Lang Lang,761,87.36735950833334,73.88589569160997,73.7536882006609,132.20749094907092,66,49,华彩
Lang Lang,762,87.36735950833334,73.88589569160997,73.7536882006609,132.20749094907092,71,49,华彩
Lang Lang,763,87.63051750833334,73.88589569160997,73.97584065197378,-89.94496036380895,85,49,华彩
Lang Lang,764,87.63051750833334,73.88589569160997,73.97584065197378,-89.94496036380895,73,49,华彩
Lang Lang,765,87.89367550833333,74.11809523809524,74.19799310328665,-79.89786519141262,88,49,华彩
Lang Lang,766,87.89367550833333,74.11809523809524,74.19799310328665,-79.89786519141262,76,49,华彩
Lang Lang,767,88.02525450833333,74.3502947845805,74.30906932894308,41.22545563741653,90,49,华彩
Lang Lang,768,88.02525450833333,74.3502947845805,74.30906932894308,41.22545563741653,78,49,华彩
Lang Lang,769,88.15683350833334,74.3502947845805,74.42014555459953,-69.8507700190305,88,49,华彩
Lang Lang,770,88.15683350833334,74.3502947845805,74.42014555459953,-69.8507700190305,76,49,华彩
Lang Lang,771,88.28841250833334,74.58249433106576,74.53122178025596,51.272550809798645,85,49,华彩
Lang Lang,772,88.28841250833334,74.58249433106576,74.53122178025596,51.272550809798645,73,49,华彩
Lang Lang,773,88.41999150833334,74.7914739229025,74.64229800591241,149.1759169900888,83,49,华彩
Lang Lang,774,88.41999150833334,74.7914739229025,74.64229800591241,149.1759169900888,71,49,华彩
Lang Lang,775,89.47262350833333,75.07011337868481,75.5309078111639,-460.7944324790907,59,49,华彩
Lang Lang,776,89.47262350833333,75.07011337868481,75.5309078111639,-460.7944324790907,63,49,华彩
Lang Lang,777,89.47262350833333,75.07011337868481,75.5309078111639,-460.7944324790907,68,49,华彩
Lang Lang,778,89.47262350833333,75.07011337868481,75.5309078111639,-460.7944324790907,47,49,华彩
Lang Lang,779,89.60420250833333,75.44163265306122,75.64198403682033,-200.35138375911288,51,49,华彩
Lang Lang,780,89.73578150833333,75.81315192743764,75.75306026247678,60.09166496086493,56,49,华彩
Lang Lang,781,89.86736050833333,75.81315192743764,75.86413648813321,-50.98456069556789,51,49,华彩
Lang Lang,782,89.99893950833334,75.81315192743764,75.97521271378966,-162.06078635201493,56,49,华彩
Lang Lang,783,90.13051850833334,76.18467120181406,76.08628893944609,98.38226236796288,51,49,华彩
Lang Lang,784,90.26209750833334,76.18467120181406,76.19736516510254,-12.693963288484156,66,49,华彩
Lang Lang,785,90.26209750833334,76.18467120181406,76.19736516510254,-12.693963288484156,54,49,华彩
Lang Lang,786,90.39367650833333,76.18467120181406,76.30844139075896,-123.77018894490277,51,49,华彩
Lang Lang,787,90.52525550833333,76.53297052154196,76.4195176164154,113.45290512655026,57,49,华彩
Lang Lang,788,90.52525550833333,76.53297052154196,76.4195176164154,113.45290512655026,61,49,华彩
Lang Lang,789,90.52525550833333,76.53297052154196,76.4195176164154,113.45290512655026,66,49,华彩
Lang Lang,790,90.52525550833333,76.53297052154196,76.4195176164154,113.45290512655026,42,49,华彩
Lang Lang,791,90.63051870833334,76.53297052154196,76.50837859694056,24.591924601395476,49,49,华彩
Lang Lang,792,90.73578190833334,76.53297052154196,76.59723957746571,-64.26905592375931,54,49,华彩
Lang Lang,793,90.84104510833333,76.74195011337868,76.68610055799086,55.8495553878231,57,49,华彩
Lang Lang,794,90.94630830833333,76.74195011337868,76.774961538516,-33.011425137317474,61,49,华彩
Lang Lang,795,91.05157150833334,76.74195011337868,76.86382251904116,-121.87240566248647,64,49,华彩
Lang Lang,796,91.13929084166666,77.09024943310658,76.93787333614544,152.37609696113452,66,49,华彩
Lang Lang,797,91.227010175,77.09024943310658,77.01192415324974,78.32527985684123,69,49,华彩
Lang Lang,798,91.31472950833333,77.09024943310658,77.08597497035403,4.274462752547947,73,49,华彩
Lang Lang,799,91.40244884166667,77.09024943310658,77.16002578745832,-69.77635435174534,76,49,华彩
Lang Lang,800,91.490168175,77.09024943310658,77.23407660456262,-143.82717145603863,78,49,华彩
Lang Lang,801,91.57788750833333,77.46176870748299,77.30812742166691,153.64128581607872,80,49,华彩
Lang Lang,802,91.70946650833334,77.46176870748299,77.41920364732334,42.565060159645896,87,49,华彩
Lang Lang,803,91.70946650833334,77.46176870748299,77.41920364732334,42.565060159645896,92,49,华彩
Lang Lang,804,91.84104550833334,77.46176870748299,77.53027987297979,-68.51116549680114,78,49,华彩
Lang Lang,805,91.97262450833334,77.78684807256236,77.64135609863622,145.49197392614133,85,49,华彩
Lang Lang,806,91.97262450833334,77.78684807256236,77.64135609863622,145.49197392614133,90,49,华彩
Lang Lang,807,92.10420350833333,77.78684807256236,77.75243232429266,34.4157482697085,71,49,华彩
Lang Lang,808,92.23578250833333,77.78684807256236,77.86350854994909,-76.66047738672432,78,49,华彩
Lang Lang,809,92.23578250833333,77.78684807256236,77.86350854994909,-76.66047738672432,83,49,华彩
Lang Lang,810,92.36736150833333,77.78684807256236,77.97458477560554,-187.73670304317136,73,49,华彩
Lang Lang,811,92.49894050833333,78.1815873015873,78.08566100126197,95.92630032533123,80,49,华彩
Lang Lang,812,92.49894050833333,78.1815873015873,78.08566100126197,95.92630032533123,85,49,华彩
Lang Lang,813,92.63051950833334,78.1815873015873,78.19673722691842,-15.14992533111581,78,49,华彩
Lang Lang,814,92.76209850833334,78.1815873015873,78.30781345257485,-126.22615098754864,85,49,华彩
Lang Lang,815,92.76209850833334,78.1815873015873,78.30781345257485,-126.22615098754864,90,49,华彩
Lang Lang,816,92.89367750833334,78.43700680272109,78.4188896782313,18.11712448979108,76,49,华彩
Lang Lang,817,93.02525650833333,78.43700680272109,78.52996590388771,-92.95910116662753,83,49,华彩
Lang Lang,818,93.02525650833333,78.43700680272109,78.52996590388771,-92.95910116662753,88,49,华彩
Lang Lang,819,93.15683550833333,78.78530612244899,78.64104212954416,144.2639929048255,69,49,华彩
Lang Lang,820,93.28841450833333,78.78530612244899,78.7521183552006,33.187767248392674,76,49,华彩
Lang Lang,821,93.28841450833333,78.78530612244899,78.7521183552006,33.187767248392674,81,49,华彩
Lang Lang,822,93.41999350833333,78.78530612244899,78.86319458085704,-77.88845840805436,71,49,华彩
Lang Lang,823,93.55157250833334,79.1568253968254,78.97427080651347,182.55459031192345,78,49,华彩
Lang Lang,824,93.55157250833334,79.1568253968254,78.97427080651347,182.55459031192345,83,49,华彩
Lang Lang,825,93.68315150833334,79.1568253968254,79.08534703216992,71.47836465547641,76,49,华彩
Lang Lang,826,93.81473050833334,79.1568253968254,79.19642325782635,-39.597861000956414,83,49,华彩
Lang Lang,827,93.81473050833334,79.1568253968254,79.19642325782635,-39.597861000956414,88,49,华彩
Lang Lang,828,93.94630950833333,79.1568253968254,79.30749948348279,-150.67408665738924,74,49,华彩
Lang Lang,829,94.07788850833333,79.45868480725623,79.41857570913922,40.10909811701424,81,49,华彩
Lang Lang,830,94.07788850833333,79.45868480725623,79.41857570913922,40.10909811701424,86,49,华彩
Lang Lang,831,94.20946750833333,79.45868480725623,79.52965193479567,-70.9671275394328,66,49,华彩
Lang Lang,832,94.34104650833333,79.71410430839002,79.6407281604521,73.37614793792113,73,49,华彩
Lang Lang,833,94.34104650833333,79.71410430839002,79.6407281604521,73.37614793792113,78,49,华彩
Lang Lang,834,94.47262550833334,79.71410430839002,79.75180438610855,-37.700077718525904,68,49,华彩
Lang Lang,835,94.60420450833334,79.94630385487528,79.86288061176498,83.42324311030325,75,49,华彩
Lang Lang,836,94.60420450833334,79.94630385487528,79.86288061176498,83.42324311030325,80,49,华彩
Lang Lang,837,94.73578350833333,79.94630385487528,79.97395683742141,-27.65298254612958,66,49,华彩
Lang Lang,838,94.86736250833333,79.94630385487528,80.08503306307784,-138.7292082025624,73,49,华彩
Lang Lang,839,94.86736250833333,79.94630385487528,80.08503306307784,-138.7292082025624,78,49,华彩
Lang Lang,840,94.99894150833333,80.29460317460317,80.19610928873429,98.49388586887642,64,49,华彩
Lang Lang,841,95.13052050833333,80.29460317460317,80.30718551439072,-12.582339787556407,71,49,华彩
Lang Lang,842,95.13052050833333,80.29460317460317,80.30718551439072,-12.582339787556407,76,49,华彩
Lang Lang,843,95.26209950833334,80.29460317460317,80.41826174004717,-123.65856544400344,54,49,华彩
Lang Lang,844,95.39367850833334,80.68934240362812,80.5293379657036,160.00443792451335,66,49,华彩
Lang Lang,845,95.39367850833334,80.68934240362812,80.5293379657036,160.00443792451335,73,49,华彩
Lang Lang,846,95.39367850833334,80.68934240362812,80.5293379657036,160.00443792451335,78,49,华彩
Lang Lang,847,95.52525750833334,80.68934240362812,80.64041419136005,48.92821226806632,52,49,华彩
Lang Lang,848,95.65683650833333,80.68934240362812,80.75149041701647,-62.1480133883523,64,49,华彩
Lang Lang,849,95.65683650833333,80.68934240362812,80.75149041701647,-62.1480133883523,71,49,华彩
Lang Lang,850,95.65683650833333,80.68934240362812,80.75149041701647,-62.1480133883523,76,49,华彩
Lang Lang,851,95.78841550833333,80.99120181405895,80.86256664267292,128.63517138603697,80,49,华彩
Lang Lang,852,95.78841550833333,80.99120181405895,80.86256664267292,128.63517138603697,68,49,华彩
Lang Lang,853,95.78841550833333,80.99120181405895,80.86256664267292,128.63517138603697,37,49,华彩
Lang Lang,854,95.85310851666667,80.99120181405895,80.91717912028733,74.0226937716244,81,49,华彩
Lang Lang,855,95.85310851666667,80.99120181405895,80.91717912028733,74.0226937716244,73,49,华彩
Lang Lang,856,95.85310851666667,80.99120181405895,80.91717912028733,74.0226937716244,44,49,华彩
Lang Lang,857,95.91889801666667,80.99120181405895,80.97271723311556,18.48458094339378,80,50,华彩
Lang Lang,858,95.91999450833333,80.99120181405895,80.97364286832935,17.558945729604147,49,50,华彩
Lang Lang,859,95.983591025,80.99120181405895,81.02732971072996,-36.12789667100458,81,51,华彩
Lang Lang,860,95.9868805,80.99120181405895,81.03010661637137,-38.90480231241611,52,51,华彩
Lang Lang,861,96.05157350833333,80.99120181405895,81.0847190939858,-93.51727992684289,80,51,华彩
Lang Lang,862,96.11626651666667,81.22340136054422,81.13933157160021,84.06978894400652,81,52,华彩
Lang Lang,863,96.18205601666666,81.22340136054422,81.19486968442843,28.531676115790106,80,53,华彩
Lang Lang,864,96.246749025,81.22340136054422,81.24948216204284,-26.080801498622463,81,54,华彩
Lang Lang,865,96.31473150833334,81.22340136054422,81.30687154529868,-83.47018475446077,80,54,华彩
Lang Lang,866,96.37942451666667,81.22340136054422,81.36148402291309,-138.08266236887334,81,55,华彩
Lang Lang,867,96.44521401666667,81.50204081632653,81.4170221357413,85.01868058522177,80,56,华彩
Lang Lang,868,96.509907025,81.50204081632653,81.47163461335572,30.406202970809204,81,57,华彩
Lang Lang,869,96.57788950833333,81.50204081632653,81.52902399661154,-26.983180285014896,80,57,华彩
Lang Lang,870,96.57788950833333,81.50204081632653,81.52902399661154,-26.983180285014896,68,57,华彩
Lang Lang,871,96.57788950833333,81.50204081632653,81.52902399661154,-26.983180285014896,73,57,华彩
Lang Lang,872,96.57788950833333,81.50204081632653,81.52902399661154,-26.983180285014896,76,57,华彩
Lang Lang,873,96.64258251666666,81.50204081632653,81.58363647422595,-81.59565789942747,81,58,华彩
Lang Lang,874,96.70837201666667,81.71102040816326,81.63917458705419,71.84582110907911,80,59,华彩
Lang Lang,875,96.773065025,81.71102040816326,81.69378706466858,17.233343494680753,81,59,华彩
Lang Lang,876,96.84104750833333,81.71102040816326,81.75117644792442,-40.15603976115756,80,60,华彩
Lang Lang,877,96.84104750833333,81.71102040816326,81.75117644792442,-40.15603976115756,68,60,华彩
Lang Lang,878,96.84104750833333,81.71102040816326,81.75117644792442,-40.15603976115756,73,60,华彩
Lang Lang,879,96.84104750833333,81.71102040816326,81.75117644792442,-40.15603976115756,76,60,华彩
Lang Lang,880,96.90574051666667,81.71102040816326,81.80578892553883,-94.76851737557013,81,61,华彩
Lang Lang,881,96.97153001666666,81.92,81.86132703836705,58.67296163295066,80,62,华彩
Lang Lang,882,97.036223025,81.92,81.91593951598146,4.060484018538091,81,62,华彩
Lang Lang,883,97.10420550833334,81.92,81.9733288992373,-53.32889923730022,80,63,华彩
Lang Lang,884,97.16889851666667,81.92,82.02794137685171,-107.94137685171279,81,64,华彩
Lang Lang,885,97.23468801666667,82.17541950113379,82.08347948967993,91.94001145385755,80,65,华彩
Lang Lang,886,97.299381025,82.17541950113379,82.13809196729434,37.32753383944498,81,65,华彩
Lang Lang,887,97.36736350833334,82.17541950113379,82.19548135055018,-20.06184941639333,80,66,华彩
Lang Lang,888,97.36736350833334,82.17541950113379,82.19548135055018,-20.06184941639333,68,66,华彩
Lang Lang,889,97.36736350833334,82.17541950113379,82.19548135055018,-20.06184941639333,73,66,华彩
Lang Lang,890,97.36736350833334,82.17541950113379,82.19548135055018,-20.06184941639333,76,66,华彩
Lang Lang,891,97.43205651666666,82.17541950113379,82.25009382816458,-74.67432703079169,81,67,华彩
Lang Lang,892,97.49784601666667,82.17541950113379,82.30563194099281,-130.2124398590223,80,68,华彩
Lang Lang,893,97.562539025,82.4540589569161,82.36024441860722,93.81453830887665,81,68,华彩
Lang Lang,894,97.63052150833333,82.4540589569161,82.41763380186305,36.42515505305255,80,69,华彩
Lang Lang,895,97.69521451666667,82.4540589569161,82.47224627947746,-18.18732256136002,81,70,华彩
Lang Lang,896,97.76100401666666,82.4540589569161,82.52778439230568,-73.72543538957643,80,71,华彩
Lang Lang,897,97.825697025,82.68625850340136,82.58239686992009,103.86163348127297,81,71,华彩
Lang Lang,898,97.89367950833334,82.68625850340136,82.63978625317593,46.472250225434664,80,72,华彩
Lang Lang,899,97.89367950833334,82.68625850340136,82.63978625317593,46.472250225434664,40,72,华彩
Lang Lang,900,97.95837251666667,82.68625850340136,82.69439873079034,-8.140227388977905,81,73,华彩
Lang Lang,901,97.95837251666667,82.68625850340136,82.69439873079034,-8.140227388977905,47,73,华彩
Lang Lang,902,98.02416201666666,82.68625850340136,82.74993684361856,-63.67834021719432,80,73,华彩
Lang Lang,903,98.02525850833334,82.68625850340136,82.75086247883236,-64.60397543099816,52,73,华彩
Lang Lang,904,98.088855025,82.8952380952381,82.80454932123297,90.68877400513031,81,74,华彩
Lang Lang,905,98.15683750833334,82.8952380952381,82.86193870448881,33.299390749292,80,75,华彩
Lang Lang,906,98.22153051666666,82.8952380952381,82.9165511821032,-21.313086865106357,81,76,华彩
Lang Lang,907,98.28732001666667,82.8952380952381,82.97208929493144,-76.85119969333698,80,76,华彩
Lang Lang,908,98.352013025,82.8952380952381,83.02670177254585,-131.46367730774955,81,77,华彩
Lang Lang,909,98.41999550833333,83.22031746031746,83.08409115580167,136.22630451578743,80,78,华彩
Lang Lang,910,98.48468851666667,83.22031746031746,83.13870363341609,81.61382690137486,81,79,华彩
Lang Lang,911,98.55047801666667,83.22031746031746,83.19424174624432,26.07571407314424,80,79,华彩
Lang Lang,912,98.615171025,83.22031746031746,83.24885422385871,-28.536763541254118,81,80,华彩
Lang Lang,913,98.68315350833333,83.22031746031746,83.30624360711455,-85.92614679709243,80,81,华彩
Lang Lang,914,98.68315350833333,83.22031746031746,83.30624360711455,-85.92614679709243,64,81,华彩
Lang Lang,915,98.68315350833333,83.22031746031746,83.30624360711455,-85.92614679709243,71,81,华彩
Lang Lang,916,98.68315350833333,83.22031746031746,83.30624360711455,-85.92614679709243,76,81,华彩
Lang Lang,917,98.74784651666667,83.45251700680272,83.36085608472897,91.66092207375698,81,82,华彩
Lang Lang,918,98.81363601666666,83.45251700680272,83.41639419755718,36.122809245540566,80,82,华彩
Lang Lang,919,98.878329025,83.45251700680272,83.4710066751716,-18.489668368872003,81,83,华彩
Lang Lang,920,98.94631150833334,83.45251700680272,83.52839605842743,-75.87905162471031,80,84,华彩
Lang Lang,921,98.94631150833334,83.45251700680272,83.52839605842743,-75.87905162471031,64,84,华彩
Lang Lang,922,98.94631150833334,83.45251700680272,83.52839605842743,-75.87905162471031,71,84,华彩
Lang Lang,923,98.94631150833334,83.45251700680272,83.52839605842743,-75.87905162471031,76,84,华彩
Lang Lang,924,99.01100451666667,83.45251700680272,83.58300853604185,-130.49152923912288,81,84,华彩
Lang Lang,925,99.07679401666667,83.45251700680272,83.63854664887006,-186.0296420673393,80,85,华彩
Lang Lang,926,99.141487025,83.45251700680272,83.69315912648447,-240.64211968175186,81,86,华彩
Lang Lang,927,99.20946950833333,84.03301587301587,83.7505485097403,282.46736327557187,80,87,华彩
Lang Lang,928,99.27416251666666,84.03301587301587,83.80516098735471,227.8548856611593,81,87,华彩
Lang Lang,929,99.33995201666667,84.03301587301587,83.86069910018294,172.31677283292868,80,88,华彩
Lang Lang,930,99.404645025,84.03301587301587,83.91531157779734,117.70429521853032,81,89,华彩
Lang Lang,931,99.47262750833333,84.03301587301587,83.97270096105318,60.31491196269201,80,90,华彩
Lang Lang,932,99.47262750833333,84.03301587301587,83.97270096105318,60.31491196269201,64,90,华彩
Lang Lang,933,99.47262750833333,84.03301587301587,83.97270096105318,60.31491196269201,71,90,华彩
Lang Lang,934,99.47262750833333,84.03301587301587,83.97270096105318,60.31491196269201,76,90,华彩
Lang Lang,935,99.53732051666667,84.03301587301587,84.02731343866759,5.702434348279439,81,90,华彩
Lang Lang,936,99.60311001666666,84.03301587301587,84.0828515514958,-49.83567847993697,80,91,华彩
Lang Lang,937,99.667803025,84.03301587301587,84.13746402911022,-104.44815609434954,81,92,华彩
Lang Lang,938,99.73578550833334,84.24199546485261,84.19485341236606,47.142052486549346,80,93,华彩
Lang Lang,939,99.80047851666667,84.24199546485261,84.24946588998047,-7.470425127863223,81,93,华彩
Lang Lang,940,99.86626801666667,84.24199546485261,84.30500400280869,-63.008537956079635,80,94,华彩
Lang Lang,941,99.930961025,84.24199546485261,84.3596164804231,-117.6210155704922,81,95,华彩
Lang Lang,942,99.99894350833334,84.4974149659864,84.41700586367894,80.40910230745624,64,96,华彩
Lang Lang,943,99.99894350833334,84.4974149659864,84.41700586367894,80.40910230745624,69,96,华彩
Lang Lang,944,99.99894350833334,84.4974149659864,84.41700586367894,80.40910230745624,73,96,华彩
Lang Lang,945,99.99894350833334,84.4974149659864,84.41700586367894,80.40910230745624,76,96,华彩
Lang Lang,946,99.99894350833334,84.4974149659864,84.41700586367894,80.40910230745624,33,96,华彩
Lang Lang,947,99.99894350833334,84.4974149659864,84.41700586367894,80.40910230745624,40,96,华彩
Lang Lang,948,100.52525950833333,84.82249433106576,84.86131076630468,-38.81643523892819,52,96,华彩
Lang Lang,949,100.63052270833333,85.05469387755102,84.95017174682982,104.52213072119321,54,96,华彩
Lang Lang,950,100.73578590833334,85.05469387755102,85.03903272735498,15.66115019603842,57,96,华彩
Lang Lang,951,100.78841750833334,85.05469387755102,85.08346321761756,-28.76934006654608,66,96,华彩
Lang Lang,952,100.78841750833334,85.05469387755102,85.08346321761756,-28.76934006654608,78,96,华彩
Lang Lang,953,100.84104910833334,85.05469387755102,85.12789370788013,-73.19983032911637,59,96,华彩
Lang Lang,954,100.94631230833333,85.33333333333333,85.21675468840527,116.57864492805459,61,96,华彩
Lang Lang,955,101.05157550833333,85.33333333333333,85.30561566893043,27.7176644028998,69,96,华彩
Lang Lang,956,101.05157550833333,85.33333333333333,85.30561566893043,27.7176644028998,81,96,华彩
Lang Lang,957,101.05157550833333,85.33333333333333,85.30561566893043,27.7176644028998,64,96,华彩
Lang Lang,958,101.31473350833333,85.68163265306123,85.52776812024331,153.86453281792,71,96,华彩
Lang Lang,959,101.31473350833333,85.68163265306123,85.52776812024331,153.86453281792,83,96,华彩
Lang Lang,960,101.57789150833334,85.68163265306123,85.74992057155619,-68.28791849495985,73,96,华彩
Lang Lang,961,101.57789150833334,85.68163265306123,85.74992057155619,-68.28791849495985,85,96,华彩
Lang Lang,962,101.57789150833334,85.68163265306123,85.74992057155619,-68.28791849495985,32,96,华彩
Lang Lang,963,101.57789150833334,85.68163265306123,85.74992057155619,-68.28791849495985,44,96,华彩
Lang Lang,964,101.84104950833333,86.05315192743764,85.97207302286905,81.07890456858513,76,96,华彩
Lang Lang,965,101.84104950833333,86.05315192743764,85.97207302286905,81.07890456858513,88,96,华彩
Lang Lang,966,102.10420750833333,86.05315192743764,86.19422547418193,-141.07354674429473,78,96,华彩
Lang Lang,967,102.10420750833333,86.05315192743764,86.19422547418193,-141.07354674429473,81,96,华彩
Lang Lang,968,102.10420750833333,86.05315192743764,86.19422547418193,-141.07354674429473,85,96,华彩
Lang Lang,969,102.10420750833333,86.05315192743764,86.19422547418193,-141.07354674429473,90,96,华彩
Lang Lang,970,102.10420750833333,86.05315192743764,86.19422547418193,-141.07354674429473,30,96,华彩
Lang Lang,971,102.10420750833333,86.05315192743764,86.19422547418193,-141.07354674429473,42,96,华彩
Lang Lang,972,102.63052350833334,86.49433106575964,86.6385303768077,-144.19931104805528,54,96,华彩
Lang Lang,973,102.76210250833333,86.74975056689343,86.74960660246411,0.14396442931285947,57,96,华彩
Lang Lang,974,102.89368150833333,86.74975056689343,86.86068282812056,-110.93226122713418,61,96,华彩
Lang Lang,975,102.89368150833333,86.74975056689343,86.86068282812056,-110.93226122713418,42,96,华彩
Lang Lang,976,102.89368150833333,86.74975056689343,86.86068282812056,-110.93226122713418,54,96,华彩
Lang Lang,977,103.02526050833333,87.07482993197279,86.97175905377699,103.07087819579408,64,96,华彩
Lang Lang,978,103.15683950833333,87.07482993197279,87.08283527943344,-8.005347460652956,66,96,华彩
Lang Lang,979,103.15683950833333,87.07482993197279,87.08283527943344,-8.005347460652956,45,96,华彩
Lang Lang,980,103.15683950833333,87.07482993197279,87.08283527943344,-8.005347460652956,57,96,华彩
Lang Lang,981,103.28841850833334,87.07482993197279,87.19391150508987,-119.08157311708578,69,96,华彩
Lang Lang,982,103.41999750833334,87.42312925170069,87.30498773074632,118.14152095436725,73,96,华彩
Lang Lang,983,103.41999750833334,87.42312925170069,87.30498773074632,118.14152095436725,47,96,华彩
Lang Lang,984,103.41999750833334,87.42312925170069,87.30498773074632,118.14152095436725,59,96,华彩
Lang Lang,985,103.55157650833334,87.42312925170069,87.41606395640275,7.065295297934426,76,96,华彩
Lang Lang,986,103.68315550833333,87.42312925170069,87.52714018205918,-104.0109303584984,78,96,华彩
Lang Lang,987,103.68315550833333,87.42312925170069,87.52714018205918,-104.0109303584984,49,96,华彩
Lang Lang,988,103.68315550833333,87.42312925170069,87.52714018205918,-104.0109303584984,61,96,华彩
Lang Lang,989,103.81473450833333,87.7946485260771,87.63821640771562,156.4321183614794,81,96,华彩
Lang Lang,990,103.94631350833333,87.7946485260771,87.74929263337206,45.355892705032375,85,96,华彩
Lang Lang,991,103.94631350833333,87.7946485260771,87.74929263337206,45.355892705032375,52,96,华彩
Lang Lang,992,103.94631350833333,87.7946485260771,87.74929263337206,45.355892705032375,64,96,华彩
Lang Lang,993,104.07789250833333,87.7946485260771,87.8603688590285,-65.72033295140045,88,96,华彩
Lang Lang,994,104.20947150833334,88.02684807256236,87.97144508468494,55.40298787741449,78,96,华彩
Lang Lang,995,104.20947150833334,88.02684807256236,87.97144508468494,55.40298787741449,81,96,华彩
Lang Lang,996,104.20947150833334,88.02684807256236,87.97144508468494,55.40298787741449,86,96,华彩
Lang Lang,997,104.20947150833334,88.02684807256236,87.97144508468494,55.40298787741449,90,96,华彩
Lang Lang,998,104.20947150833334,88.02684807256236,87.97144508468494,55.40298787741449,38,96,华彩
Lang Lang,999,104.20947150833334,88.02684807256236,87.97144508468494,55.40298787741449,45,96,华彩
Lang Lang,1000,104.31473470833333,88.02684807256236,88.06030606521009,-33.45799264772609,50,96,华彩
Lang Lang,1001,104.41999790833333,88.02684807256236,88.14916704573524,-122.31897317288087,54,96,华彩
Lang Lang,1002,104.47262950833333,88.28226757369615,88.19359753599781,88.67003769833559,81,96,华彩
Lang Lang,1003,104.47262950833333,88.28226757369615,88.19359753599781,88.67003769833559,93,96,华彩
Lang Lang,1004,104.52526110833334,88.28226757369615,88.2380280262604,44.23954743575109,57,96,华彩
Lang Lang,1005,104.63052430833334,88.28226757369615,88.32688900678554,-44.621433089389484,62,96,华彩
Lang Lang,1006,104.73578750833333,88.28226757369615,88.41574998731069,-133.48241361454427,66,96,华彩
Lang Lang,1007,104.99894550833334,88.63056689342403,88.63790243862357,-7.335545199538274,78,96,华彩
Lang Lang,1008,104.99894550833334,88.63056689342403,88.63790243862357,-7.335545199538274,90,96,华彩
Lang Lang,1009,105.26210350833334,89.0485260770975,88.86005488993645,188.47118716105626,76,96,华彩
Lang Lang,1010,105.26210350833334,89.0485260770975,88.86005488993645,188.47118716105626,80,96,华彩
Lang Lang,1011,105.26210350833334,89.0485260770975,88.86005488993645,188.47118716105626,88,96,华彩
Lang Lang,1012,105.26210350833334,89.0485260770975,88.86005488993645,188.47118716105626,37,96,华彩
Lang Lang,1013,105.26210350833334,89.0485260770975,88.86005488993645,188.47118716105626,49,96,华彩
Lang Lang,1014,105.52526150833333,89.0485260770975,89.08220734124932,-33.68126415180939,73,96,华彩
Lang Lang,1015,105.52526150833333,89.0485260770975,89.08220734124932,-33.68126415180939,85,96,华彩
Lang Lang,1016,105.78841950833333,89.30394557823129,89.3043597925622,-0.41421433090249593,76,96,华彩
Lang Lang,1017,105.78841950833333,89.30394557823129,89.3043597925622,-0.41421433090249593,88,96,华彩
Lang Lang,1018,105.78841950833333,89.30394557823129,89.3043597925622,-0.41421433090249593,56,96,华彩
Lang Lang,1019,105.78841950833333,89.30394557823129,89.3043597925622,-0.41421433090249593,61,96,华彩
Lang Lang,1020,105.78841950833333,89.30394557823129,89.3043597925622,-0.41421433090249593,64,96,华彩
Lang Lang,1021,106.31473550833333,89.53614512471655,89.74866469518794,-212.51957047138603,78,96,华彩
Lang Lang,1022,106.31473550833333,89.53614512471655,89.74866469518794,-212.51957047138603,81,96,华彩
Lang Lang,1023,106.31473550833333,89.53614512471655,89.74866469518794,-212.51957047138603,86,96,华彩
Lang Lang,1024,106.31473550833333,89.53614512471655,89.74866469518794,-212.51957047138603,90,96,华彩
Lang Lang,1025,106.31473550833333,89.53614512471655,89.74866469518794,-212.51957047138603,38,96,华彩
Lang Lang,1026,106.31473550833333,89.53614512471655,89.74866469518794,-212.51957047138603,45,96,华彩
Lang Lang,1027,106.41999870833334,89.81478458049887,89.8375256757131,-22.74109521422929,50,96,华彩
Lang Lang,1028,106.52526190833333,89.81478458049887,89.92638665623824,-111.60207573936987,54,96,华彩
Lang Lang,1029,106.57789350833333,89.81478458049887,89.97081714650082,-156.03256600195436,81,96,华彩
Lang Lang,1030,106.57789350833333,89.81478458049887,89.97081714650082,-156.03256600195436,93,96,华彩
Lang Lang,1031,106.63052510833333,90.13986394557823,90.01524763676339,124.61630881483643,57,96,华彩
Lang Lang,1032,106.73578830833334,90.13986394557823,90.10410861728855,35.75532828968164,62,96,华彩
Lang Lang,1033,106.84105150833334,90.13986394557823,90.1929695978137,-53.105652235473144,66,96,华彩
Lang Lang,1034,107.10420950833334,90.4649433106576,90.41512204912658,49.82126153102229,78,96,华彩
Lang Lang,1035,107.10420950833334,90.4649433106576,90.41512204912658,49.82126153102229,90,96,华彩
Lang Lang,1036,107.36736750833333,90.72036281179139,90.63727450043945,83.08831135194339,76,96,华彩
Lang Lang,1037,107.36736750833333,90.72036281179139,90.63727450043945,83.08831135194339,80,96,华彩
Lang Lang,1038,107.36736750833333,90.72036281179139,90.63727450043945,83.08831135194339,88,96,华彩
Lang Lang,1039,107.36736750833333,90.72036281179139,90.63727450043945,83.08831135194339,37,96,华彩
Lang Lang,1040,107.36736750833333,90.72036281179139,90.63727450043945,83.08831135194339,49,96,华彩
Lang Lang,1041,107.63052550833333,90.72036281179139,90.85942695175233,-139.06413996093647,73,96,华彩
Lang Lang,1042,107.63052550833333,90.72036281179139,90.85942695175233,-139.06413996093647,85,96,华彩
Lang Lang,1043,107.89368350833334,91.02222222222223,91.0815794030652,-59.35718084298003,76,96,华彩
Lang Lang,1044,107.89368350833334,91.02222222222223,91.0815794030652,-59.35718084298003,88,96,华彩
Lang Lang,1045,107.89368350833334,91.02222222222223,91.0815794030652,-59.35718084298003,56,96,华彩
Lang Lang,1046,107.89368350833334,91.02222222222223,91.0815794030652,-59.35718084298003,61,96,华彩
Lang Lang,1047,107.89368350833334,91.02222222222223,91.0815794030652,-59.35718084298003,64,96,华彩
Lang Lang,1048,108.41999950833333,91.30086167800454,91.52588430569095,-225.022627686414,78,96,华彩
Lang Lang,1049,108.41999950833333,91.30086167800454,91.52588430569095,-225.022627686414,81,96,华彩
Lang Lang,1050,108.41999950833333,91.30086167800454,91.52588430569095,-225.022627686414,86,96,华彩
Lang Lang,1051,108.41999950833333,91.30086167800454,91.52588430569095,-225.022627686414,90,96,华彩
Lang Lang,1052,108.41999950833333,91.30086167800454,91.52588430569095,-225.022627686414,38,96,华彩
Lang Lang,1053,108.41999950833333,91.30086167800454,91.52588430569095,-225.022627686414,45,96,华彩
Lang Lang,1054,108.52526270833333,91.60272108843537,91.61474528621609,-12.024197780718282,50,96,华彩
Lang Lang,1055,108.63052590833334,91.60272108843537,91.70360626674125,-100.88517830587307,54,96,华彩
Lang Lang,1056,108.68315750833334,91.60272108843537,91.74803675700383,-145.31566856845757,81,96,华彩
Lang Lang,1057,108.68315750833334,91.60272108843537,91.74803675700383,-145.31566856845757,93,96,华彩
Lang Lang,1058,108.73578910833334,91.92780045351473,91.7924672472664,135.33320624833323,57,96,华彩
Lang Lang,1059,108.84105230833333,91.92780045351473,91.88132822779154,46.47222572319265,62,96,华彩
Lang Lang,1060,108.94631550833333,91.92780045351473,91.9701892083167,-42.388754801962136,66,96,华彩
Lang Lang,1061,109.20947350833333,92.20643990929705,92.19234165962958,14.098249667469531,78,96,华彩
Lang Lang,1062,109.20947350833333,92.20643990929705,92.19234165962958,14.098249667469531,90,96,华彩
Lang Lang,1063,109.47263150833334,92.601179138322,92.41449411094246,186.6850273795393,76,96,华彩
Lang Lang,1064,109.47263150833334,92.601179138322,92.41449411094246,186.6850273795393,80,96,华彩
Lang Lang,1065,109.47263150833334,92.601179138322,92.41449411094246,186.6850273795393,88,96,华彩
Lang Lang,1066,109.47263150833334,92.601179138322,92.41449411094246,186.6850273795393,37,96,华彩
Lang Lang,1067,109.47263150833334,92.601179138322,92.41449411094246,186.6850273795393,49,96,华彩
Lang Lang,1068,109.73578950833334,92.601179138322,92.63664656225534,-35.46742393334057,73,96,华彩
Lang Lang,1069,109.73578950833334,92.601179138322,92.63664656225534,-35.46742393334057,85,96,华彩
Lang Lang,1070,109.99894750833333,92.9726984126984,92.8587990135682,113.89939913020442,76,96,华彩
Lang Lang,1071,109.99894750833333,92.9726984126984,92.8587990135682,113.89939913020442,88,96,华彩
Lang Lang,1072,109.99894750833333,92.9726984126984,92.8587990135682,113.89939913020442,35,96,华彩
Lang Lang,1073,109.99894750833333,92.9726984126984,92.8587990135682,113.89939913020442,47,96,华彩
Lang Lang,1074,110.26210550833333,93.18167800453514,93.08095146488108,100.72653965406175,78,96,华彩
Lang Lang,1075,110.26210550833333,93.18167800453514,93.08095146488108,100.72653965406175,90,96,华彩
Lang Lang,1076,110.52526350833334,93.18167800453514,93.30310391619396,-121.42591165881811,73,96,华彩
Lang Lang,1077,110.52526350833334,93.18167800453514,93.30310391619396,-121.42591165881811,76,96,华彩
Lang Lang,1078,110.52526350833334,93.18167800453514,93.30310391619396,-121.42591165881811,81,96,华彩
Lang Lang,1079,110.52526350833334,93.18167800453514,93.30310391619396,-121.42591165881811,85,96,华彩
Lang Lang,1080,110.52526350833334,93.18167800453514,93.30310391619396,-121.42591165881811,33,96,华彩
Lang Lang,1081,110.52526350833334,93.18167800453514,93.30310391619396,-121.42591165881811,45,96,华彩
Lang Lang,1082,110.78842150833333,93.48353741496598,93.52525636750683,-41.718952540847454,61,96,华彩
Lang Lang,1083,110.92000050833333,93.7621768707483,93.63633259316326,125.84427758504546,64,96,华彩
Lang Lang,1084,111.05157950833333,93.7621768707483,93.74740881881971,14.768051928598425,66,96,华彩
Lang Lang,1085,111.18315850833334,93.7621768707483,93.85848504447614,-96.3081737278344,69,96,华彩
Lang Lang,1086,111.31473750833334,94.11047619047619,93.96956127013259,140.91492034360442,73,96,华彩
Lang Lang,1087,111.31473750833334,94.11047619047619,93.96956127013259,140.91492034360442,52,96,华彩
Lang Lang,1088,111.31473750833334,94.11047619047619,93.96956127013259,140.91492034360442,64,96,华彩
Lang Lang,1089,111.44631650833334,94.11047619047619,94.08063749578902,29.838694687171596,76,96,华彩
Lang Lang,1090,111.57789550833333,94.11047619047619,94.19171372144545,-81.23753096926123,78,96,华彩
Lang Lang,1091,111.57789550833333,94.11047619047619,94.19171372144545,-81.23753096926123,54,96,华彩
Lang Lang,1092,111.57789550833333,94.11047619047619,94.19171372144545,-81.23753096926123,66,96,华彩
Lang Lang,1093,111.70947450833333,94.43555555555555,94.30278994710189,132.76560845366703,81,96,华彩
Lang Lang,1094,111.84105350833333,94.43555555555555,94.41386617275833,21.68938279721999,85,96,华彩
Lang Lang,1095,111.84105350833333,94.43555555555555,94.41386617275833,21.68938279721999,56,96,华彩
Lang Lang,1096,111.84105350833333,94.43555555555555,94.41386617275833,21.68938279721999,68,96,华彩
Lang Lang,1097,111.97263250833333,94.43555555555555,94.52494239841477,-89.38684285921283,88,96,华彩
Lang Lang,1098,112.10421150833334,94.64453514739229,94.63601862407121,8.51652332107733,90,96,华彩
Lang Lang,1099,112.10421150833334,94.64453514739229,94.63601862407121,8.51652332107733,54,96,华彩
Lang Lang,1100,112.10421150833334,94.64453514739229,94.63601862407121,8.51652332107733,66,96,华彩
Lang Lang,1101,112.23579050833334,94.64453514739229,94.74709484972765,-102.5597023353555,88,96,华彩
Lang Lang,1102,112.36736950833334,94.96961451247165,94.85817107538409,111.44343708755855,85,96,华彩
Lang Lang,1103,112.36736950833334,94.96961451247165,94.85817107538409,111.44343708755855,52,96,华彩
Lang Lang,1104,112.36736950833334,94.96961451247165,94.85817107538409,111.44343708755855,64,96,华彩
Lang Lang,1105,112.49894850833333,94.96961451247165,94.96924730104051,0.3672114311399355,81,96,华彩
Lang Lang,1106,112.63052750833333,94.96961451247165,95.08032352669696,-110.7090142253071,73,96,华彩
Lang Lang,1107,112.63052750833333,94.96961451247165,95.08032352669696,-110.7090142253071,76,96,华彩
Lang Lang,1108,112.63052750833333,94.96961451247165,95.08032352669696,-110.7090142253071,80,96,华彩
Lang Lang,1109,112.63052750833333,94.96961451247165,95.08032352669696,-110.7090142253071,85,96,华彩
Lang Lang,1110,112.63052750833333,94.96961451247165,95.08032352669696,-110.7090142253071,37,96,华彩
Lang Lang,1111,112.63052750833333,94.96961451247165,95.08032352669696,-110.7090142253071,44,96,华彩
Lang Lang,1112,112.73579070833334,95.24825396825396,95.16918450722211,79.06946103184964,49,96,华彩
Lang Lang,1113,112.84105390833334,95.24825396825396,95.25804548774725,-9.791519493290934,52,96,华彩
Lang Lang,1114,112.89368550833333,95.24825396825396,95.30247597800984,-54.22200975587543,76,96,华彩
Lang Lang,1115,112.89368550833333,95.24825396825396,95.30247597800984,-54.22200975587543,88,96,华彩
Lang Lang,1116,112.94631710833333,95.24825396825396,95.34690646827241,-98.65250001844572,56,96,华彩
Lang Lang,1117,113.05158030833333,95.57333333333334,95.43576744879755,137.565884535789,61,96,华彩
Lang Lang,1118,113.15684350833334,95.57333333333334,95.52462842932272,48.70490401062,64,96,华彩
Lang Lang,1119,113.42000150833333,95.82875283446712,95.74678088063558,81.9719538315411,73,96,华彩
Lang Lang,1120,113.42000150833333,95.82875283446712,95.74678088063558,81.9719538315411,85,96,华彩
Lang Lang,1121,113.68315950833333,96.08417233560091,95.96893333194846,115.23900365244799,71,96,华彩
Lang Lang,1122,113.68315950833333,96.08417233560091,95.96893333194846,115.23900365244799,78,96,华彩
Lang Lang,1123,113.68315950833333,96.08417233560091,95.96893333194846,115.23900365244799,83,96,华彩
Lang Lang,1124,113.68315950833333,96.08417233560091,95.96893333194846,115.23900365244799,38,96,华彩
Lang Lang,1125,113.68315950833333,96.08417233560091,95.96893333194846,115.23900365244799,50,96,华彩
Lang Lang,1126,113.94631750833334,96.08417233560091,96.19108578326134,-106.91344766043187,69,96,华彩
Lang Lang,1127,113.94631750833334,96.08417233560091,96.19108578326134,-106.91344766043187,81,96,华彩
Lang Lang,1128,114.20947550833333,96.38603174603175,96.41323823457421,-27.206488542461216,71,96,华彩
Lang Lang,1129,114.20947550833333,96.38603174603175,96.41323823457421,-27.206488542461216,83,96,华彩
Lang Lang,1130,114.20947550833333,96.38603174603175,96.41323823457421,-27.206488542461216,54,96,华彩
Lang Lang,1131,114.20947550833333,96.38603174603175,96.41323823457421,-27.206488542461216,59,96,华彩
Lang Lang,1132,114.20947550833333,96.38603174603175,96.41323823457421,-27.206488542461216,62,96,华彩
Lang Lang,1133,114.73579150833334,96.64145124716553,96.85754313719997,-216.0918900344342,73,96,华彩
Lang Lang,1134,114.73579150833334,96.64145124716553,96.85754313719997,-216.0918900344342,76,96,华彩
Lang Lang,1135,114.73579150833334,96.64145124716553,96.85754313719997,-216.0918900344342,80,96,华彩
Lang Lang,1136,114.73579150833334,96.64145124716553,96.85754313719997,-216.0918900344342,85,96,华彩
Lang Lang,1137,114.73579150833334,96.64145124716553,96.85754313719997,-216.0918900344342,37,96,华彩
Lang Lang,1138,114.73579150833334,96.64145124716553,96.85754313719997,-216.0918900344342,44,96,华彩
Lang Lang,1139,114.84105470833333,96.94331065759637,96.94640411772511,-3.0934601287384567,49,96,华彩
Lang Lang,1140,114.94631790833333,96.94331065759637,97.03526509825025,-91.95444065387903,52,96,华彩
Lang Lang,1141,114.99894950833334,97.15229024943311,97.07969558851285,72.59466092025946,76,96,华彩
Lang Lang,1142,114.99894950833334,97.15229024943311,97.07969558851285,72.59466092025946,88,96,华彩
Lang Lang,1143,115.05158110833334,97.15229024943311,97.12412607877542,28.16417065768917,56,96,华彩
Lang Lang,1144,115.15684430833333,97.15229024943311,97.21298705930056,-60.69680986745141,61,96,华彩
Lang Lang,1145,115.26210750833333,97.43092970521542,97.30184803982571,129.08166538970534,64,96,华彩
Lang Lang,1146,115.52526550833333,97.43092970521542,97.5240004911386,-93.07078592317453,73,96,华彩
Lang Lang,1147,115.52526550833333,97.43092970521542,97.5240004911386,-93.07078592317453,85,96,华彩
Lang Lang,1148,115.78842350833334,97.66312925170068,97.74615294245147,-83.02369075079241,71,96,华彩
Lang Lang,1149,115.78842350833334,97.66312925170068,97.74615294245147,-83.02369075079241,78,96,华彩
Lang Lang,1150,115.78842350833334,97.66312925170068,97.74615294245147,-83.02369075079241,83,96,华彩
Lang Lang,1151,115.78842350833334,97.66312925170068,97.74615294245147,-83.02369075079241,38,96,华彩
Lang Lang,1152,115.78842350833334,97.66312925170068,97.74615294245147,-83.02369075079241,50,96,华彩
Lang Lang,1153,116.05158150833333,97.96498866213152,97.96830539376434,-3.3167316328217566,69,96,华彩
Lang Lang,1154,116.05158150833333,97.96498866213152,97.96830539376434,-3.3167316328217566,81,96,华彩
Lang Lang,1155,116.31473950833333,98.19718820861678,98.19045784507722,6.730363539560358,71,96,华彩
Lang Lang,1156,116.31473950833333,98.19718820861678,98.19045784507722,6.730363539560358,83,96,华彩
Lang Lang,1157,116.31473950833333,98.19718820861678,98.19045784507722,6.730363539560358,54,96,华彩
Lang Lang,1158,116.31473950833333,98.19718820861678,98.19045784507722,6.730363539560358,59,96,华彩
Lang Lang,1159,116.31473950833333,98.19718820861678,98.19045784507722,6.730363539560358,62,96,华彩
Lang Lang,1160,116.84105550833334,98.45260770975057,98.63476274770296,-182.1550379523984,73,96,华彩
Lang Lang,1161,116.84105550833334,98.45260770975057,98.63476274770296,-182.1550379523984,76,96,华彩
Lang Lang,1162,116.84105550833334,98.45260770975057,98.63476274770296,-182.1550379523984,80,96,华彩
Lang Lang,1163,116.84105550833334,98.45260770975057,98.63476274770296,-182.1550379523984,85,96,华彩
Lang Lang,1164,116.84105550833334,98.45260770975057,98.63476274770296,-182.1550379523984,37,96,华彩
Lang Lang,1165,116.84105550833334,98.45260770975057,98.63476274770296,-182.1550379523984,44,96,华彩
Lang Lang,1166,116.94631870833334,98.68480725623583,98.72362372822812,-38.81647199229121,49,96,华彩
Lang Lang,1167,117.05158190833333,98.68480725623583,98.81248470875326,-127.67745251743179,52,96,华彩
Lang Lang,1168,117.10421350833333,98.68480725623583,98.85691519901584,-172.1079427800163,76,96,华彩
Lang Lang,1169,117.10421350833333,98.68480725623583,98.85691519901584,-172.1079427800163,88,96,华彩
Lang Lang,1170,117.15684510833333,99.03310657596371,98.90134568927841,131.76088668529928,56,96,华彩
Lang Lang,1171,117.26210830833334,99.03310657596371,98.99020666980357,42.899906160144496,61,96,华彩
Lang Lang,1172,117.36737150833333,99.03310657596371,99.07906765032872,-45.96107436501029,64,96,华彩
Lang Lang,1173,117.63052950833334,99.31174603174603,99.30122010164159,10.525930104435588,73,96,华彩
Lang Lang,1174,117.63052950833334,99.31174603174603,99.30122010164159,10.525930104435588,85,96,华彩
Lang Lang,1175,117.89368750833333,99.70648526077098,99.52337255295447,183.11270781650535,71,96,华彩
Lang Lang,1176,117.89368750833333,99.70648526077098,99.52337255295447,183.11270781650535,78,96,华彩
Lang Lang,1177,117.89368750833333,99.70648526077098,99.52337255295447,183.11270781650535,83,96,华彩
Lang Lang,1178,117.89368750833333,99.70648526077098,99.52337255295447,183.11270781650535,40,96,华彩
Lang Lang,1179,117.89368750833333,99.70648526077098,99.52337255295447,183.11270781650535,52,96,华彩
Lang Lang,1180,118.15684550833333,99.70648526077098,99.74552500426735,-39.03974349637451,68,96,华彩
Lang Lang,1181,118.15684550833333,99.70648526077098,99.74552500426735,-39.03974349637451,80,96,华彩
Lang Lang,1182,118.42000350833334,99.93868480725624,99.96767745558023,-28.992648323992398,64,96,华彩
Lang Lang,1183,118.42000350833334,99.93868480725624,99.96767745558023,-28.992648323992398,76,96,华彩
Lang Lang,1184,118.42000350833334,99.93868480725624,99.96767745558023,-28.992648323992398,42,96,华彩
Lang Lang,1185,118.42000350833334,99.93868480725624,99.96767745558023,-28.992648323992398,54,96,华彩
Lang Lang,1186,118.68316150833333,99.93868480725624,100.1898299068931,-251.14509963685805,66,96,华彩
Lang Lang,1187,118.68316150833333,99.93868480725624,100.1898299068931,-251.14509963685805,78,96,华彩
Lang Lang,1188,118.94631950833333,100.63528344671202,100.41198235820598,223.30108850604802,69,96,华彩
Lang Lang,1189,118.94631950833333,100.63528344671202,100.41198235820598,223.30108850604802,73,96,华彩
Lang Lang,1190,118.94631950833333,100.63528344671202,100.41198235820598,223.30108850604802,76,96,华彩
Lang Lang,1191,118.94631950833333,100.63528344671202,100.41198235820598,223.30108850604802,81,96,华彩
Lang Lang,1192,118.94631950833333,100.63528344671202,100.41198235820598,223.30108850604802,33,96,华彩
Lang Lang,1193,118.94631950833333,100.63528344671202,100.41198235820598,223.30108850604802,45,96,华彩
Lang Lang,1194,119.20947750833334,100.63528344671202,100.63413480951886,1.148637193168156,57,96,华彩
Lang Lang,1195,119.34105650833334,100.63528344671202,100.74521103517529,-109.92758846326467,61,96,华彩
Lang Lang,1196,119.47263550833334,100.93714285714286,100.85628726083172,80.85559631113881,64,96,华彩
Lang Lang,1197,119.60421450833333,100.93714285714286,100.96736348648815,-30.220629345294014,66,96,华彩
Lang Lang,1198,119.73579350833333,101.16934240362812,101.0784397121446,90.90269148352093,64,96,华彩
Lang Lang,1199,119.73579350833333,101.16934240362812,101.0784397121446,90.90269148352093,45,96,华彩
Lang Lang,1200,119.73579350833333,101.16934240362812,101.0784397121446,90.90269148352093,52,96,华彩
Lang Lang,1201,119.86737250833333,101.16934240362812,101.18951593780103,-20.1735341729119,61,96,华彩
Lang Lang,1202,119.99895150833333,101.37832199546486,101.30059216345748,77.72983200737826,57,96,华彩
Lang Lang,1203,119.99895150833333,101.37832199546486,101.30059216345748,77.72983200737826,45,96,华彩
Lang Lang,1204,119.99895150833333,101.37832199546486,101.30059216345748,77.72983200737826,54,96,华彩
Lang Lang,1205,120.13053050833334,101.37832199546486,101.41166838911391,-33.34639364905456,61,96,华彩
Lang Lang,1206,120.26210950833334,101.37832199546486,101.52274461477035,-144.4226193054874,64,96,华彩
Lang Lang,1207,120.26210950833334,101.37832199546486,101.52274461477035,-144.4226193054874,45,96,华彩
Lang Lang,1208,120.26210950833334,101.37832199546486,101.52274461477035,-144.4226193054874,52,96,华彩
Lang Lang,1209,120.39368850833334,101.84272108843537,101.6338208404268,208.90024800857532,66,96,华彩
Lang Lang,1210,120.52526750833333,101.84272108843537,101.74489706608323,97.82402235214249,69,96,华彩
Lang Lang,1211,120.52526750833333,101.84272108843537,101.74489706608323,97.82402235214249,45,96,华彩
Lang Lang,1212,120.52526750833333,101.84272108843537,101.74489706608323,97.82402235214249,54,96,华彩
Lang Lang,1213,120.65684650833333,101.84272108843537,101.85597329173966,-13.252203304290333,73,96,华彩
Lang Lang,1214,120.78842550833333,101.84272108843537,101.9670495173961,-124.32842896073737,76,96,华彩
Lang Lang,1215,120.78842550833333,101.84272108843537,101.9670495173961,-124.32842896073737,45,96,华彩
Lang Lang,1216,120.78842550833333,101.84272108843537,101.9670495173961,-124.32842896073737,52,96,华彩
Lang Lang,1217,120.92000450833334,102.23746031746032,102.07812574305254,159.33457440777943,78,96,华彩
Lang Lang,1218,121.05158350833334,102.23746031746032,102.18920196870897,48.2583487513466,81,96,华彩
Lang Lang,1219,121.05158350833334,102.23746031746032,102.18920196870897,48.2583487513466,45,96,华彩
Lang Lang,1220,121.11627651666667,102.23746031746032,102.2438144463234,-6.354128863080177,83,96,华彩
Lang Lang,1221,121.11627651666667,102.23746031746032,102.2438144463234,-6.354128863080177,50,96,华彩
Lang Lang,1222,121.18206601666667,102.23746031746032,102.29935255915161,-61.89224169129659,81,96,华彩
Lang Lang,1223,121.18316250833334,102.23746031746032,102.30027819436542,-62.817876905100434,54,96,华彩
Lang Lang,1224,121.24895200833333,102.23746031746032,102.35581630719363,-118.35598973331685,83,96,华彩
Lang Lang,1225,121.31364501666667,102.4928798185941,102.41042878480805,82.45103378605734,81,96,华彩
Lang Lang,1226,121.37943451666666,102.4928798185941,102.46596689763626,26.912920957840925,83,96,华彩
Lang Lang,1227,121.44632050833333,102.4928798185941,102.52243064567828,-29.550827084179332,81,96,华彩
Lang Lang,1228,121.51101351666667,102.4928798185941,102.5770431232927,-84.1633046985919,83,96,华彩
Lang Lang,1229,121.57680301666667,102.74829931972789,102.63258123612093,115.71808360696423,81,96,华彩
Lang Lang,1230,121.64368900833334,102.74829931972789,102.68904498416295,59.25433556494397,83,96,华彩
Lang Lang,1231,121.70838201666666,102.74829931972789,102.74365746177736,4.641857950531403,81,96,华彩
Lang Lang,1232,121.77417151666667,102.74829931972789,102.79919557460558,-50.89625487768501,83,96,华彩
Lang Lang,1233,121.84105750833334,102.95727891156463,102.8556593226476,101.61958891703193,88,96,华彩
Lang Lang,1234,121.84105750833334,102.95727891156463,102.8556593226476,101.61958891703193,69,96,华彩
Lang Lang,1235,121.84105750833334,102.95727891156463,102.8556593226476,101.61958891703193,74,96,华彩
Lang Lang,1236,121.84105750833334,102.95727891156463,102.8556593226476,101.61958891703193,78,96,华彩
Lang Lang,1237,121.97263650833334,102.95727891156463,102.96673554830404,-9.456636739415103,90,96,华彩
Lang Lang,1238,122.10421550833334,102.95727891156463,103.07781177396048,-120.53286239584793,93,96,华彩
Lang Lang,1239,122.10421550833334,102.95727891156463,103.07781177396048,-120.53286239584793,69,96,华彩
Lang Lang,1240,122.10421550833334,102.95727891156463,103.07781177396048,-120.53286239584793,74,96,华彩
Lang Lang,1241,122.10421550833334,102.95727891156463,103.07781177396048,-120.53286239584793,78,96,华彩
Lang Lang,1242,122.20947870833334,103.28235827664399,103.16667275448563,115.68552215835837,95,96,华彩
Lang Lang,1243,122.31474190833333,103.28235827664399,103.25553373501077,26.82454163321779,93,96,华彩
Lang Lang,1244,122.42000510833333,103.28235827664399,103.34439471553593,-62.036438891936996,90,96,华彩
Lang Lang,1245,122.52526830833334,103.28235827664399,103.43325569606108,-150.89741941709178,86,96,华彩
Lang Lang,1246,122.63053150833333,103.58421768707483,103.52211667658624,62.101010488589736,81,96,华彩
Lang Lang,1247,122.63053150833333,103.58421768707483,103.52211667658624,62.101010488589736,69,96,华彩
Lang Lang,1248,122.63053150833333,103.58421768707483,103.52211667658624,62.101010488589736,74,96,华彩
Lang Lang,1249,122.63053150833333,103.58421768707483,103.52211667658624,62.101010488589736,78,96,华彩
Lang Lang,1250,122.73579470833333,103.58421768707483,103.61097765711138,-26.75997003655084,83,96,华彩
Lang Lang,1251,122.84105790833334,103.58421768707483,103.69983863763653,-115.62095056170563,81,96,华彩
Lang Lang,1252,122.94632110833334,103.81641723356009,103.78869961816169,27.717615398401563,78,96,华彩
Lang Lang,1253,123.05158430833333,103.81641723356009,103.87756059868683,-61.14336512673901,74,96,华彩
Lang Lang,1254,123.15684750833333,104.0950566893424,103.96642157921198,128.63511013041773,81,96,华彩
Lang Lang,1255,123.15684750833333,104.0950566893424,103.96642157921198,128.63511013041773,45,96,华彩
Lang Lang,1256,123.22154051666666,104.0950566893424,104.0210340568264,74.02263251600516,83,96,华彩
Lang Lang,1257,123.22154051666666,104.0950566893424,104.0210340568264,74.02263251600516,52,96,华彩
Lang Lang,1258,123.28733001666667,104.0950566893424,104.07657216965463,18.484519687774537,81,96,华彩
Lang Lang,1259,123.28842650833333,104.0950566893424,104.07749780486841,17.558884473984904,57,96,华彩
Lang Lang,1260,123.35421600833334,104.0950566893424,104.13303591769665,-37.97922835424572,83,96,华彩
Lang Lang,1261,123.41890901666666,104.0950566893424,104.18764839531104,-92.59170596864408,81,96,华彩
Lang Lang,1262,123.48469851666667,104.32725623582766,104.24318650813927,84.06972768838727,83,96,华彩
Lang Lang,1263,123.55158450833333,104.32725623582766,104.2996502561813,27.605979646367018,81,96,华彩
Lang Lang,1264,123.61627751666667,104.32725623582766,104.35426273379571,-27.00649796804555,83,96,华彩
Lang Lang,1265,123.68206701666666,104.32725623582766,104.40980084662392,-82.54461079626196,81,96,华彩
Lang Lang,1266,123.74895300833333,104.32725623582766,104.46626459466594,-139.00835883828222,83,96,华彩
Lang Lang,1267,123.81364601666667,104.6291156462585,104.52087707228037,108.2385739781273,81,96,华彩
Lang Lang,1268,123.87943551666666,104.6291156462585,104.57641518510857,52.700461149925104,83,96,华彩
Lang Lang,1269,123.94632150833334,104.6291156462585,104.63287893315061,-3.763286892109363,88,96,华彩
Lang Lang,1270,123.94632150833334,104.6291156462585,104.63287893315061,-3.763286892109363,69,96,华彩
Lang Lang,1271,123.94632150833334,104.6291156462585,104.63287893315061,-3.763286892109363,73,96,华彩
Lang Lang,1272,123.94632150833334,104.6291156462585,104.63287893315061,-3.763286892109363,76,96,华彩
Lang Lang,1273,124.07790050833333,104.83809523809524,104.74395515880704,94.14007928819501,90,96,华彩
Lang Lang,1274,124.20947950833333,104.83809523809524,104.85503138446349,-16.936146368252025,93,96,华彩
Lang Lang,1275,124.20947950833333,104.83809523809524,104.85503138446349,-16.936146368252025,69,96,华彩
Lang Lang,1276,124.20947950833333,104.83809523809524,104.85503138446349,-16.936146368252025,73,96,华彩
Lang Lang,1277,124.20947950833333,104.83809523809524,104.85503138446349,-16.936146368252025,76,96,华彩
Lang Lang,1278,124.31474270833333,104.83809523809524,104.94389236498863,-105.7971268933926,95,96,华彩
Lang Lang,1279,124.42000590833334,105.13995464852607,105.03275334551378,107.20130301228892,93,96,华彩
Lang Lang,1280,124.52526910833333,105.13995464852607,105.12161432603894,18.34032248713413,90,96,华彩
Lang Lang,1281,124.63053230833333,105.13995464852607,105.21047530656408,-70.52065803800645,86,96,华彩
Lang Lang,1282,124.73579550833334,105.39537414965986,105.29933628708923,96.03786257062552,81,96,华彩
Lang Lang,1283,124.73579550833334,105.39537414965986,105.29933628708923,96.03786257062552,69,96,华彩
Lang Lang,1284,124.73579550833334,105.39537414965986,105.29933628708923,96.03786257062552,73,96,华彩
Lang Lang,1285,124.73579550833334,105.39537414965986,105.29933628708923,96.03786257062552,76,96,华彩
Lang Lang,1286,124.84105870833334,105.39537414965986,105.38819726761439,7.176882045470734,83,90,华彩
Lang Lang,1287,124.94632190833333,105.39537414965986,105.47705824813953,-81.68409847966984,81,84,华彩
Lang Lang,1288,125.05158510833333,105.62757369614512,105.56591922866468,61.65446748043735,78,77,华彩
Lang Lang,1289,125.15684830833334,105.62757369614512,105.65478020918984,-27.20651304471744,74,71,华彩
Lang Lang,1290,125.26211150833333,105.62757369614512,105.74364118971498,-116.06749356985802,69,64,华彩
Lang Lang,1291,125.26211150833333,105.62757369614512,105.74364118971498,-116.06749356985802,45,64,华彩
Lang Lang,1292,125.32680451666667,105.90621315192743,105.7982536673294,107.95948459802673,71,64,华彩
Lang Lang,1293,125.32680451666667,105.90621315192743,105.7982536673294,107.95948459802673,50,64,华彩
Lang Lang,1294,125.39259401666666,105.90621315192743,105.85379178015762,52.42137176981032,69,64,华彩
Lang Lang,1295,125.39369050833334,105.90621315192743,105.85471741537143,51.49573655600648,54,64,华彩
Lang Lang,1296,125.45948000833333,105.90621315192743,105.91025552819964,-4.0423762722099355,71,64,华彩
Lang Lang,1297,125.52417301666667,105.90621315192743,105.96486800581405,-58.654853886622504,69,64,华彩
Lang Lang,1298,125.58996251666667,105.90621315192743,106.02040611864228,-114.19296671485313,71,64,华彩
Lang Lang,1299,125.65684850833334,105.90621315192743,106.0768698666843,-170.65671475687338,69,64,华彩
Lang Lang,1300,125.72154151666666,105.90621315192743,106.1314823442987,-225.26919237127174,71,64,华彩
Lang Lang,1301,125.78733101666667,106.44027210884354,106.18702045712693,253.25165171661013,69,64,华彩
Lang Lang,1302,125.85421700833334,106.44027210884354,106.24348420516895,196.78790367458987,71,64,华彩
Lang Lang,1303,125.91891001666667,106.44027210884354,106.29809668278338,142.1754260601631,69,64,华彩
Lang Lang,1304,125.98469951666667,106.44027210884354,106.35363479561158,86.63731323196089,71,64,华彩
Lang Lang,1305,126.05158550833333,106.44027210884354,106.4100985436536,30.173565189940632,76,64,华彩
Lang Lang,1306,126.05158550833333,106.44027210884354,106.4100985436536,30.173565189940632,57,64,华彩
Lang Lang,1307,126.05158550833333,106.44027210884354,106.4100985436536,30.173565189940632,62,64,华彩
Lang Lang,1308,126.05158550833333,106.44027210884354,106.4100985436536,30.173565189940632,66,64,华彩
Lang Lang,1309,126.18316450833333,106.44027210884354,106.52117476931005,-80.9026604665064,78,64,华彩
Lang Lang,1310,126.31474350833334,106.64925170068027,106.63225099496648,17.00070571378376,81,64,华彩
Lang Lang,1311,126.31474350833334,106.64925170068027,106.63225099496648,17.00070571378376,57,64,华彩
Lang Lang,1312,126.31474350833334,106.64925170068027,106.63225099496648,17.00070571378376,62,64,华彩
Lang Lang,1313,126.31474350833334,106.64925170068027,106.63225099496648,17.00070571378376,66,64,华彩
Lang Lang,1314,126.42000670833333,106.64925170068027,106.72111197549164,-71.86027481137103,83,64,华彩
Lang Lang,1315,126.52526990833333,106.64925170068027,106.80997295601678,-160.7212553365116,81,64,华彩
Lang Lang,1316,126.63053310833334,107.04399092970522,106.89883393654195,145.15699316326902,78,64,华彩
Lang Lang,1317,126.73579630833333,107.04399092970522,106.98769491706709,56.296012638128445,74,64,华彩
Lang Lang,1318,126.84105950833333,107.04399092970522,107.07655589759224,-32.56496788702634,69,64,华彩
Lang Lang,1319,126.84105950833333,107.04399092970522,107.07655589759224,-32.56496788702634,57,64,华彩
Lang Lang,1320,126.84105950833333,107.04399092970522,107.07655589759224,-32.56496788702634,62,64,华彩
Lang Lang,1321,126.84105950833333,107.04399092970522,107.07655589759224,-32.56496788702634,66,64,华彩
Lang Lang,1322,126.94632270833334,107.04399092970522,107.1654168781174,-121.42594841218113,71,64,华彩
Lang Lang,1323,127.05158590833334,107.34585034013605,107.25427785864254,91.5724814935146,69,64,华彩
Lang Lang,1324,127.15684910833333,107.34585034013605,107.3431388391677,2.7115009683598146,66,64,华彩
Lang Lang,1325,127.26211230833333,107.34585034013605,107.43199981969283,-86.14947955678076,62,64,华彩
Lang Lang,1326,127.36737550833334,107.67092970521541,107.52086080021799,150.06890499742553,69,64,华彩
Lang Lang,1327,127.36737550833334,107.67092970521541,107.52086080021799,150.06890499742553,45,64,华彩
Lang Lang,1328,127.43206851666666,107.67092970521541,107.5754732778324,95.45642738301297,71,64,华彩
Lang Lang,1329,127.43206851666666,107.67092970521541,107.5754732778324,95.45642738301297,52,64,华彩
Lang Lang,1330,127.49785801666667,107.67092970521541,107.63101139066063,39.91831455478234,69,64,华彩
Lang Lang,1331,127.49895450833333,107.67092970521541,107.63193702587442,38.99267934099271,57,64,华彩
Lang Lang,1332,127.56474400833334,107.67092970521541,107.68747513870265,-16.545433487237915,71,64,华彩
Lang Lang,1333,127.62943701666667,107.67092970521541,107.74208761631706,-71.15791110165048,69,64,华彩
Lang Lang,1334,127.69522651666666,107.67092970521541,107.79762572914528,-126.6960239298669,71,64,华彩
Lang Lang,1335,127.76211250833333,107.9263492063492,107.8540894771873,72.2597291618996,69,64,华彩
Lang Lang,1336,127.82680551666667,107.9263492063492,107.90870195480171,17.64725154748703,71,64,华彩
Lang Lang,1337,127.89259501666666,107.9263492063492,107.96424006762993,-37.89086128072938,69,64,华彩
Lang Lang,1338,127.95948100833333,107.9263492063492,108.02070381567195,-94.35460932274964,71,64,华彩
Lang Lang,1339,128.02417401666665,108.20498866213151,108.07531629328636,129.67236884514932,69,64,华彩
Lang Lang,1340,128.08996351666667,108.20498866213151,108.1308544061146,74.1342560169187,71,64,华彩
Lang Lang,1341,128.15684950833332,108.20498866213151,108.18731815415661,17.67050797489844,76,64,华彩
Lang Lang,1342,128.15684950833332,108.20498866213151,108.18731815415661,17.67050797489844,57,64,华彩
Lang Lang,1343,128.15684950833332,108.20498866213151,108.18731815415661,17.67050797489844,61,64,华彩
Lang Lang,1344,128.15684950833332,108.20498866213151,108.18731815415661,17.67050797489844,64,64,华彩
Lang Lang,1345,128.28842850833334,108.20498866213151,108.29839437981306,-93.4057176815486,78,64,华彩
Lang Lang,1346,128.42000750833333,108.43718820861677,108.4094706054695,27.717603147280556,81,64,华彩
Lang Lang,1347,128.42000750833333,108.43718820861677,108.4094706054695,27.717603147280556,57,64,华彩
Lang Lang,1348,128.42000750833333,108.43718820861677,108.4094706054695,27.717603147280556,61,64,华彩
Lang Lang,1349,128.42000750833333,108.43718820861677,108.4094706054695,27.717603147280556,64,64,华彩
Lang Lang,1350,128.52527070833332,108.43718820861677,108.49833158599463,-61.14337737786002,83,64,华彩
Lang Lang,1351,128.63053390833332,108.43718820861677,108.58719256651978,-150.0043579030006,81,64,华彩
Lang Lang,1352,128.73579710833332,108.73904761904762,108.67605354704493,62.994072002695134,78,63,华彩
Lang Lang,1353,128.84106030833334,108.73904761904762,108.7649145275701,-25.866908522473864,74,61,华彩
Lang Lang,1354,128.94632350833334,108.94802721088435,108.85377550809524,94.25170278910855,69,59,华彩
Lang Lang,1355,128.94632350833334,108.94802721088435,108.85377550809524,94.25170278910855,57,59,华彩
Lang Lang,1356,128.94632350833334,108.94802721088435,108.85377550809524,94.25170278910855,61,59,华彩
Lang Lang,1357,128.94632350833334,108.94802721088435,108.85377550809524,94.25170278910855,64,59,华彩
Lang Lang,1358,129.05158670833333,108.94802721088435,108.9426364886204,5.390722263953762,71,57,华彩
Lang Lang,1359,129.15684990833333,108.94802721088435,109.03149746914553,-83.47025826118681,69,55,华彩
Lang Lang,1360,129.26211310833332,109.15700680272109,109.12035844967069,36.6483530503956,66,53,华彩
Lang Lang,1361,129.36737630833332,109.15700680272109,109.20921943019583,-52.21262747474498,62,51,华彩
Lang Lang,1362,129.47263950833332,109.50530612244899,109.29808041072098,207.2257117280003,76,49,华彩
Lang Lang,1363,129.47263950833332,109.50530612244899,109.29808041072098,207.2257117280003,64,49,华彩
Lang Lang,1364,130.26211350833333,109.76072562358277,109.96453776465962,-203.81214107685253,76,49,尾声
Lang Lang,1365,130.26211350833333,109.76072562358277,109.96453776465962,-203.81214107685253,81,49,尾声
Lang Lang,1366,130.26211350833333,109.76072562358277,109.96453776465962,-203.81214107685253,88,49,尾声
Lang Lang,1367,130.26211350833333,109.76072562358277,109.96453776465962,-203.81214107685253,69,49,尾声
Lang Lang,1368,130.26211350833333,109.76072562358277,109.96453776465962,-203.81214107685253,73,49,尾声
Lang Lang,1369,130.52527150833333,110.3180045351474,110.18669021597249,131.31431917490488,76,49,尾声
Lang Lang,1370,130.52527150833333,110.3180045351474,110.18669021597249,131.31431917490488,81,49,尾声
Lang Lang,1371,130.52527150833333,110.3180045351474,110.18669021597249,131.31431917490488,88,49,尾声
Lang Lang,1372,130.52527150833333,110.3180045351474,110.18669021597249,131.31431917490488,69,49,尾声
Lang Lang,1373,130.52527150833333,110.3180045351474,110.18669021597249,131.31431917490488,73,49,尾声
Lang Lang,1374,131.0515875083333,110.55020408163266,110.63099511859824,-80.79103696557866,76,49,尾声
Lang Lang,1375,131.0515875083333,110.55020408163266,110.63099511859824,-80.79103696557866,81,49,尾声
Lang Lang,1376,131.0515875083333,110.55020408163266,110.63099511859824,-80.79103696557866,88,49,尾声
Lang Lang,1377,131.0515875083333,110.55020408163266,110.63099511859824,-80.79103696557866,69,49,尾声
Lang Lang,1378,131.0515875083333,110.55020408163266,110.63099511859824,-80.79103696557866,73,49,尾声
Lang Lang,1379,131.57790350833332,111.06104308390023,111.075300021224,-14.256937323764873,76,49,尾声
Lang Lang,1380,131.57790350833332,111.06104308390023,111.075300021224,-14.256937323764873,52,49,尾声
Lang Lang,1381,131.64259651666666,111.06104308390023,111.12991249883841,-68.86941493817744,81,49,尾声
Lang Lang,1382,131.648078975,111.06104308390023,111.13454067490744,-73.49759100721087,54,49,尾声
Lang Lang,1383,131.70948250833334,111.06104308390023,111.18637624688044,-125.33316298021191,85,49,尾声
Lang Lang,1384,131.71825444166666,111.06104308390023,111.19378132859086,-132.73824469062845,57,49,尾声
Lang Lang,1385,131.77746499166665,111.38612244897959,111.24376563013625,142.35681884333928,88,49,尾声
Lang Lang,1386,131.7884299083333,111.38612244897959,111.25302198227428,133.10046670531506,59,49,尾声
Lang Lang,1387,131.858605375,111.38612244897959,111.31226263595774,73.85981302185485,61,49,尾声
Lang Lang,1388,131.92878084166665,111.38612244897959,111.37150328964115,14.619159338437271,64,49,尾声
Lang Lang,1389,131.99895630833333,111.38612244897959,111.4307439433246,-44.62149434500873,66,49,尾声
Lang Lang,1390,132.069131775,111.38612244897959,111.48998459700802,-103.8621480284263,69,49,尾声
Lang Lang,1391,132.13930724166667,111.59510204081633,111.54922525069148,45.876790124850686,71,49,尾声
Lang Lang,1392,132.20948270833333,111.59510204081633,111.6084659043749,-13.36386355856689,73,49,尾声
Lang Lang,1393,132.27965817499998,111.59510204081633,111.66770655805831,-72.60451724198447,76,49,尾声
Lang Lang,1394,132.34983364166666,111.80408163265307,111.72694721174176,77.13442091130673,78,49,尾声
Lang Lang,1395,132.42000910833332,111.80408163265307,111.78618786542519,17.893767227874946,81,49,尾声
Lang Lang,1396,132.490184575,111.80408163265307,111.84542851910864,-41.34688645557105,83,49,尾声
Lang Lang,1397,132.56036004166666,111.80408163265307,111.90466917279205,-100.58754013898863,85,49,尾声
Lang Lang,1398,132.63053550833334,112.05950113378685,111.9639098264755,95.59130731135212,88,49,尾声
Lang Lang,1399,132.69522851666667,112.05950113378685,112.01852230408993,40.978829696925345,90,49,尾声
Lang Lang,1400,132.76211450833333,112.05950113378685,112.07498605213193,-15.4849183450807,88,49,尾声
Lang Lang,1401,132.82680751666666,112.05950113378685,112.12959852974635,-70.09739595949327,90,49,尾声
Lang Lang,1402,132.8936935083333,112.05950113378685,112.18606227778837,-126.56114400151353,88,49,尾声
Lang Lang,1403,132.95838651666665,112.31492063492064,112.24067475540278,74.24587951786066,90,49,尾声
Lang Lang,1404,133.02527250833333,112.31492063492064,112.29713850344481,17.78213147582619,88,49,尾声
Lang Lang,1405,133.08996551666667,112.31492063492064,112.35175098105923,-36.83034613858638,90,49,尾声
Lang Lang,1406,133.15685150833332,112.31492063492064,112.40821472910125,-93.29409418060663,88,49,尾声
Lang Lang,1407,133.22154451666665,112.5471201814059,112.46282720671566,84.29297469024277,90,49,尾声
Lang Lang,1408,133.28843050833333,112.5471201814059,112.5192909547577,27.829226648208305,88,49,尾声
Lang Lang,1409,133.35312351666667,112.5471201814059,112.5739034323721,-26.783250966204264,90,49,尾声
Lang Lang,1410,133.42000950833332,112.5471201814059,112.63036718041413,-83.24699900822452,88,49,尾声
Lang Lang,1411,133.48470251666666,112.80253968253969,112.68497965802854,117.56002451114966,90,49,尾声
Lang Lang,1412,133.55158850833334,112.80253968253969,112.74144340607057,61.096276469115196,88,49,尾声
Lang Lang,1413,133.61628151666665,112.80253968253969,112.79605588368497,6.483798854716838,90,49,尾声
Lang Lang,1414,133.68316750833333,113.10439909297052,112.85251963172699,251.8794612435329,81,49,尾声
Lang Lang,1415,133.68316750833333,113.10439909297052,112.85251963172699,251.8794612435329,69,49,尾声
Lang Lang,1416,134.47264150833334,113.40625850340136,113.51897698566563,-112.71848226427039,81,49,尾声
Lang Lang,1417,134.47264150833334,113.40625850340136,113.51897698566563,-112.71848226427039,86,49,尾声
Lang Lang,1418,134.47264150833334,113.40625850340136,113.51897698566563,-112.71848226427039,93,49,尾声
Lang Lang,1419,134.47264150833334,113.40625850340136,113.51897698566563,-112.71848226427039,74,49,尾声
Lang Lang,1420,134.47264150833334,113.40625850340136,113.51897698566563,-112.71848226427039,78,49,尾声
Lang Lang,1421,134.73579950833332,113.63845804988662,113.7411294369785,-102.67138709187407,81,49,尾声
Lang Lang,1422,134.73579950833332,113.63845804988662,113.7411294369785,-102.67138709187407,86,49,尾声
Lang Lang,1423,134.73579950833332,113.63845804988662,113.7411294369785,-102.67138709187407,93,49,尾声
Lang Lang,1424,134.73579950833332,113.63845804988662,113.7411294369785,-102.67138709187407,74,49,尾声
Lang Lang,1425,134.73579950833332,113.63845804988662,113.7411294369785,-102.67138709187407,78,49,尾声
Lang Lang,1426,135.26211550833332,114.0564172335601,114.18543433960426,-129.0171060441594,81,49,尾声
Lang Lang,1427,135.26211550833332,114.0564172335601,114.18543433960426,-129.0171060441594,86,49,尾声
Lang Lang,1428,135.26211550833332,114.0564172335601,114.18543433960426,-129.0171060441594,93,49,尾声
Lang Lang,1429,135.26211550833332,114.0564172335601,114.18543433960426,-129.0171060441594,74,49,尾声
Lang Lang,1430,135.26211550833332,114.0564172335601,114.18543433960426,-129.0171060441594,78,49,尾声
Lang Lang,1431,135.78843150833333,114.54403628117913,114.62973924223,-85.70296105087039,81,49,尾声
Lang Lang,1432,135.78843150833333,114.54403628117913,114.62973924223,-85.70296105087039,57,49,尾声
Lang Lang,1433,135.85312451666667,114.7762358276644,114.68435171984443,91.88410781996481,86,49,尾声
Lang Lang,1434,135.858606975,114.7762358276644,114.68897989591343,87.2559317509598,59,49,尾声
Lang Lang,1435,135.92001050833332,114.7762358276644,114.74081546788643,35.420359777958765,90,49,尾声
Lang Lang,1436,135.92878244166667,114.7762358276644,114.74822054959688,28.015278067513805,62,49,尾声
Lang Lang,1437,135.98799299166666,114.7762358276644,114.79820485114226,-21.969023477865335,93,49,尾声
Lang Lang,1438,135.99895790833332,114.7762358276644,114.8074612032803,-31.225375615903772,64,49,尾声
Lang Lang,1439,136.069133375,114.7762358276644,114.86670185696374,-90.46602929934977,66,49,尾声
Lang Lang,1440,136.13930884166666,115.00843537414966,114.92594251064718,82.49286350248042,69,49,尾声
Lang Lang,1441,136.20948430833332,115.00843537414966,114.98518316433059,23.25220981906284,71,49,尾声
Lang Lang,1442,136.279659775,115.00843537414966,115.04442381801404,-35.98844386438316,74,49,尾声
Lang Lang,1443,136.34983524166665,115.00843537414966,115.10366447169747,-95.22909754781494,76,49,尾声
Lang Lang,1444,136.42001070833334,115.26385487528344,115.16290512538092,100.94974990252581,78,49,尾声
Lang Lang,1445,136.490186175,115.26385487528344,115.22214577906433,41.70909621910823,81,49,尾声
Lang Lang,1446,136.56036164166667,115.26385487528344,115.28138643274778,-17.531557464337766,83,49,尾声
Lang Lang,1447,136.63053710833333,115.26385487528344,115.34062708643121,-76.77221114776955,86,49,尾声
Lang Lang,1448,136.70071257499998,115.51927437641723,115.39986774011463,119.40663630259962,88,49,尾声
Lang Lang,1449,136.77088804166667,115.51927437641723,115.45910839379808,60.165982619153624,90,49,尾声
Lang Lang,1450,136.84106350833332,115.51927437641723,115.51834904748151,0.9253289357218364,93,49,尾声
Lang Lang,1451,136.90575651666666,115.51927437641723,115.57296152509592,-53.68714867869073,95,49,尾声
Lang Lang,1452,136.97264250833334,115.51927437641723,115.62942527313795,-110.1508967207252,93,49,尾声
Lang Lang,1453,137.03733551666667,115.75147392290249,115.68403775075237,67.43617215012421,95,49,尾声
Lang Lang,1454,137.10422150833332,115.75147392290249,115.74050149879437,10.972424108118162,93,49,尾声
Lang Lang,1455,137.16891451666666,115.75147392290249,115.7951139764088,-43.64005350630862,95,49,尾声
Lang Lang,1456,137.23580050833334,115.75147392290249,115.85157772445083,-100.10380154834309,93,49,尾声
Lang Lang,1457,137.30049351666665,116.00689342403628,115.90619020206522,100.70322197105952,95,49,尾声
Lang Lang,1458,137.36737950833333,116.00689342403628,115.96265395010725,44.23947392902505,93,49,尾声
Lang Lang,1459,137.43207251666666,116.00689342403628,116.01726642772168,-10.373003685401727,95,49,尾声
Lang Lang,1460,137.49895850833332,116.00689342403628,116.07373017576369,-66.83675172740777,93,49,尾声
Lang Lang,1461,137.56365151666665,116.23909297052154,116.1283426533781,110.75031714344163,95,49,尾声
Lang Lang,1462,137.63053750833333,116.23909297052154,116.18480640142013,54.28656910140717,93,49,尾声
Lang Lang,1463,137.69523051666667,116.23909297052154,116.23941887903456,-0.32590851301961266,95,49,尾声
Lang Lang,1464,137.76211650833332,116.23909297052154,116.29588262707657,-56.78965655502566,93,49,尾声
Lang Lang,1465,137.82680951666666,116.23909297052154,116.35049510469098,-111.40213416943823,95,49,尾声
Lang Lang,1466,138.02527450833333,116.49451247165533,116.51803507838945,-23.522606734118767,92,49,尾声
Lang Lang,1467,138.02527450833333,116.49451247165533,116.51803507838945,-23.522606734118767,104,49,尾声
Lang Lang,1468,138.28843250833333,116.74993197278911,116.74018752970233,9.744443086788124,90,49,尾声
Lang Lang,1469,138.28843250833333,116.74993197278911,116.74018752970233,9.744443086788124,102,49,尾声
Lang Lang,1470,138.55159050833333,117.0053514739229,116.9623399810152,43.011492907695015,83,49,尾声
Lang Lang,1471,138.55159050833333,117.0053514739229,116.9623399810152,43.011492907695015,95,49,尾声
Lang Lang,1472,138.81474850833334,117.21433106575964,117.18449243232808,29.838633431552353,85,49,尾声
Lang Lang,1473,138.81474850833334,117.21433106575964,117.18449243232808,29.838633431552353,97,49,尾声
Lang Lang,1474,139.0779065083333,117.46975056689342,117.40664488364094,63.105683252487665,90,49,尾声
Lang Lang,1475,139.0779065083333,117.46975056689342,117.40664488364094,63.105683252487665,102,49,尾声
Lang Lang,1476,139.34106450833332,117.77160997732426,117.62879733495382,142.8126423704441,88,49,尾声
Lang Lang,1477,139.34106450833332,117.77160997732426,117.62879733495382,142.8126423704441,100,49,尾声
Lang Lang,1478,139.60422250833332,117.77160997732426,117.8509497862667,-79.33980894243575,81,49,尾声
Lang Lang,1479,139.60422250833332,117.77160997732426,117.8509497862667,-79.33980894243575,93,49,尾声
Lang Lang,1480,139.86738050833333,118.00380952380952,118.07310223757958,-69.29271377005364,83,49,尾声
Lang Lang,1481,139.86738050833333,118.00380952380952,118.07310223757958,-69.29271377005364,95,49,尾声
Lang Lang,1482,140.13053850833333,118.35210884353741,118.29525468889246,56.85415464495236,88,49,尾声
Lang Lang,1483,140.13053850833333,118.35210884353741,118.29525468889246,56.85415464495236,100,49,尾声
Lang Lang,1484,140.39369650833333,118.35210884353741,118.51740714020534,-165.2982966679275,86,49,尾声
Lang Lang,1485,140.39369650833333,118.35210884353741,118.51740714020534,-165.2982966679275,98,49,尾声
Lang Lang,1486,140.65685450833334,118.9558276643991,118.73955959151822,216.26807288087946,78,49,尾声
Lang Lang,1487,140.65685450833334,118.9558276643991,118.73955959151822,216.26807288087946,90,49,尾声
Lang Lang,1488,140.92001250833331,118.9558276643991,118.96171204283107,-5.884378431971982,80,49,尾声
Lang Lang,1489,140.92001250833331,118.9558276643991,118.96171204283107,-5.884378431971982,92,49,尾声
Lang Lang,1490,141.18317050833332,119.3273469387755,119.18386449414395,143.4824446315588,85,49,尾声
Lang Lang,1491,141.18317050833332,119.3273469387755,119.18386449414395,143.4824446315588,97,49,尾声
Lang Lang,1492,141.44632850833332,119.3273469387755,119.40601694545683,-78.67000668132107,83,49,尾声
Lang Lang,1493,141.44632850833332,119.3273469387755,119.40601694545683,-78.67000668132107,95,49,尾声
Lang Lang,1494,141.70948650833333,119.62920634920636,119.6281693967697,1.0369524366495853,76,49,尾声
Lang Lang,1495,141.70948650833333,119.62920634920636,119.6281693967697,1.0369524366495853,88,49,尾声
Lang Lang,1496,141.97264450833333,119.88462585034014,119.85032184808259,34.304002257556476,78,49,尾声
Lang Lang,1497,141.97264450833333,119.88462585034014,119.85032184808259,34.304002257556476,90,49,尾声
Lang Lang,1498,142.10422350833332,120.3025850340136,119.961398073739,341.18696027459805,80,49,尾声
Lang Lang,1499,142.10422350833332,120.3025850340136,119.961398073739,341.18696027459805,92,49,尾声
Lang Lang,1500,142.10422350833332,120.3025850340136,119.961398073739,341.18696027459805,68,49,尾声
Lang Lang,1501,143.319136275,121.1849433106576,120.98700189063346,197.9414200241365,78,49,尾声
Lang Lang,1502,145.26102301666666,122.18340136054422,122.62630185427972,-442.9004937354932,69,49,尾声
Lang Lang,1503,145.26102301666666,122.18340136054422,122.62630185427972,-442.9004937354932,73,49,尾声
Lang Lang,1504,145.26102301666666,122.18340136054422,122.62630185427972,-442.9004937354932,81,49,尾声
Lang Lang,1505,145.26102301666666,122.18340136054422,122.62630185427972,-442.9004937354932,57,49,尾声
Lang Lang,1506,145.26102301666666,122.18340136054422,122.62630185427972,-442.9004937354932,64,49,尾声
Lang Lang,1507,146.05049701666667,123.25151927437642,123.29275920821836,-41.23993384193625,73,49,尾声
Lang Lang,1508,146.05049701666667,123.25151927437642,123.29275920821836,-41.23993384193625,76,49,尾声
Lang Lang,1509,146.05049701666667,123.25151927437642,123.29275920821836,-41.23993384193625,69,49,尾声
Lang Lang,1510,146.31365501666667,123.64625850340136,123.51491165953124,131.3468438701193,73,49,尾声
Lang Lang,1511,146.31365501666667,123.64625850340136,123.51491165953124,131.3468438701193,76,49,尾声
Lang Lang,1512,146.31365501666667,123.64625850340136,123.51491165953124,131.3468438701193,69,49,尾声
Lang Lang,1513,146.83997101666665,123.8552380952381,123.95921656215697,-103.9784669188748,73,49,尾声
Lang Lang,1514,146.83997101666665,123.8552380952381,123.95921656215697,-103.9784669188748,76,49,尾声
Lang Lang,1515,146.83997101666665,123.8552380952381,123.95921656215697,-103.9784669188748,69,49,尾声
Lang Lang,1516,147.36628701666666,124.203537414966,124.40352146478273,-199.98404981673445,81,49,尾声
Lang Lang,1517,147.36628701666666,124.203537414966,124.40352146478273,-199.98404981673445,85,49,尾声
Lang Lang,1518,147.36628701666666,124.203537414966,124.40352146478273,-199.98404981673445,93,49,尾声
Lang Lang,1519,147.36628701666666,124.203537414966,124.40352146478273,-199.98404981673445,64,49,尾声
Lang Lang,1520,147.36628701666666,124.203537414966,124.40352146478273,-199.98404981673445,73,49,尾声
Lang Lang,1521,148.15576101666667,124.76081632653062,125.06997881872137,-309.162492190751,85,43,尾声
Lang Lang,1522,148.15576101666667,124.76081632653062,125.06997881872137,-309.162492190751,88,43,尾声
Lang Lang,1523,148.15576101666667,124.76081632653062,125.06997881872137,-309.162492190751,76,43,尾声
Lang Lang,1524,148.15576101666667,124.76081632653062,125.06997881872137,-309.162492190751,81,43,尾声
Lang Lang,1525,148.41891901666668,125.27165532879819,125.29213127003425,-20.475941236057338,85,41,尾声
Lang Lang,1526,148.41891901666668,125.27165532879819,125.29213127003425,-20.475941236057338,88,41,尾声
Lang Lang,1527,148.41891901666668,125.27165532879819,125.29213127003425,-20.475941236057338,76,41,尾声
Lang Lang,1528,148.41891901666668,125.27165532879819,125.29213127003425,-20.475941236057338,81,41,尾声
Lang Lang,1529,148.94523501666666,125.5502947845805,125.73643617265998,-186.1413880794771,85,37,尾声
Lang Lang,1530,148.94523501666666,125.5502947845805,125.73643617265998,-186.1413880794771,88,37,尾声
Lang Lang,1531,148.94523501666666,125.5502947845805,125.73643617265998,-186.1413880794771,76,37,尾声
Lang Lang,1532,148.94523501666666,125.5502947845805,125.73643617265998,-186.1413880794771,81,37,尾声
Lang Lang,1533,149.47155101666667,126.27011337868481,126.18074107528574,89.37230339907387,83,33,尾声
Lang Lang,1534,149.57023526666666,126.27011337868481,126.26404824452806,6.065134156756358,85,33,尾声
Lang Lang,1535,149.66891951666668,126.27011337868481,126.3473554137704,-77.24203508558958,88,33,尾声
Lang Lang,1536,149.76979675,126.27011337868481,126.43251385344034,-162.400474755529,93,33,尾声
Lang Lang,1537,149.868481,127.08281179138322,126.51582102268266,566.9907687005633,105,33,尾声
Li Yundi,0,0.0,1.253877551020408,0.0,1253.8775510204082,76,49,A段 主题
Li Yundi,1,0.0,1.253877551020408,0.0,1253.8775510204082,64,49,A段 主题
Li Yundi,2,0.789474,1.253877551020408,0.9795645477593478,274.3130032610603,76,49,A段 主题
Li Yundi,3,0.789474,1.253877551020408,0.9795645477593478,274.3130032610603,81,49,A段 主题
Li Yundi,4,0.789474,1.253877551020408,0.9795645477593478,274.3130032610603,88,49,A段 主题
Li Yundi,5,0.789474,1.253877551020408,0.9795645477593478,274.3130032610603,69,49,A段 主题
Li Yundi,6,0.789474,1.253877551020408,0.9795645477593478,274.3130032610603,73,49,A段 主题
Li Yundi,7,1.052632,1.253877551020408,1.3060860636791303,-52.20851265872217,76,49,A段 主题
Li Yundi,8,1.052632,1.253877551020408,1.3060860636791303,-52.20851265872217,81,49,A段 主题
Li Yundi,9,1.052632,1.253877551020408,1.3060860636791303,-52.20851265872217,88,49,A段 主题
Li Yundi,10,1.052632,1.253877551020408,1.3060860636791303,-52.20851265872217,69,49,A段 主题
Li Yundi,11,1.052632,1.253877551020408,1.3060860636791303,-52.20851265872217,73,49,A段 主题
Li Yundi,12,1.578948,2.391655328798186,1.9591290955186955,432.52623327949055,76,49,A段 主题
Li Yundi,13,1.578948,2.391655328798186,1.9591290955186955,432.52623327949055,81,49,A段 主题
Li Yundi,14,1.578948,2.391655328798186,1.9591290955186955,432.52623327949055,88,49,A段 主题
Li Yundi,15,1.578948,2.391655328798186,1.9591290955186955,432.52623327949055,69,49,A段 主题
Li Yundi,16,1.578948,2.391655328798186,1.9591290955186955,432.52623327949055,73,49,A段 主题
Li Yundi,17,2.105264,2.647074829931973,2.6121721273582605,34.902702573712304,76,49,A段 主题
Li Yundi,18,2.105264,2.647074829931973,2.6121721273582605,34.902702573712304,52,49,A段 主题
Li Yundi,19,2.1699570083333333,2.647074829931973,2.692442000021874,-45.36717008990099,81,49,A段 主题
Li Yundi,20,2.1754394666666665,2.647074829931973,2.6992445316035356,-52.16970167156276,54,49,A段 主题
Li Yundi,21,2.236843,2.647074829931973,2.7754328853181516,-128.35805538617873,85,49,A段 主题
Li Yundi,22,2.2456149333333335,2.647074829931973,2.7863169358488116,-139.2421059168387,57,49,A段 主题
Li Yundi,23,2.3048254833333335,3.0418140589569163,2.8597842769307626,182.0297820261536,88,49,A段 主题
Li Yundi,24,2.3157904,3.0418140589569163,2.8733893400940866,168.42471886282962,59,49,A段 主题
Li Yundi,25,2.3859658666666665,3.0418140589569163,2.9604617443393617,81.35231461755454,61,49,A段 主题
Li Yundi,26,2.4561413333333335,3.0418140589569163,3.0475341485846377,-5.720089627721414,64,49,A段 主题
Li Yundi,27,2.5263168,3.0418140589569163,3.1346065528299127,-92.79249387299649,66,49,A段 主题
Li Yundi,28,2.5964922666666665,3.320453514739229,3.221678957075188,98.77455766404131,69,49,A段 主题
Li Yundi,29,2.6666677333333335,3.320453514739229,3.3087513613204638,11.702153418765349,71,49,A段 主题
Li Yundi,30,2.7368432,3.320453514739229,3.395823765565739,-75.37025082650972,73,49,A段 主题
Li Yundi,31,2.8070186666666666,3.5294331065759637,3.482896169811014,46.53693676494974,76,49,A段 主题
Li Yundi,32,2.8771941333333335,3.5294331065759637,3.56996857405629,-40.53546748032622,78,49,A段 主题
Li Yundi,33,2.9473696,3.5294331065759637,3.657040978301565,-127.60787172560129,81,49,A段 主题
Li Yundi,34,3.0175450666666666,3.5294331065759637,3.74411338254684,-214.68027597087635,83,49,A段 主题
Li Yundi,35,3.0877205333333335,3.9706122448979593,3.8311857867921155,139.42645810584375,85,49,A段 主题
Li Yundi,36,3.157896,3.9706122448979593,3.918258191037391,52.35405386056824,88,49,A段 主题
Li Yundi,37,3.2225890083333333,3.9706122448979593,3.998528063701004,-27.915818803044612,90,49,A段 主题
Li Yundi,38,3.289475,3.9706122448979593,4.081518948997282,-110.90670409932235,88,49,A段 主题
Li Yundi,39,3.354168008333333,4.295691609977324,4.161788821660895,133.902788316429,90,49,A段 主题
Li Yundi,40,3.421054,4.295691609977324,4.244779706957173,50.91190302015125,88,49,A段 主题
Li Yundi,41,3.4857470083333335,4.295691609977324,4.325049579620787,-29.35796964346249,90,49,A段 主题
Li Yundi,42,3.552633,4.295691609977324,4.408040464917065,-112.34885493974022,88,49,A段 主题
Li Yundi,43,3.6173260083333334,4.527891156462585,4.488310337580678,39.58081888190712,90,49,A段 主题
Li Yundi,44,3.684212,4.527891156462585,4.571301222876956,-43.41006641437062,88,49,A段 主题
Li Yundi,45,3.7489050083333333,4.527891156462585,4.651571095540569,-123.67993907798348,90,49,A段 主题
Li Yundi,46,3.815791,4.922630385487528,4.7345619808368475,188.0684046506804,88,49,A段 主题
Li Yundi,47,3.880484008333333,4.922630385487528,4.81483185350046,107.79853198706758,90,49,A段 主题
Li Yundi,48,3.94737,4.922630385487528,4.897822738796738,24.80764669078983,88,49,A段 主题
Li Yundi,49,4.0120630083333335,4.922630385487528,4.978092611460352,-55.46222597282391,90,49,A段 主题
Li Yundi,50,4.078949,5.154829931972789,5.06108349675663,93.74643521615944,88,49,A段 主题
Li Yundi,51,4.143642008333333,5.154829931972789,5.1413533694202425,13.47656255254659,90,49,A段 主题
Li Yundi,52,4.210528,5.433469387755102,5.224344254716521,209.12513303858128,81,49,A段 主题
Li Yundi,53,4.210528,5.433469387755102,5.224344254716521,209.12513303858128,69,49,A段 主题
Li Yundi,54,5.000002,5.851428571428571,6.203908802475869,-352.48023104729765,81,49,A段 主题
Li Yundi,55,5.000002,5.851428571428571,6.203908802475869,-352.48023104729765,86,49,A段 主题
Li Yundi,56,5.000002,5.851428571428571,6.203908802475869,-352.48023104729765,93,49,A段 主题
Li Yundi,57,5.000002,5.851428571428571,6.203908802475869,-352.48023104729765,74,49,A段 主题
Li Yundi,58,5.000002,5.851428571428571,6.203908802475869,-352.48023104729765,78,49,A段 主题
Li Yundi,59,5.26316,6.501587301587302,6.530430318395651,-28.843016808349553,81,49,A段 主题
Li Yundi,60,5.26316,6.501587301587302,6.530430318395651,-28.843016808349553,86,49,A段 主题
Li Yundi,61,5.26316,6.501587301587302,6.530430318395651,-28.843016808349553,93,49,A段 主题
Li Yundi,62,5.26316,6.501587301587302,6.530430318395651,-28.843016808349553,74,49,A段 主题
Li Yundi,63,5.26316,6.501587301587302,6.530430318395651,-28.843016808349553,78,49,A段 主题
Li Yundi,64,5.789476,6.942766439909297,7.183473350235216,-240.70691032591895,81,49,A段 主题
Li Yundi,65,5.789476,6.942766439909297,7.183473350235216,-240.70691032591895,86,49,A段 主题
Li Yundi,66,5.789476,6.942766439909297,7.183473350235216,-240.70691032591895,93,49,A段 主题
Li Yundi,67,5.789476,6.942766439909297,7.183473350235216,-240.70691032591895,74,49,A段 主题
Li Yundi,68,5.789476,6.942766439909297,7.183473350235216,-240.70691032591895,78,49,A段 主题
Li Yundi,69,6.315792,7.546485260770975,7.836516382074782,-290.0311213038069,81,49,A段 主题
Li Yundi,70,6.315792,7.546485260770975,7.836516382074782,-290.0311213038069,57,49,A段 主题
Li Yundi,71,6.380485008333333,7.825124716553288,7.916786254738395,-91.66153818510736,86,49,A段 主题
Li Yundi,72,6.385967466666667,7.825124716553288,7.923588786320058,-98.46406976677002,59,49,A段 主题
Li Yundi,73,6.447371,8.080544217687075,7.9997771400346736,80.76707765240165,90,49,A段 主题
Li Yundi,74,6.456142933333333,8.080544217687075,8.010661190565331,69.88302712174388,62,49,A段 主题
Li Yundi,75,6.5153534833333335,8.080544217687075,8.084128531647284,-3.5843139602089735,93,49,A段 主题
Li Yundi,76,6.5263184,8.080544217687075,8.097733594810608,-17.189377123532523,64,49,A段 主题
Li Yundi,77,6.596493866666667,8.080544217687075,8.184805999055884,-104.26178136880893,66,49,A段 主题
Li Yundi,78,6.666669333333333,8.080544217687075,8.271878403301159,-191.33418561408354,69,49,A段 主题
Li Yundi,79,6.7368448,8.544943310657596,8.358950807546433,185.99250311116222,71,49,A段 主题
Li Yundi,80,6.807020266666667,8.544943310657596,8.44602321179171,98.92009886588582,74,49,A段 主题
Li Yundi,81,6.877195733333333,8.544943310657596,8.533095616036984,11.847694620611193,76,49,A段 主题
Li Yundi,82,6.9473712,8.544943310657596,8.62016802028226,-75.22470962466521,78,49,A段 主题
Li Yundi,83,7.017546666666667,8.777142857142858,8.707240424527535,69.90243261532214,81,49,A段 主题
Li Yundi,84,7.087722133333333,8.777142857142858,8.79431282877281,-17.169971629952485,83,49,A段 主题
Li Yundi,85,7.1578976,8.777142857142858,8.881385233018086,-104.24237587522889,86,49,A段 主题
Li Yundi,86,7.228073066666667,9.079002267573696,8.968457637263361,110.54463031033457,88,49,A段 主题
Li Yundi,87,7.298248533333333,9.079002267573696,9.055530041508636,23.472226065059942,90,49,A段 主题
Li Yundi,88,7.368424,9.079002267573696,9.142602445753912,-63.60017818021646,93,49,A段 主题
Li Yundi,89,7.433117008333333,9.079002267573696,9.222872318417526,-143.8700508438302,95,49,A段 主题
Li Yundi,90,7.500003,9.079002267573696,9.305863203713804,-226.86093614010792,93,49,A段 主题
Li Yundi,91,7.564696008333334,9.079002267573696,9.386133076377417,-307.13080880372166,95,49,A段 主题
Li Yundi,92,7.631582,9.7059410430839,9.469123961673695,236.81708141020508,93,49,A段 主题
Li Yundi,93,7.696275008333333,9.7059410430839,9.549393834337307,156.54720874659313,95,49,A段 主题
Li Yundi,94,7.763161,9.7059410430839,9.632384719633587,73.5563234503136,93,49,A段 主题
Li Yundi,95,7.8278540083333334,9.7059410430839,9.712654592297199,-6.713549213298364,95,49,A段 主题
Li Yundi,96,7.89474,9.7059410430839,9.795645477593476,-89.7044345095761,93,49,A段 主题
Li Yundi,97,7.959433008333333,9.914920634920636,9.87591535025709,39.00528466354558,95,49,A段 主题
Li Yundi,98,8.026319,9.914920634920636,9.95890623555337,-43.985600632733934,93,49,A段 主题
Li Yundi,99,8.091012008333333,9.914920634920636,10.039176108216981,-124.2554732963459,95,49,A段 主题
Li Yundi,100,8.157898,9.914920634920636,10.12216699351326,-207.24635859262364,93,49,A段 主题
Li Yundi,101,8.222591008333334,9.914920634920636,10.202436866176873,-287.51623125623735,95,49,A段 主题
Li Yundi,102,8.289477,9.914920634920636,10.28542775147315,-370.50711655251513,93,49,A段 主题
Li Yundi,103,8.354170008333334,10.7740589569161,10.365697624136764,408.36133277933584,95,49,A段 主题
Li Yundi,104,8.552635,10.7740589569161,10.611949267392934,162.10968952316662,92,49,A段 主题
Li Yundi,105,8.552635,10.7740589569161,10.611949267392934,162.10968952316662,104,49,A段 主题
Li Yundi,106,8.815793,11.099138321995465,10.938470783312715,160.6675386827501,90,49,A段 主题
Li Yundi,107,8.815793,11.099138321995465,10.938470783312715,160.6675386827501,102,49,A段 主题
Li Yundi,108,9.078951,11.331337868480725,11.2649922992325,66.34556924822554,83,49,A段 主题
Li Yundi,109,9.078951,11.331337868480725,11.2649922992325,66.34556924822554,95,49,A段 主题
Li Yundi,110,9.342109,11.563537414965987,11.591513815152283,-27.976400186295436,85,49,A段 主题
Li Yundi,111,9.342109,11.563537414965987,11.591513815152283,-27.976400186295436,97,49,A段 主题
Li Yundi,112,9.605267,11.842176870748299,11.918035331072064,-75.85846032376509,90,49,A段 主题
Li Yundi,113,9.605267,11.842176870748299,11.918035331072064,-75.85846032376509,102,49,A段 主题
Li Yundi,114,9.868425,12.30657596371882,12.244556846991847,62.01911672697413,88,49,A段 主题
Li Yundi,115,9.868425,12.30657596371882,12.244556846991847,62.01911672697413,100,49,A段 主题
Li Yundi,116,10.131583,12.631655328798185,12.571078362911628,60.57696588655759,81,49,A段 主题
Li Yundi,117,10.131583,12.631655328798185,12.571078362911628,60.57696588655759,93,49,A段 主题
Li Yundi,118,10.394741,12.956734693877552,12.89759987883141,59.13481504614104,83,49,A段 主题
Li Yundi,119,10.394741,12.956734693877552,12.89759987883141,59.13481504614104,95,49,A段 主题
Li Yundi,120,10.657899,13.305034013605443,13.224121394751196,80.9126188542475,88,49,A段 主题
Li Yundi,121,10.657899,13.305034013605443,13.224121394751196,80.9126188542475,100,49,A段 主题
Li Yundi,122,10.921057,13.56045351473923,13.550642910670977,9.81060406825307,86,49,A段 主题
Li Yundi,123,10.921057,13.56045351473923,13.550642910670977,9.81060406825307,98,49,A段 主题
Li Yundi,124,11.184215,13.79265306122449,13.87716442659076,-84.51136536626969,78,49,A段 主题
Li Yundi,125,11.184215,13.79265306122449,13.87716442659076,-84.51136536626969,90,49,A段 主题
Li Yundi,126,11.447373,14.094512471655328,14.203685942510543,-109.17347085521456,80,49,A段 主题
Li Yundi,127,11.447373,14.094512471655328,14.203685942510543,-109.17347085521456,92,49,A段 主题
Li Yundi,128,11.710531,14.512471655328799,14.530207458430324,-17.735803101524894,85,49,A段 主题
Li Yundi,129,11.710531,14.512471655328799,14.530207458430324,-17.735803101524894,97,49,A段 主题
Li Yundi,130,11.973689,14.814331065759637,14.856728974350107,-42.39790859046977,83,49,A段 主题
Li Yundi,131,11.973689,14.814331065759637,14.856728974350107,-42.39790859046977,95,49,A段 主题
Li Yundi,132,12.236847,15.069750566893424,15.183250490269888,-113.4999233764642,76,49,A段 主题
Li Yundi,133,12.236847,15.069750566893424,15.183250490269888,-113.4999233764642,88,49,A段 主题
Li Yundi,134,12.500005,15.301950113378684,15.509772006189673,-207.82189281098874,78,49,A段 主题
Li Yundi,135,12.500005,15.301950113378684,15.509772006189673,-207.82189281098874,90,49,A段 主题
Li Yundi,136,12.631584,15.928888888888888,15.673032764149564,255.8561247393243,80,49,A段 主题
Li Yundi,137,12.631584,15.928888888888888,15.673032764149564,255.8561247393243,92,49,A段 主题
Li Yundi,138,12.631584,15.928888888888888,15.673032764149564,255.8561247393243,68,49,A段 主题
Li Yundi,139,13.684216,16.764807256235827,16.979118827828692,-214.31157159286585,76,49,A段 主题
Li Yundi,140,13.684216,16.764807256235827,16.979118827828692,-214.31157159286585,64,49,A段 主题
Li Yundi,141,13.684216,16.764807256235827,16.979118827828692,-214.31157159286585,68,49,A段 主题
Li Yundi,142,13.684216,16.764807256235827,16.979118827828692,-214.31157159286585,73,49,A段 主题
Li Yundi,143,13.846496766666666,17.29886621315193,17.180473762645892,118.39245050603608,78,49,A段 主题
Li Yundi,144,14.0131635,17.29886621315193,17.38727072272842,-88.40450957649182,80,49,A段 主题
Li Yundi,145,14.182023216666666,17.99546485260771,17.596788695443614,398.6761571640969,85,49,A段 主题
Li Yundi,146,15.788383508333332,19.249342403628116,19.58993044887062,-340.5880452425052,69,49,A段 主题
Li Yundi,147,15.788383508333332,19.249342403628116,19.58993044887062,-340.5880452425052,73,49,A段 主题
Li Yundi,148,15.788383508333332,19.249342403628116,19.58993044887062,-340.5880452425052,81,49,A段 主题
Li Yundi,149,15.788383508333332,19.249342403628116,19.58993044887062,-340.5880452425052,33,49,A段 主题
Li Yundi,150,16.57785750833333,20.36390022675737,20.569494996629967,-205.59476987259728,57,49,A段 主题
Li Yundi,151,16.57785750833333,20.36390022675737,20.569494996629967,-205.59476987259728,61,49,A段 主题
Li Yundi,152,16.57785750833333,20.36390022675737,20.569494996629967,-205.59476987259728,52,49,A段 主题
Li Yundi,153,16.84101550833333,20.94439909297052,20.89601651254975,48.38258042077115,57,49,A段 主题
Li Yundi,154,16.84101550833333,20.94439909297052,20.89601651254975,48.38258042077115,61,49,A段 主题
Li Yundi,155,16.84101550833333,20.94439909297052,20.89601651254975,48.38258042077115,54,49,A段 主题
Li Yundi,156,17.104173508333332,21.199818594104308,21.222538028469533,-22.719434365225055,52,49,A段 主题
Li Yundi,157,17.367331508333333,21.524897959183672,21.549059544389316,-24.161585205643377,57,49,A段 主题
Li Yundi,158,17.367331508333333,21.524897959183672,21.549059544389316,-24.161585205643377,61,49,A段 主题
Li Yundi,159,17.367331508333333,21.524897959183672,21.549059544389316,-24.161585205643377,54,49,A段 主题
Li Yundi,160,17.630489508333334,21.78031746031746,21.8755810603091,-95.26359999163958,52,49,A段 主题
Li Yundi,161,17.89364750833333,22.38403628117914,22.202102576228878,181.93370495026073,45,49,A段 主题
Li Yundi,162,18.683121508333333,23.127074829931974,23.18166712398823,-54.59229405625621,57,49,A段 主题
Li Yundi,163,18.683121508333333,23.127074829931974,23.18166712398823,-54.59229405625621,61,49,A段 主题
Li Yundi,164,18.683121508333333,23.127074829931974,23.18166712398823,-54.59229405625621,52,49,A段 主题
Li Yundi,165,18.946279508333333,23.336054421768708,23.508188639908013,-172.13421813930552,57,49,A段 主题
Li Yundi,166,18.946279508333333,23.336054421768708,23.508188639908013,-172.13421813930552,61,49,A段 主题
Li Yundi,167,18.946279508333333,23.336054421768708,23.508188639908013,-172.13421813930552,54,49,A段 主题
Li Yundi,168,19.20943750833333,23.91655328798186,23.834710155827793,81.84313215406647,52,49,A段 主题
Li Yundi,169,19.47259550833333,24.171972789115646,24.161231671747576,10.741117368070263,57,49,A段 主题
Li Yundi,170,19.47259550833333,24.171972789115646,24.161231671747576,10.741117368070263,61,49,A段 主题
Li Yundi,171,19.47259550833333,24.171972789115646,24.161231671747576,10.741117368070263,54,49,A段 主题
Li Yundi,172,19.73575350833333,24.171972789115646,24.48775318766736,-315.78039855171266,52,49,A段 主题
Li Yundi,173,19.998911508333332,24.938231292517006,24.81427470358714,123.95658892986461,64,80,A段 主题
Li Yundi,174,19.998911508333332,24.938231292517006,24.81427470358714,123.95658892986461,45,80,A段 主题
Li Yundi,175,20.78838550833333,25.379410430839002,25.793839251346487,-414.42882050748506,66,80,A段 主题
Li Yundi,176,20.78838550833333,25.379410430839002,25.793839251346487,-414.42882050748506,52,80,A段 主题
Li Yundi,177,21.05154350833333,25.98312925170068,26.12036076726627,-137.23151556558832,69,80,A段 主题
Li Yundi,178,21.05154350833333,25.98312925170068,26.12036076726627,-137.23151556558832,57,80,A段 主题
Li Yundi,179,21.05154350833333,25.98312925170068,26.12036076726627,-137.23151556558832,61,80,A段 主题
Li Yundi,180,21.314701508333332,26.192108843537415,26.446882283186053,-254.77343964863763,71,80,A段 主题
Li Yundi,181,21.577859508333333,27.16734693877551,26.77340379910584,393.9431396696698,73,80,A段 主题
Li Yundi,182,21.577859508333333,27.16734693877551,26.77340379910584,393.9431396696698,44,80,A段 主题
Li Yundi,183,21.84101750833333,27.16734693877551,27.099925315025615,67.42162374989391,76,80,A段 主题
Li Yundi,184,22.104175508333334,27.445986394557824,27.426446830945405,19.53956361241893,78,80,A段 主题
Li Yundi,185,22.104175508333334,27.445986394557824,27.426446830945405,19.53956361241893,42,80,A段 主题
Li Yundi,186,22.893649508333333,28.46766439909297,28.40601137870475,61.653020388220625,66,80,A段 主题
Li Yundi,187,22.893649508333333,28.46766439909297,28.40601137870475,61.653020388220625,69,80,A段 主题
Li Yundi,188,22.893649508333333,28.46766439909297,28.40601137870475,61.653020388220625,54,80,A段 主题
Li Yundi,189,23.156807508333333,28.46766439909297,28.732532894624534,-264.8684955315623,66,80,A段 主题
Li Yundi,190,23.156807508333333,28.46766439909297,28.732532894624534,-264.8684955315623,69,80,A段 主题
Li Yundi,191,23.156807508333333,28.46766439909297,28.732532894624534,-264.8684955315623,57,80,A段 主题
Li Yundi,192,23.419965508333334,29.442902494331065,29.059054410544316,383.8480837867486,59,80,A段 主题
Li Yundi,193,23.68312350833333,29.442902494331065,29.385575926464096,57.326567866969214,66,80,A段 主题
Li Yundi,194,23.68312350833333,29.442902494331065,29.385575926464096,57.326567866969214,69,80,A段 主题
Li Yundi,195,23.68312350833333,29.442902494331065,29.385575926464096,57.326567866969214,61,80,A段 主题
Li Yundi,196,23.946281508333332,29.675102040816327,29.71209744238388,-36.99540156755177,64,80,A段 主题
Li Yundi,197,24.209439508333332,29.930521541950114,30.038618958303662,-108.09741635354797,78,80,A段 主题
Li Yundi,198,24.209439508333332,29.930521541950114,30.038618958303662,-108.09741635354797,54,80,A段 主题
Li Yundi,199,24.47259750833333,30.162721088435376,30.36514047422344,-202.4193857880654,81,80,A段 主题
Li Yundi,200,24.47259750833333,30.162721088435376,30.36514047422344,-202.4193857880654,61,80,A段 主题
Li Yundi,201,24.53838700833333,30.464580498866212,30.44677085320339,17.809645662822504,83,80,A段 主题
Li Yundi,202,24.60417650833333,30.464580498866212,30.528401232183334,-63.82073331712235,81,80,A段 主题
Li Yundi,203,24.735755508333334,30.67356009070295,30.69166199014323,-18.101899440281954,66,80,A段 主题
Li Yundi,204,24.735755508333334,30.67356009070295,30.69166199014323,-18.101899440281954,69,80,A段 主题
Li Yundi,205,24.99891350833333,30.998639455782314,31.018183506063007,-19.54405028069317,78,80,A段 主题
Li Yundi,206,25.26207150833333,31.41659863945578,31.344705021982794,71.89361747298761,76,80,A段 主题
Li Yundi,207,25.26207150833333,31.41659863945578,31.344705021982794,71.89361747298761,49,80,A段 主题
Li Yundi,208,25.525229508333332,31.648798185941043,31.671226537902577,-22.428351961533366,73,80,A段 主题
Li Yundi,209,25.788387508333333,31.90421768707483,31.99774805382236,-93.53036674752957,76,80,A段 主题
Li Yundi,210,25.788387508333333,31.90421768707483,31.99774805382236,-93.53036674752957,59,80,A段 主题
Li Yundi,211,25.85417700833333,32.15963718820862,32.0793784328023,80.25875540631944,61,80,A段 主题
Li Yundi,212,25.91996650833333,32.15963718820862,32.161008811782246,-1.3716235736254134,68,80,A段 主题
Li Yundi,213,26.31470350833333,32.391836734693875,32.65079108566192,-258.95435096804675,78,80,A段 主题
Li Yundi,214,26.31470350833333,32.391836734693875,32.65079108566192,-258.95435096804675,54,80,A段 主题
Li Yundi,215,26.57786150833333,32.74013605442177,32.9773126015817,-237.1765471599332,81,80,A段 主题
Li Yundi,216,26.57786150833333,32.74013605442177,32.9773126015817,-237.1765471599332,61,80,A段 主题
Li Yundi,217,26.643651008333332,32.74013605442177,33.05894298056165,-318.80692613988515,83,80,A段 主题
Li Yundi,218,26.70944050833333,32.74013605442177,33.14057335954159,-400.4373051198229,81,80,A段 主题
Li Yundi,219,26.841019508333332,33.57605442176871,33.30383411750149,272.220304267222,66,80,A段 主题
Li Yundi,220,26.841019508333332,33.57605442176871,33.30383411750149,272.220304267222,69,80,A段 主题
Li Yundi,221,27.104177508333333,33.57605442176871,33.630355633421274,-54.30121165256452,78,80,A段 主题
Li Yundi,222,27.367335508333333,33.8314739229025,33.956877149341054,-125.40322643855717,76,80,A段 主题
Li Yundi,223,27.367335508333333,33.8314739229025,33.956877149341054,-125.40322643855717,49,80,A段 主题
Li Yundi,224,27.63049350833333,34.27265306122449,34.28339866526083,-10.745604036344503,73,80,A段 主题
Li Yundi,225,27.893651508333335,34.50485260770975,34.60992018118062,-105.06757347086904,76,80,A段 主题
Li Yundi,226,27.893651508333335,34.50485260770975,34.60992018118062,-105.06757347086904,59,80,A段 主题
Li Yundi,227,27.959441008333332,34.73705215419501,34.691550560160564,45.50159403444809,61,80,A段 主题
Li Yundi,228,28.02523050833333,34.73705215419501,34.77318093914051,-36.12878494549676,68,80,A段 主题
Li Yundi,229,28.419967508333333,34.94603174603174,35.262963213020186,-316.9314669884429,78,80,A段 主题
Li Yundi,230,28.419967508333333,34.94603174603174,35.262963213020186,-316.9314669884429,54,80,A段 主题
Li Yundi,231,28.683125508333333,35.54975056689342,35.589484728939965,-39.734162046542565,81,80,A段 主题
Li Yundi,232,28.683125508333333,35.54975056689342,35.589484728939965,-39.734162046542565,61,80,A段 主题
Li Yundi,233,28.748915008333334,35.54975056689342,35.67111510791992,-121.36454102649452,83,80,A段 主题
Li Yundi,234,28.81470450833333,35.92126984126984,35.752745486899855,168.52435436998547,81,80,A段 主题
Li Yundi,235,28.94628350833333,35.92126984126984,35.916006244859744,5.263596410095772,66,80,A段 主题
Li Yundi,236,28.94628350833333,35.92126984126984,35.916006244859744,5.263596410095772,69,80,A段 主题
Li Yundi,237,29.209441508333335,36.13024943310658,36.24252776077954,-112.27832767296064,78,80,A段 主题
Li Yundi,238,29.47259950833333,36.57142857142857,36.56904927669931,2.3792947292591293,76,80,A段 主题
Li Yundi,239,29.47259950833333,36.57142857142857,36.56904927669931,2.3792947292591293,61,80,A段 主题
Li Yundi,240,29.47259950833333,36.57142857142857,36.56904927669931,2.3792947292591293,64,80,A段 主题
Li Yundi,241,29.47259950833333,36.57142857142857,36.56904927669931,2.3792947292591293,68,80,A段 主题
Li Yundi,242,29.735757508333332,36.91972789115646,36.8955707926191,24.157098537365584,73,80,A段 主题
Li Yundi,243,29.998915508333333,37.24480725623583,37.22209230853888,22.714947696947263,76,80,A段 主题
Li Yundi,244,29.998915508333333,37.24480725623583,37.22209230853888,22.714947696947263,59,80,A段 主题
Li Yundi,245,30.26207350833333,37.54666666666667,37.54861382445866,-1.947157791995835,78,80,A段 主题
Li Yundi,246,30.525231508333334,37.871746031746035,37.87513534037845,-3.3893086324141564,73,80,A段 主题
Li Yundi,247,30.525231508333334,37.871746031746035,37.87513534037845,-3.3893086324141564,57,80,A段 主题
Li Yundi,248,30.525231508333334,37.871746031746035,37.87513534037845,-3.3893086324141564,61,80,A段 主题
Li Yundi,249,30.525231508333334,37.871746031746035,37.87513534037845,-3.3893086324141564,64,80,A段 主题
Li Yundi,250,31.314705508333333,38.38258503401361,38.854699888137795,-472.11485412418597,64,80,A段 主题
Li Yundi,251,31.57786350833333,39.10240362811791,39.181221404057574,-78.81777593966177,66,80,A段 主题
Li Yundi,252,31.57786350833333,39.10240362811791,39.181221404057574,-78.81777593966177,57,80,A段 主题
Li Yundi,253,31.57786350833333,39.10240362811791,39.181221404057574,-78.81777593966177,61,80,A段 主题
Li Yundi,254,31.57786350833333,39.10240362811791,39.181221404057574,-78.81777593966177,54,80,A段 主题
Li Yundi,255,31.841021508333334,39.3578231292517,39.50774291997736,-149.91979072566153,68,80,A段 主题
Li Yundi,256,32.10417950833333,39.84544217687075,39.83426443589714,11.177740973607797,66,80,A段 主题
Li Yundi,257,32.10417950833333,39.84544217687075,39.83426443589714,11.177740973607797,52,80,A段 主题
Li Yundi,258,32.367337508333335,40.07764172335601,40.160785951816926,-83.14422846091674,64,80,A段 主题
Li Yundi,259,32.63049550833333,40.35628117913832,40.487307467736706,-131.0262885983846,73,80,A段 主题
Li Yundi,260,32.63049550833333,40.35628117913832,40.487307467736706,-131.0262885983846,49,80,A段 主题
Li Yundi,261,32.89365350833333,40.867120181405895,40.813828983656485,53.29119774940949,76,80,A段 主题
Li Yundi,262,32.89365350833333,40.867120181405895,40.813828983656485,53.29119774940949,56,80,A段 主题
Li Yundi,263,32.95944300833333,40.867120181405895,40.89545936263643,-28.33918123053536,78,80,A段 主题
Li Yundi,264,33.02523250833333,40.867120181405895,40.977089741616375,-109.96956021048021,76,80,A段 主题
Li Yundi,265,33.156811508333334,41.19219954648526,41.14035049957627,51.84904690899117,61,80,A段 主题
Li Yundi,266,33.156811508333334,41.19219954648526,41.14035049957627,51.84904690899117,64,80,A段 主题
Li Yundi,267,33.41996950833333,41.54049886621315,41.46687201549605,73.62685071709762,73,80,A段 主题
Li Yundi,268,33.683127508333335,41.77269841269841,41.79339353141584,-20.695118717426908,71,80,A段 主题
Li Yundi,269,33.683127508333335,41.77269841269841,41.79339353141584,-20.695118717426908,50,80,A段 主题
Li Yundi,270,33.94628550833333,42.00489795918367,42.11991504733562,-115.01708815194434,69,80,A段 主题
Li Yundi,271,34.20944350833333,42.26031746031746,42.446436563255396,-186.119102937937,71,80,A段 主题
Li Yundi,272,34.20944350833333,42.26031746031746,42.446436563255396,-186.119102937937,59,80,A段 主题
Li Yundi,273,34.27523300833333,42.49251700680272,42.52806694223534,-35.54993543261986,64,80,A段 主题
Li Yundi,274,34.34102250833333,42.49251700680272,42.60969732121529,-117.18031441257182,66,80,A段 主题
Li Yundi,275,34.73575950833333,42.840816326530614,43.09947959509496,-258.66326856434796,73,80,A段 主题
Li Yundi,276,34.73575950833333,42.840816326530614,43.09947959509496,-258.66326856434796,49,80,A段 主题
Li Yundi,277,34.998917508333335,43.67673469387755,43.42600111101475,250.73358286280012,76,80,A段 主题
Li Yundi,278,34.998917508333335,43.67673469387755,43.42600111101475,250.73358286280012,56,80,A段 主题
Li Yundi,279,35.06470700833333,43.67673469387755,43.50763148999469,169.10320388286237,78,80,A段 主题
Li Yundi,280,35.13049650833333,43.67673469387755,43.58926186897464,87.47282490291042,76,80,A段 主题
Li Yundi,281,35.26207550833333,43.932154195011336,43.75252262693453,179.63156807680747,61,80,A段 主题
Li Yundi,282,35.26207550833333,43.932154195011336,43.75252262693453,179.63156807680747,64,80,A段 主题
Li Yundi,283,35.52523350833333,44.14113378684807,44.07904414285431,62.089643993765264,73,80,A段 主题
Li Yundi,284,35.78839150833333,44.373333333333335,44.405565658774094,-32.23232544075927,71,80,A段 主题
Li Yundi,285,35.78839150833333,44.373333333333335,44.405565658774094,-32.23232544075927,50,80,A段 主题
Li Yundi,286,36.05154950833333,44.6055328798186,44.73208717469387,-126.5542948752767,69,80,A段 主题
Li Yundi,287,36.314707508333335,44.88417233560091,45.05860869061367,-174.43635501275878,71,80,A段 主题
Li Yundi,288,36.314707508333335,44.88417233560091,45.05860869061367,-174.43635501275878,59,80,A段 主题
Li Yundi,289,36.38049700833333,45.20925170068027,45.140239069593605,69.01263108666456,64,80,A段 主题
Li Yundi,290,36.44628650833333,45.44145124716553,45.22186944857355,219.58179859198168,66,80,A段 主题
Li Yundi,291,36.84102350833333,45.65043083900227,45.71165172245322,-61.220883450950225,73,80,A段 主题
Li Yundi,292,36.84102350833333,45.65043083900227,45.71165172245322,-61.220883450950225,49,80,A段 主题
Li Yundi,293,37.10418150833333,45.905850340136055,46.03817323837301,-132.3228982369571,76,80,A段 主题
Li Yundi,294,37.10418150833333,45.905850340136055,46.03817323837301,-132.3228982369571,56,80,A段 主题
Li Yundi,295,37.169971008333334,46.13804988662132,46.11980361735296,18.246269268360038,78,80,A段 主题
Li Yundi,296,37.235760508333335,46.13804988662132,46.2014339963329,-63.38410971158481,76,80,A段 主题
Li Yundi,297,37.36733950833333,46.393469387755104,46.36469475429279,28.774633462312238,61,80,A段 主题
Li Yundi,298,37.36733950833333,46.393469387755104,46.36469475429279,28.774633462312238,64,80,A段 主题
Li Yundi,299,37.630497508333335,46.64888888888889,46.69121627021258,-42.32738132368752,73,80,A段 主题
Li Yundi,300,37.89365550833333,46.85786848072562,47.01773778613236,-159.86930540673683,71,80,A段 主题
Li Yundi,301,37.89365550833333,46.85786848072562,47.01773778613236,-159.86930540673683,52,80,A段 主题
Li Yundi,302,37.89365550833333,46.85786848072562,47.01773778613236,-159.86930540673683,59,80,A段 主题
Li Yundi,303,37.89365550833333,46.85786848072562,47.01773778613236,-159.86930540673683,62,80,A段 主题
Li Yundi,304,38.15681350833333,47.322267573696145,47.34425930205214,-21.99172835599228,68,80,A段 主题
Li Yundi,305,38.41997150833333,47.53124716553288,47.670780817971924,-139.5336524390416,64,80,A段 主题
Li Yundi,306,38.41997150833333,47.53124716553288,47.670780817971924,-139.5336524390416,54,80,A段 主题
Li Yundi,307,38.68312950833333,47.9956462585034,47.9973023338917,-1.6560753883041457,66,80,A段 主题
Li Yundi,308,38.946287508333334,48.251065759637186,48.32382384981149,-72.7580901743039,69,80,A段 主题
Li Yundi,309,38.946287508333334,48.251065759637186,48.32382384981149,-72.7580901743039,45,80,A段 主题
Li Yundi,310,39.73576150833333,49.179863945578234,49.303388397570835,-123.52445199260131,57,80,A段 主题
Li Yundi,311,39.73576150833333,49.179863945578234,49.303388397570835,-123.52445199260131,61,80,A段 主题
Li Yundi,312,39.73576150833333,49.179863945578234,49.303388397570835,-123.52445199260131,52,80,A段 主题
Li Yundi,313,39.99891950833333,49.64426303854875,49.629909913490614,14.35312505813613,57,80,A段 主题
Li Yundi,314,39.99891950833333,49.64426303854875,49.629909913490614,14.35312505813613,61,80,A段 主题
Li Yundi,315,39.99891950833333,49.64426303854875,49.629909913490614,14.35312505813613,54,80,A段 主题
Li Yundi,316,40.262077508333334,49.89968253968254,49.9564314294104,-56.74888972786363,52,80,A段 主题
Li Yundi,317,40.52523550833333,50.340861678004536,50.28295294533018,57.908732674356145,57,80,A段 主题
Li Yundi,318,40.52523550833333,50.340861678004536,50.28295294533018,57.908732674356145,61,80,A段 主题
Li Yundi,319,40.52523550833333,50.340861678004536,50.28295294533018,57.908732674356145,54,80,A段 主题
Li Yundi,320,40.788393508333336,50.68916099773243,50.60947446124997,79.6865364824626,52,80,A段 主题
Li Yundi,321,41.05155150833333,50.96780045351474,50.935995977169746,31.804476344994725,57,80,A段 主题
Li Yundi,322,41.05155150833333,50.96780045351474,50.935995977169746,31.804476344994725,62,80,A段 主题
Li Yundi,323,41.05155150833333,50.96780045351474,50.935995977169746,31.804476344994725,66,80,A段 主题
Li Yundi,324,41.05155150833333,50.96780045351474,50.935995977169746,31.804476344994725,69,80,A段 主题
Li Yundi,325,41.05155150833333,50.96780045351474,50.935995977169746,31.804476344994725,45,80,A段 主题
Li Yundi,326,41.05155150833333,50.96780045351474,50.935995977169746,31.804476344994725,50,80,A段 主题
Li Yundi,327,41.31470950833333,51.40897959183673,51.262517493089526,146.4620987472074,57,80,A段 主题
Li Yundi,328,41.577867508333334,51.641179138321995,51.58903900900931,52.14012931268286,59,80,A段 主题
Li Yundi,329,41.84102550833333,51.87337868480726,51.91556052492909,-42.18184012183457,69,80,A段 主题
Li Yundi,330,41.84102550833333,51.87337868480726,51.91556052492909,-42.18184012183457,74,80,A段 主题
Li Yundi,331,41.84102550833333,51.87337868480726,51.91556052492909,-42.18184012183457,78,80,A段 主题
Li Yundi,332,41.84102550833333,51.87337868480726,51.91556052492909,-42.18184012183457,66,80,A段 主题
Li Yundi,333,42.104183508333335,52.082358276643994,52.24208204084888,-159.72376420488388,74,80,A段 主题
Li Yundi,334,42.104183508333335,52.082358276643994,52.24208204084888,-159.72376420488388,78,80,A段 主题
Li Yundi,335,42.104183508333335,52.082358276643994,52.24208204084888,-159.72376420488388,69,80,A段 主题
Li Yundi,336,42.36734150833333,52.61641723356009,52.56860355676866,47.813676791435,71,80,A段 主题
Li Yundi,337,42.63049950833333,53.127256235827666,52.89512507268844,232.1311631392291,74,80,A段 主题
Li Yundi,338,42.63049950833333,53.127256235827666,52.89512507268844,232.1311631392291,78,80,A段 主题
Li Yundi,339,42.63049950833333,53.127256235827666,52.89512507268844,232.1311631392291,69,80,A段 主题
Li Yundi,340,42.893657508333334,53.336235827664396,53.22164658860823,114.58923905616558,66,80,A段 主题
Li Yundi,341,43.15681550833333,53.661315192743764,53.54816810452801,113.14708821575437,57,80,A段 主题
Li Yundi,342,43.15681550833333,53.661315192743764,53.54816810452801,113.14708821575437,61,80,A段 主题
Li Yundi,343,43.15681550833333,53.661315192743764,53.54816810452801,113.14708821575437,64,80,A段 主题
Li Yundi,344,43.15681550833333,53.661315192743764,53.54816810452801,113.14708821575437,69,80,A段 主题
Li Yundi,345,43.15681550833333,53.661315192743764,53.54816810452801,113.14708821575437,45,80,A段 主题
Li Yundi,346,43.15681550833333,53.661315192743764,53.54816810452801,113.14708821575437,52,80,A段 主题
Li Yundi,347,43.419973508333335,54.00961451247166,53.874689620447796,134.92489202386082,59,77,A段 主题
Li Yundi,348,43.68313150833333,54.24181405895692,54.201211136367576,40.60292258934339,61,73,A段 主题
Li Yundi,349,43.94628950833333,54.45079365079365,54.527732652287355,-76.93900149370592,69,69,A段 主题
Li Yundi,350,43.94628950833333,54.45079365079365,54.527732652287355,-76.93900149370592,73,69,A段 主题
Li Yundi,351,43.94628950833333,54.45079365079365,54.527732652287355,-76.93900149370592,76,69,A段 主题
Li Yundi,352,43.94628950833333,54.45079365079365,54.527732652287355,-76.93900149370592,64,69,A段 主题
Li Yundi,353,44.209447508333334,54.77587301587302,54.85425416820714,-78.38115233412424,73,65,A段 主题
Li Yundi,354,44.209447508333334,54.77587301587302,54.85425416820714,-78.38115233412424,76,65,A段 主题
Li Yundi,355,44.209447508333334,54.77587301587302,54.85425416820714,-78.38115233412424,69,65,A段 主题
Li Yundi,356,44.47260550833333,55.193832199546485,55.18077568412692,13.056515419563652,71,61,A段 主题
Li Yundi,357,44.735763508333335,55.40281179138322,55.50729720004671,-104.48540866348566,73,57,A段 主题
Li Yundi,358,44.735763508333335,55.40281179138322,55.50729720004671,-104.48540866348566,76,57,A段 主题
Li Yundi,359,44.735763508333335,55.40281179138322,55.50729720004671,-104.48540866348566,69,57,A段 主题
Li Yundi,360,44.99892150833333,55.843990929705214,55.83381871596649,10.17221373872701,64,53,A段 主题
Li Yundi,361,45.26207950833333,56.05297052154195,56.160340231886266,-107.3697103443152,81,49,A段 主题
Li Yundi,362,45.52523750833333,56.49414965986394,56.48686174780605,7.287912057890367,83,49,A段 主题
Li Yundi,363,45.52523750833333,56.49414965986394,56.48686174780605,7.287912057890367,69,49,A段 主题
Li Yundi,364,45.78839550833333,56.86566893424036,56.81338326372583,52.285670514528704,73,49,A段 主题
Li Yundi,365,46.051553508333335,57.14430839002267,57.13990477964562,4.403610377053724,85,49,A段 主题
Li Yundi,366,46.051553508333335,57.14430839002267,57.13990477964562,4.403610377053724,76,49,A段 主题
Li Yundi,367,46.31471150833333,57.46938775510204,57.4664262955654,2.961459536642508,90,49,A段 主题
Li Yundi,368,46.31471150833333,57.46938775510204,57.4664262955654,2.961459536642508,68,49,A段 主题
Li Yundi,369,46.57786950833333,57.67836734693878,57.79294781148518,-114.5804645463997,88,49,A段 主题
Li Yundi,370,46.57786950833333,57.67836734693878,57.79294781148518,-114.5804645463997,69,49,A段 主题
Li Yundi,371,46.84102750833333,58.11954648526077,58.119469327404964,0.07715785580586498,85,49,A段 主题
Li Yundi,372,46.84102750833333,58.11954648526077,58.119469327404964,0.07715785580586498,73,49,A段 主题
Li Yundi,373,47.10418550833333,58.35174603174603,58.44599084332474,-94.24481157871156,76,49,A段 主题
Li Yundi,374,47.367343508333335,58.88580498866213,58.77251235924453,113.29262941760021,93,49,A段 主题
Li Yundi,375,47.367343508333335,58.88580498866213,58.77251235924453,113.29262941760021,66,49,A段 主题
Li Yundi,376,47.63050150833333,59.11800453514739,59.09903387516431,18.970659983082783,69,49,A段 主题
Li Yundi,377,47.893659508333336,59.350204081632654,59.425555391084096,-75.35130945144175,73,49,A段 主题
Li Yundi,378,48.15681750833333,59.81460317460318,59.752076907003875,62.5262675993028,88,49,A段 主题
Li Yundi,379,48.15681750833333,59.81460317460318,59.752076907003875,62.5262675993028,76,49,A段 主题
Li Yundi,380,48.41997550833334,60.13968253968254,60.07859842292367,61.084116758870266,90,49,A段 主题
Li Yundi,381,48.41997550833334,60.13968253968254,60.07859842292367,61.084116758870266,64,49,A段 主题
Li Yundi,382,48.683133508333334,60.51120181405896,60.40511993884344,106.08187521551571,78,49,A段 主题
Li Yundi,383,48.683133508333334,60.51120181405896,60.40511993884344,106.08187521551571,69,49,A段 主题
Li Yundi,384,48.748923008333335,60.51120181405896,60.48675031782339,24.451496235563752,80,49,A段 主题
Li Yundi,385,48.814712508333336,60.51120181405896,60.56838069680334,-57.1788827443811,78,49,A段 主题
Li Yundi,386,48.94629150833333,60.74340136054422,60.73164145476322,11.759905780998281,76,49,A段 主题
Li Yundi,387,48.94629150833333,60.74340136054422,60.73164145476322,11.759905780998281,73,49,A段 主题
Li Yundi,388,49.209449508333336,60.97560090702948,61.058162970683014,-82.56206365353336,78,49,A段 主题
Li Yundi,389,49.209449508333336,60.97560090702948,61.058162970683014,-82.56206365353336,76,49,A段 主题
Li Yundi,390,49.47260750833333,61.41678004535147,61.384684486602794,32.09555874867931,93,49,A段 主题
Li Yundi,391,49.47260750833333,61.41678004535147,61.384684486602794,32.09555874867931,61,49,A段 主题
Li Yundi,392,49.73576550833334,61.648979591836735,61.71120600252258,-62.226410685845224,88,49,A段 主题
Li Yundi,393,49.73576550833334,61.648979591836735,61.71120600252258,-62.226410685845224,64,49,A段 主题
Li Yundi,394,49.998923508333334,61.881179138322,62.03772751844236,-156.54838012036265,66,49,A段 主题
Li Yundi,395,50.26208150833333,62.345578231292514,62.36424903436214,-18.670803069625208,92,49,A段 主题
Li Yundi,396,50.26208150833333,62.345578231292514,62.36424903436214,-18.670803069625208,69,49,A段 主题
Li Yundi,397,50.525239508333335,62.64743764172336,62.690770550281925,-43.332908558568306,90,49,A段 主题
Li Yundi,398,50.525239508333335,62.64743764172336,62.690770550281925,-43.332908558568306,73,49,A段 主题
Li Yundi,399,50.78839750833333,62.94929705215419,63.017292066201705,-67.9950140475114,76,49,A段 主题
Li Yundi,400,51.05155550833334,63.20471655328798,63.34381358212149,-139.09702883351116,88,49,A段 主题
Li Yundi,401,51.05155550833334,63.20471655328798,63.34381358212149,-139.09702883351116,78,49,A段 主题
Li Yundi,402,51.314713508333334,63.76199546485261,63.67033509804127,91.6603668113396,81,49,A段 主题
Li Yundi,403,51.57787150833333,63.994195011337865,63.99685661396105,-2.6616026231849332,85,49,A段 主题
Li Yundi,404,51.57787150833333,63.994195011337865,63.99685661396105,-2.6616026231849332,61,49,A段 主题
Li Yundi,405,51.57787150833333,63.994195011337865,63.99685661396105,-2.6616026231849332,68,49,A段 主题
Li Yundi,406,51.57787150833333,63.994195011337865,63.99685661396105,-2.6616026231849332,73,49,A段 主题
Li Yundi,407,51.64256451666667,63.994195011337865,64.07712648662466,-82.93147528679867,86,49,A段 主题
Li Yundi,408,51.70835401666667,64.22639455782313,64.15875686560462,67.63769221851135,85,49,A段 主题
Li Yundi,409,51.773047025000004,64.22639455782313,64.23902673826822,-12.632180445095287,86,49,A段 主题
Li Yundi,410,51.841029508333335,64.22639455782313,64.32337812988084,-96.98357205770947,85,49,A段 主题
Li Yundi,411,51.905722516666664,64.22639455782313,64.40364800254444,-177.2534447213161,86,49,A段 主题
Li Yundi,412,51.971512016666665,64.66757369614513,64.4852783815244,182.29531462073112,85,49,A段 主题
Li Yundi,413,52.036205025,64.66757369614513,64.565548254188,102.02544195712449,86,49,A段 主题
Li Yundi,414,52.10418750833333,64.66757369614513,64.64989964580062,17.674050344510306,85,49,A段 主题
Li Yundi,415,52.16888051666667,64.66757369614513,64.73016951846424,-62.59582231911054,86,49,A段 主题
Li Yundi,416,52.23467001666667,64.92299319727891,64.81179989744417,111.19329983473847,85,49,A段 主题
Li Yundi,417,52.299363025,64.92299319727891,64.89206977010778,30.923427171131834,86,49,A段 主题
Li Yundi,418,52.36734550833334,64.92299319727891,64.97642116172041,-53.427964441496556,85,49,A段 主题
Li Yundi,419,52.36734550833334,64.92299319727891,64.97642116172041,-53.427964441496556,76,49,A段 主题
Li Yundi,420,52.432038516666665,65.15519274376418,65.05669103438402,98.50170938015879,86,49,A段 主题
Li Yundi,421,52.497828016666666,65.15519274376418,65.13832141336395,16.87133040022104,85,49,A段 主题
Li Yundi,422,52.562521025,65.15519274376418,65.21859128602757,-63.398542263399804,86,49,A段 主题
Li Yundi,423,52.630503508333334,65.36417233560091,65.30294267764019,61.229657960723216,85,49,A段 主题
Li Yundi,424,52.630503508333334,65.36417233560091,65.30294267764019,61.229657960723216,78,49,A段 主题
Li Yundi,425,52.69519651666667,65.36417233560091,65.3832125503038,-19.040214702883418,86,49,A段 主题
Li Yundi,426,52.76098601666667,65.36417233560091,65.46484292928375,-100.67059368283537,85,49,A段 主题
Li Yundi,427,52.825679025,65.64281179138322,65.54511280194735,97.69898943586952,86,49,A段 主题
Li Yundi,428,52.89366150833333,65.64281179138322,65.62946419355995,13.347597823269552,85,49,A段 主题
Li Yundi,429,52.89366150833333,65.64281179138322,65.62946419355995,13.347597823269552,80,49,A段 主题
Li Yundi,430,52.95835451666667,65.64281179138322,65.70973406622358,-66.92227484035129,86,49,A段 主题
Li Yundi,431,53.02414401666667,65.64281179138322,65.79136444520353,-148.55265382030325,85,49,A段 主题
Li Yundi,432,53.088837025000004,65.96789115646258,65.87163431786715,96.25683859543699,86,49,A段 主题
Li Yundi,433,53.156819508333335,65.96789115646258,65.95598570947975,11.90544698283702,85,49,A段 主题
Li Yundi,434,53.156819508333335,65.96789115646258,65.95598570947975,11.90544698283702,78,49,A段 主题
Li Yundi,435,53.221512516666664,65.96789115646258,66.03625558214335,-68.36442568076961,86,49,A段 主题
Li Yundi,436,53.287302016666665,66.20009070294785,66.1178859611233,82.2047418245404,85,49,A段 主题
Li Yundi,437,53.351995025,66.20009070294785,66.19815583378691,1.934869160933772,86,49,A段 主题
Li Yundi,438,53.41997750833333,66.20009070294785,66.28250722539953,-82.41652245168041,85,49,A段 主题
Li Yundi,439,53.41997750833333,66.20009070294785,66.28250722539953,-82.41652245168041,76,49,A段 主题
Li Yundi,440,53.48467051666667,66.20009070294785,66.36277709806315,-162.68639511530125,86,49,A段 主题
Li Yundi,441,53.55046001666667,66.64126984126985,66.44440747704309,196.86236422676018,85,49,A段 主题
Li Yundi,442,53.615153025,66.64126984126985,66.52467734970669,116.59249156315354,86,49,A段 主题
Li Yundi,443,53.683135508333336,66.64126984126985,66.60902874131932,32.241099950525154,83,49,A段 主题
Li Yundi,444,53.683135508333336,66.64126984126985,66.60902874131932,32.241099950525154,64,49,A段 主题
Li Yundi,445,53.683135508333336,66.64126984126985,66.60902874131932,32.241099950525154,66,49,A段 主题
Li Yundi,446,53.683135508333336,66.64126984126985,66.60902874131932,32.241099950525154,71,49,A段 主题
Li Yundi,447,53.94629350833333,66.87346938775511,66.9355502572391,-62.080869483992274,85,49,A段 主题
Li Yundi,448,54.20945150833333,67.10566893424036,67.26207177315888,-156.4028389185239,88,49,A段 主题
Li Yundi,449,54.472609508333335,67.57006802721088,67.58859328907866,-18.525261867779363,83,49,A段 主题
Li Yundi,450,54.472609508333335,67.57006802721088,67.58859328907866,-18.525261867779363,62,49,A段 主题
Li Yundi,451,54.73576750833333,67.80226757369614,67.91511480499844,-112.84723130229679,76,49,A段 主题
Li Yundi,452,54.73576750833333,67.80226757369614,67.91511480499844,-112.84723130229679,80,49,A段 主题
Li Yundi,453,54.73576750833333,67.80226757369614,67.91511480499844,-112.84723130229679,85,49,A段 主题
Li Yundi,454,54.73576750833333,67.80226757369614,67.91511480499844,-112.84723130229679,61,49,A段 主题
Li Yundi,455,54.998925508333336,68.26666666666667,68.24163632091823,25.030345748433547,68,49,A段 主题
Li Yundi,456,55.26208350833333,68.61496598639455,68.56815783683801,46.80814955654,73,49,A段 主题
Li Yundi,457,55.52524150833333,68.94004535147393,68.89467935275779,45.36599871613589,88,49,A段 主题
Li Yundi,458,55.788399508333335,69.26512471655329,69.22120086867757,43.92384787571757,80,49,A段 主题
Li Yundi,459,55.788399508333335,69.26512471655329,69.22120086867757,43.92384787571757,85,49,A段 主题
Li Yundi,460,55.788399508333335,69.26512471655329,69.22120086867757,43.92384787571757,64,49,A段 主题
Li Yundi,461,56.05155750833333,69.49732426303855,69.54772238459735,-50.39812155879986,68,49,A段 主题
Li Yundi,462,56.314715508333336,69.9849433106576,69.87424390051714,110.69941014045526,71,49,A段 主题
Li Yundi,463,56.57787350833333,70.21714285714286,70.20076541643692,16.37744070593783,83,49,A段 主题
Li Yundi,464,56.57787350833333,70.21714285714286,70.20076541643692,16.37744070593783,73,49,A段 主题
Li Yundi,465,56.84103150833334,70.54222222222222,70.5272869323567,14.935289865519508,73,49,A段 主题
Li Yundi,466,56.84103150833334,70.54222222222222,70.5272869323567,14.935289865519508,78,49,A段 主题
Li Yundi,467,56.84103150833334,70.54222222222222,70.5272869323567,14.935289865519508,66,49,A段 主题
Li Yundi,468,57.104189508333334,70.82086167800453,70.85380844827648,-32.94677027194837,69,49,A段 主题
Li Yundi,469,57.36734750833333,71.02984126984127,71.18032996419626,-150.48869435499057,71,49,A段 主题
Li Yundi,470,57.630505508333336,71.44780045351474,71.50685148011605,-59.051026601309786,73,49,A段 主题
Li Yundi,471,57.89366350833333,71.68,71.83337299603583,-153.3729960358272,81,49,A段 主题
Li Yundi,472,57.89366350833333,71.68,71.83337299603583,-153.3729960358272,88,49,A段 主题
Li Yundi,473,57.89366350833333,71.68,71.83337299603583,-153.3729960358272,61,49,A段 主题
Li Yundi,474,57.89366350833333,71.68,71.83337299603583,-153.3729960358272,64,49,A段 主题
Li Yundi,475,57.89366350833333,71.68,71.83337299603583,-153.3729960358272,69,49,A段 主题
Li Yundi,476,58.28840050833333,72.12117913832199,72.3231552699155,-201.97613159351135,90,49,A段 主题
Li Yundi,477,58.419979508333334,72.37659863945578,72.48641602787539,-109.8173884196143,88,49,A段 主题
Li Yundi,478,58.68313750833333,72.67845804988661,72.81293754379517,-134.4794939085574,81,49,A段 主题
Li Yundi,479,58.68313750833333,72.67845804988661,72.81293754379517,-134.4794939085574,85,49,A段 主题
Li Yundi,480,58.68313750833333,72.67845804988661,72.81293754379517,-134.4794939085574,64,49,A段 主题
Li Yundi,481,58.68313750833333,72.67845804988661,72.81293754379517,-134.4794939085574,69,49,A段 主题
Li Yundi,482,58.68313750833333,72.67845804988661,72.81293754379517,-134.4794939085574,73,49,A段 主题
Li Yundi,483,58.946295508333336,73.09641723356009,73.13945905971497,-43.04182615487662,81,49,A段 主题
Li Yundi,484,58.946295508333336,73.09641723356009,73.13945905971497,-43.04182615487662,85,49,A段 主题
Li Yundi,485,59.20945350833333,73.30539682539683,73.46598057563475,-160.58375023791882,88,49,A段 主题
Li Yundi,486,59.47261150833334,73.76979591836735,73.79250209155454,-22.706173187188483,76,49,A段 主题
Li Yundi,487,59.47261150833334,73.76979591836735,73.79250209155454,-22.706173187188483,83,49,A段 主题
Li Yundi,488,59.47261150833334,73.76979591836735,73.79250209155454,-22.706173187188483,66,49,A段 主题
Li Yundi,489,59.47261150833334,73.76979591836735,73.79250209155454,-22.706173187188483,71,49,A段 主题
Li Yundi,490,59.47261150833334,73.76979591836735,73.79250209155454,-22.706173187188483,74,49,A段 主题
Li Yundi,491,59.99892750833333,74.3502947845805,74.4455451233941,-95.25033881359946,76,49,A段 主题
Li Yundi,492,59.99892750833333,74.3502947845805,74.4455451233941,-95.25033881359946,81,49,A段 主题
Li Yundi,493,59.99892750833333,74.3502947845805,74.4455451233941,-95.25033881359946,69,49,A段 主题
Li Yundi,494,60.06362051666667,74.62893424036281,74.5258149960577,103.11924430510544,73,49,A段 主题
Li Yundi,495,60.262085508333335,74.83791383219955,74.77206663931388,65.84719288566987,78,49,A段 主题
Li Yundi,496,60.52524350833333,75.04689342403628,75.09858815523366,-51.694731197372334,76,49,A段 主题
Li Yundi,497,60.78840150833334,75.30231292517007,75.42510967115345,-122.7967459833792,73,49,A段 主题
Li Yundi,498,61.051559508333334,75.74349206349207,75.75163118707323,-8.139123581159424,69,49,B段 抒情
Li Yundi,499,61.31471750833333,75.9524716553288,76.07815270299301,-125.68104766421584,66,49,B段 抒情
Li Yundi,500,61.577875508333335,76.39365079365079,76.40467421891279,-11.023425261996067,64,49,B段 抒情
Li Yundi,501,61.84103350833333,76.62585034013605,76.73119573483257,-105.3453946965135,61,49,B段 抒情
Li Yundi,502,62.10419150833334,77.13668934240363,77.05771725075236,78.9720916512664,57,80,B段 抒情
Li Yundi,503,62.23577050833333,77.13668934240363,77.22097800871224,-84.2886663086091,69,33,B段 抒情
Li Yundi,504,62.367349508333334,77.41532879818594,77.38423876667214,31.09003151379852,73,33,B段 抒情
Li Yundi,505,62.367349508333334,77.41532879818594,77.38423876667214,31.09003151379852,59,59,B段 抒情
Li Yundi,506,62.498928508333336,77.41532879818594,77.54749952463203,-132.17072644609118,76,33,B段 抒情
Li Yundi,507,62.63050750833333,77.7404081632653,77.71076028259192,29.6478806733802,78,33,B段 抒情
Li Yundi,508,62.76208650833333,77.99582766439909,77.87402104055181,121.80662384727725,81,33,B段 抒情
Li Yundi,509,62.893665508333335,77.99582766439909,78.0372817985117,-41.45413411261245,85,33,B段 抒情
Li Yundi,510,62.893665508333335,77.99582766439909,78.0372817985117,-41.45413411261245,61,59,B段 抒情
Li Yundi,511,63.02524450833334,78.20480725623582,78.2005425564716,4.264699764220836,88,33,B段 抒情
Li Yundi,512,63.15682350833333,78.20480725623582,78.36380331443148,-158.99605819565465,90,33,B段 抒情
Li Yundi,513,63.15682350833333,78.20480725623582,78.36380331443148,-158.99605819565465,66,59,B段 抒情
Li Yundi,514,63.288402508333334,78.5298866213152,78.52706407239138,2.8225489238167256,88,33,B段 抒情
Li Yundi,515,63.419981508333336,78.73886621315192,78.69032483035127,48.54138280065001,85,33,B段 抒情
Li Yundi,516,63.419981508333336,78.73886621315192,78.69032483035127,48.54138280065001,64,59,B段 抒情
Li Yundi,517,63.55156050833333,78.73886621315192,78.85358558831116,-114.71937515923969,81,33,B段 抒情
Li Yundi,518,63.68313950833333,79.0639455782313,79.01684634627105,47.0992319602459,78,33,B段 抒情
Li Yundi,519,63.68313950833333,79.0639455782313,79.01684634627105,47.0992319602459,61,59,B段 抒情
Li Yundi,520,63.814718508333335,79.27292517006802,79.18010710423094,92.81806583707919,76,33,B段 抒情
Li Yundi,521,63.94629750833333,79.27292517006802,79.34336786219083,-70.44269212281051,73,33,B段 抒情
Li Yundi,522,64.07787650833333,79.48190476190476,79.50662862015072,-24.723858245963015,69,33,B段 抒情
Li Yundi,523,64.20945550833333,79.85342403628118,79.66988937811061,183.53465817057213,54,59,B段 抒情
Li Yundi,524,64.27414851666667,79.85342403628118,79.75015925077423,103.26478550695128,61,59,B段 抒情
Li Yundi,525,64.34103450833334,79.85342403628118,79.83315013607051,20.273900210668216,73,33,B段 抒情
Li Yundi,526,64.34103450833334,79.85342403628118,79.83315013607051,20.273900210668216,69,59,B段 抒情
Li Yundi,527,64.47261350833332,79.85342403628118,79.99641089403039,-142.98685774920727,76,33,B段 抒情
Li Yundi,528,64.60419250833333,80.17850340136054,80.15967165199028,18.831749370264106,78,33,B段 抒情
Li Yundi,529,64.73577150833333,80.4107029478458,80.32293240995017,87.77053789563638,81,33,B段 抒情
Li Yundi,530,64.86735050833333,80.4107029478458,80.48619316791007,-75.49022006426753,85,33,B段 抒情
Li Yundi,531,64.99892950833333,80.66612244897959,80.64945392586996,16.66852310962952,88,33,B段 抒情
Li Yundi,532,64.99892950833333,80.66612244897959,80.64945392586996,16.66852310962952,64,59,B段 抒情
Li Yundi,533,65.13050850833334,80.66612244897959,80.81271468382985,-146.59223485026018,90,33,B段 抒情
Li Yundi,534,65.26208750833334,80.96798185941043,80.97597544178976,-7.9935823793277905,93,33,B段 抒情
Li Yundi,535,65.26208750833334,80.96798185941043,80.97597544178976,-7.9935823793277905,66,59,B段 抒情
Li Yundi,536,65.39366650833333,81.20018140589569,81.13923619974963,60.945206146058695,90,33,B段 抒情
Li Yundi,537,65.52524550833333,81.20018140589569,81.30249695770952,-102.31555181383101,88,33,B段 抒情
Li Yundi,538,65.65682450833333,81.40916099773243,81.46575771566941,-56.59671793698351,85,33,B段 抒情
Li Yundi,539,65.78840350833333,81.61814058956917,81.6290184736293,-10.877884060136012,81,33,B段 抒情
Li Yundi,540,65.91998250833333,81.87356009070295,81.7922792315892,81.28085911374683,78,33,B段 抒情
Li Yundi,541,66.05156150833334,81.87356009070295,81.9555399895491,-81.97989884614287,76,33,B段 抒情
Li Yundi,542,66.18314050833332,82.12897959183674,82.11880074750897,10.178844327768388,73,33,B段 抒情
Li Yundi,543,66.31471950833333,82.12897959183674,82.28206150546886,-153.0819136321213,69,59,B段 抒情
Li Yundi,544,66.44629850833333,82.4540589569161,82.44532226342876,8.736693487335856,73,33,B段 抒情
Li Yundi,545,66.57787750833333,82.66303854875284,82.60858302138865,54.455527364183354,76,33,B段 抒情
Li Yundi,546,66.57787750833333,82.66303854875284,82.60858302138865,54.455527364183354,64,59,B段 抒情
Li Yundi,547,66.70945650833333,82.66303854875284,82.77184377934854,-108.80523059570635,78,33,B段 抒情
Li Yundi,548,66.84103550833333,82.91845804988662,82.93510453730845,-16.646487421823508,81,33,B段 抒情
Li Yundi,549,66.97261450833334,83.12743764172336,83.09836529526834,29.07234645502399,85,33,B段 抒情
Li Yundi,550,67.10419350833332,83.35963718820862,83.26162605322821,98.01113498041047,88,33,B段 抒情
Li Yundi,551,67.10419350833332,83.35963718820862,83.26162605322821,98.01113498041047,68,59,B段 抒情
Li Yundi,552,67.23577250833333,83.35963718820862,83.4248868111881,-65.24962297947923,90,33,B段 抒情
Li Yundi,553,67.36735150833333,83.63827664399093,83.588147569148,50.12907484292839,93,33,B段 抒情
Li Yundi,554,67.36735150833333,83.63827664399093,83.588147569148,50.12907484292839,66,59,B段 抒情
Li Yundi,555,67.49893050833333,83.84725623582766,83.7514083271079,95.84790871976168,90,33,B段 抒情
Li Yundi,556,67.63050950833333,83.84725623582766,83.91466908506779,-67.41284924012803,88,33,B段 抒情
Li Yundi,557,67.76208850833333,84.10267573696144,84.07792984302768,24.745893933769025,85,33,B段 抒情
Li Yundi,558,67.89366750833334,84.31165532879818,84.24119060098758,70.46472781060231,81,33,B段 抒情
Li Yundi,559,67.89366750833334,84.31165532879818,84.24119060098758,70.46472781060231,64,59,B段 抒情
Li Yundi,560,68.02524650833332,84.31165532879818,84.40445135894745,-92.79603014927318,78,33,B段 抒情
Li Yundi,561,68.15682550833333,84.54385487528344,84.56771211690734,-23.857241623900904,76,33,B段 抒情
Li Yundi,562,68.28840450833333,84.7760544217687,84.73097287486723,45.08154690147137,73,33,B段 抒情
Li Yundi,563,68.41998350833333,84.7760544217687,84.89423363282714,-118.17921105843254,49,59,B段 抒情
Li Yundi,564,68.41998350833333,84.7760544217687,84.89423363282714,-118.17921105843254,56,59,B段 抒情
Li Yundi,565,68.41998350833333,84.7760544217687,84.89423363282714,-118.17921105843254,61,59,B段 抒情
Li Yundi,566,68.55156250833333,85.03147392290249,85.05749439078703,-26.020467884535492,68,33,B段 抒情
Li Yundi,567,68.68314150833334,85.03147392290249,85.22075514874692,-189.2812258444252,71,33,B段 抒情
Li Yundi,568,68.81472050833332,85.54231292517007,85.3840159067068,158.29701846327282,73,33,B段 抒情
Li Yundi,569,68.94629950833333,85.54231292517007,85.5472766646667,-4.963739496631092,76,33,B段 抒情
Li Yundi,570,69.07787850833333,85.8441723356009,85.71053742262659,133.6349129743155,80,33,B段 抒情
Li Yundi,571,69.20945750833333,85.8441723356009,85.87379818058648,-29.62584498557419,83,33,B段 抒情
Li Yundi,572,69.20945750833333,85.8441723356009,85.87379818058648,-29.62584498557419,64,59,B段 抒情
Li Yundi,573,69.34103650833333,86.09959183673469,86.03705893854638,62.53289818830865,85,33,B段 抒情
Li Yundi,574,69.47261550833333,86.09959183673469,86.20031969650627,-100.72785977158105,90,33,B段 抒情
Li Yundi,575,69.47261550833333,86.09959183673469,86.20031969650627,-100.72785977158105,66,59,B段 抒情
Li Yundi,576,69.60419450833334,86.30857142857143,86.36358045446616,-55.009025894733554,80,33,B段 抒情
Li Yundi,577,69.73577350833332,86.61043083900226,86.52684121242604,83.58962657622726,92,33,B段 抒情
Li Yundi,578,69.73577350833332,86.61043083900226,86.52684121242604,83.58962657622726,68,59,B段 抒情
Li Yundi,579,69.86735250833333,86.61043083900226,86.69010197038592,-79.67113138366244,80,33,B段 抒情
Li Yundi,580,69.99893150833333,86.819410430839,86.85336272834583,-33.952297506829154,90,33,B段 抒情
Li Yundi,581,69.99893150833333,86.819410430839,86.85336272834583,-33.952297506829154,66,59,B段 抒情
Li Yundi,582,70.13051050833333,87.02839002267574,87.01662348630572,11.766536370018343,80,33,B段 抒情
Li Yundi,583,70.26208950833333,87.28380952380952,87.17988424426561,103.9252795439154,88,33,B段 抒情
Li Yundi,584,70.26208950833333,87.28380952380952,87.17988424426561,103.9252795439154,64,59,B段 抒情
Li Yundi,585,70.39366850833333,87.28380952380952,87.34314500222551,-59.33547841598852,80,33,B段 抒情
Li Yundi,586,70.52524750833334,87.49278911564626,87.5064057601854,-13.61664453914102,78,49,B段 抒情
Li Yundi,587,70.52524750833334,87.49278911564626,87.5064057601854,-13.61664453914102,83,49,B段 抒情
Li Yundi,588,70.65682650833332,87.701768707483,87.66966651814528,32.10218933772069,64,49,B段 抒情
Li Yundi,589,70.78840550833333,87.95718820861678,87.83292727610517,124.26093251161774,85,49,B段 抒情
Li Yundi,590,70.78840550833333,87.95718820861678,87.83292727610517,124.26093251161774,66,49,B段 抒情
Li Yundi,591,70.91998450833333,87.95718820861678,87.99618803406507,-38.999825448286174,71,49,B段 抒情
Li Yundi,592,71.05156350833333,87.95718820861678,88.15944879202496,-202.26058340817588,88,49,B段 抒情
Li Yundi,593,71.18314250833333,88.37514739229024,88.32270954998485,52.43784230539461,62,49,B段 抒情
Li Yundi,594,71.31472150833334,88.37514739229024,88.48597030794474,-110.82291565449509,83,49,B段 抒情
Li Yundi,595,71.31472150833334,88.37514739229024,88.48597030794474,-110.82291565449509,66,49,B段 抒情
Li Yundi,596,71.44630050833334,88.63056689342403,88.64923106590464,-18.66417248061225,71,49,B段 抒情
Li Yundi,597,71.57787950833333,88.8627664399093,88.81249182386452,50.274616044774234,76,49,B段 抒情
Li Yundi,598,71.57787950833333,88.8627664399093,88.81249182386452,50.274616044774234,80,49,B段 抒情
Li Yundi,599,71.57787950833333,88.8627664399093,88.81249182386452,50.274616044774234,85,49,B段 抒情
Li Yundi,600,71.70945850833333,89.07174603174603,88.97575258182441,95.99344992162173,61,49,B段 抒情
Li Yundi,601,71.84103750833333,89.07174603174603,89.1390133397843,-67.26730803826797,64,49,B段 抒情
Li Yundi,602,71.97261650833333,89.32716553287982,89.3022740977442,24.89143513561487,68,49,B段 抒情
Li Yundi,603,72.10419550833333,89.32716553287982,89.46553485570409,-138.36932282427483,73,49,B段 抒情
Li Yundi,604,72.23577450833334,89.6754648526077,89.62879561366398,46.669238943721325,68,49,B段 抒情
Li Yundi,605,72.36735350833332,89.6754648526077,89.79205637162386,-116.59151901615417,88,49,B段 抒情
Li Yundi,606,72.36735350833332,89.6754648526077,89.79205637162386,-116.59151901615417,73,49,B段 抒情
Li Yundi,607,72.49893250833333,89.95410430839003,89.95531712958376,-1.2128211937323385,76,49,B段 抒情
Li Yundi,608,72.63051150833333,90.23274376417234,90.11857788754365,114.16587662868949,80,49,B段 抒情
Li Yundi,609,72.63051150833333,90.23274376417234,90.11857788754365,114.16587662868949,85,49,B段 抒情
Li Yundi,610,72.63051150833333,90.23274376417234,90.11857788754365,114.16587662868949,71,49,B段 抒情
Li Yundi,611,72.76209050833333,90.23274376417234,90.28183864550354,-49.09488133120021,76,49,B段 抒情
Li Yundi,612,72.89366950833333,90.48816326530613,90.44509940346344,43.06386184268263,73,49,B段 抒情
Li Yundi,613,73.02524850833333,90.48816326530613,90.60836016142333,-120.19689611720707,71,49,B段 抒情
Li Yundi,614,73.15682750833334,90.79002267573696,90.77162091938322,18.40175635373953,68,49,B段 抒情
Li Yundi,615,73.28840650833332,91.06866213151928,90.9348816773431,133.78045417617557,71,49,B段 抒情
Li Yundi,616,73.41998550833333,91.06866213151928,91.09814243530299,-29.480303783714135,83,49,B段 抒情
Li Yundi,617,73.41998550833333,91.06866213151928,91.09814243530299,-29.480303783714135,68,49,B段 抒情
Li Yundi,618,73.55156450833333,91.37052154195011,91.2614031932629,109.11834868721826,66,49,B段 抒情
Li Yundi,619,73.68314350833333,91.37052154195011,91.42466395122278,-54.14240927267144,73,49,B段 抒情
Li Yundi,620,73.68314350833333,91.37052154195011,91.42466395122278,-54.14240927267144,78,49,B段 抒情
Li Yundi,621,73.68314350833333,91.37052154195011,91.42466395122278,-54.14240927267144,64,49,B段 抒情
Li Yundi,622,73.81472250833333,91.37052154195011,91.58792470918267,-217.40316723256115,69,54,B段 抒情
Li Yundi,623,73.94630150833333,91.95102040816326,91.75118546714258,199.83494102068278,66,60,B段 抒情
Li Yundi,624,74.07788050833334,91.95102040816326,91.91444622510247,36.574183060793075,64,66,B段 抒情
Li Yundi,625,74.20945950833332,92.18321995464852,92.07770698306234,105.51297158617956,61,72,B段 抒情
Li Yundi,626,74.34103850833333,92.18321995464852,92.24096774102223,-57.74778637371014,64,78,B段 抒情
Li Yundi,627,74.47261750833333,92.601179138322,92.40422849898214,196.95063933986034,61,84,B段 抒情
Li Yundi,628,74.60419650833333,92.601179138322,92.56748925694203,33.68988137997064,54,90,B段 抒情
Li Yundi,629,74.73577550833333,92.601179138322,92.73075001490191,-129.57087657991906,76,96,B段 抒情
Li Yundi,630,74.73577550833333,92.601179138322,92.73075001490191,-129.57087657991906,81,96,B段 抒情
Li Yundi,631,74.73577550833333,92.601179138322,92.73075001490191,-129.57087657991906,85,96,B段 抒情
Li Yundi,632,74.73577550833333,92.601179138322,92.73075001490191,-129.57087657991906,88,96,B段 抒情
Li Yundi,633,74.73577550833333,92.601179138322,92.73075001490191,-129.57087657991906,52,96,B段 抒情
Li Yundi,634,74.86735450833334,92.87981859410431,92.8940107728618,-14.192178757497231,54,96,B段 抒情
Li Yundi,635,74.99893350833334,93.11201814058957,93.05727153082171,54.74660976786083,57,96,B段 抒情
Li Yundi,636,75.13051250833333,93.11201814058957,93.22053228878158,-108.51414819201466,78,96,B段 抒情
Li Yundi,637,75.13051250833333,93.11201814058957,93.22053228878158,-108.51414819201466,90,96,B段 抒情
Li Yundi,638,75.13051250833333,93.11201814058957,93.22053228878158,-108.51414819201466,61,96,B段 抒情
Li Yundi,639,75.26209150833333,93.34421768707483,93.38379304674147,-39.575359666642385,76,96,B段 抒情
Li Yundi,640,75.26209150833333,93.34421768707483,93.38379304674147,-39.575359666642385,88,96,B段 抒情
Li Yundi,641,75.26209150833333,93.34421768707483,93.38379304674147,-39.575359666642385,64,96,B段 抒情
Li Yundi,642,75.39367050833333,93.55319727891157,93.54705380470136,6.143474210205113,66,96,B段 抒情
Li Yundi,643,75.52524950833333,93.55319727891157,93.71031456266127,-157.1172837496988,85,96,B段 抒情
Li Yundi,644,75.52524950833333,93.55319727891157,93.71031456266127,-157.1172837496988,69,96,B段 抒情
Li Yundi,645,75.65682850833333,93.90149659863945,93.87357532062116,27.921278018297357,73,96,B段 抒情
Li Yundi,646,75.78840750833334,93.90149659863945,94.03683607858105,-135.33947994159234,76,96,B段 抒情
Li Yundi,647,75.78840750833334,93.90149659863945,94.03683607858105,-135.33947994159234,81,96,B段 抒情
Li Yundi,648,75.78840750833334,93.90149659863945,94.03683607858105,-135.33947994159234,85,96,B段 抒情
Li Yundi,649,75.78840750833334,93.90149659863945,94.03683607858105,-135.33947994159234,64,96,B段 抒情
Li Yundi,650,75.78840750833334,93.90149659863945,94.03683607858105,-135.33947994159234,69,96,B段 抒情
Li Yundi,651,76.05156550833333,94.36589569160998,94.36335759450083,2.538097109152204,88,92,B段 抒情
Li Yundi,652,76.31472350833333,94.64453514739229,94.6898791104206,-45.34396302831567,76,88,B段 抒情
Li Yundi,653,76.31472350833333,94.64453514739229,94.6898791104206,-45.34396302831567,78,88,B段 抒情
Li Yundi,654,76.31472350833333,94.64453514739229,94.6898791104206,-45.34396302831567,83,88,B段 抒情
Li Yundi,655,76.31472350833333,94.64453514739229,94.6898791104206,-45.34396302831567,52,88,B段 抒情
Li Yundi,656,76.31472350833333,94.64453514739229,94.6898791104206,-45.34396302831567,59,88,B段 抒情
Li Yundi,657,76.31472350833333,94.64453514739229,94.6898791104206,-45.34396302831567,62,88,B段 抒情
Li Yundi,658,76.84103950833332,95.22503401360544,95.34292214226016,-117.88812865472664,69,80,华彩
Li Yundi,659,76.84103950833332,95.22503401360544,95.34292214226016,-117.88812865472664,73,80,华彩
Li Yundi,660,76.84103950833332,95.22503401360544,95.34292214226016,-117.88812865472664,81,80,华彩
Li Yundi,661,76.84103950833332,95.22503401360544,95.34292214226016,-117.88812865472664,45,80,华彩
Li Yundi,662,76.97261850833333,95.48045351473922,95.50618290022005,-25.729385480829592,52,80,华彩
Li Yundi,663,77.10419750833333,95.71265306122449,95.66944365817996,43.20940304452847,54,80,华彩
Li Yundi,664,77.23577650833333,95.71265306122449,95.83270441613985,-120.05135491536123,57,80,华彩
Li Yundi,665,77.36735550833333,96.03773242630386,95.99596517409974,41.76725220412436,61,80,华彩
Li Yundi,666,77.49893450833333,96.03773242630386,96.15922593205964,-121.49350575577955,64,80,华彩
Li Yundi,667,77.63051350833334,96.36281179138322,96.32248669001953,40.32510136369183,66,80,华彩
Li Yundi,668,77.76209250833332,96.59501133786848,96.4857474479794,109.26388988907831,69,80,华彩
Li Yundi,669,77.89367150833333,96.59501133786848,96.6490082059393,-53.99686807081139,73,80,华彩
Li Yundi,670,78.02525050833333,96.98975056689342,96.8122689638992,177.4816029942201,76,78,华彩
Li Yundi,671,78.15682950833333,96.98975056689342,96.97552972185909,14.22084503433041,78,76,华彩
Li Yundi,672,78.28840850833333,97.22195011337868,97.13879047981898,83.15963355970268,81,74,华彩
Li Yundi,673,78.41998750833334,97.22195011337868,97.30205123777888,-80.10112440020123,85,72,华彩
Li Yundi,674,78.55156650833334,97.500589569161,97.46531199573877,35.2775734222206,88,70,华彩
Li Yundi,675,78.68314550833333,97.75600907029478,97.62857275369865,127.43631659613186,90,68,华彩
Li Yundi,676,78.81472450833333,97.75600907029478,97.79183351165854,-35.82444136375784,93,66,华彩
Li Yundi,677,78.94630350833333,97.98820861678004,97.95509426961843,33.11434716161443,57,64,华彩
Li Yundi,678,78.94630350833333,97.98820861678004,97.95509426961843,33.11434716161443,50,64,华彩
Li Yundi,679,78.94630350833333,97.98820861678004,97.95509426961843,33.11434716161443,54,64,华彩
Li Yundi,680,79.01099651666667,97.98820861678004,98.03536414228205,-47.15552550200641,59,64,华彩
Li Yundi,681,79.07678601666666,98.2204081632653,98.11699452126199,103.41364200331782,57,64,华彩
Li Yundi,682,79.14367200833333,98.2204081632653,98.19998540655827,20.42275670703475,59,64,华彩
Li Yundi,683,79.20836501666666,98.2204081632653,98.28025527922188,-59.84711595657188,57,64,华彩
Li Yundi,684,79.27415451666667,98.45260770975057,98.36188565820184,90.72205154872393,59,64,华彩
Li Yundi,685,79.34104050833334,98.45260770975057,98.44487654349811,7.731166252455068,57,64,华彩
Li Yundi,686,79.40573351666666,98.45260770975057,98.52514641616172,-72.53870641115157,59,64,华彩
Li Yundi,687,79.47152301666667,98.45260770975057,98.60677679514167,-154.16908539110352,57,64,华彩
Li Yundi,688,79.53840900833333,98.91700680272109,98.68976768043795,227.23912228313736,59,64,华彩
Li Yundi,689,79.60310201666667,98.91700680272109,98.77003755310156,146.96924961953073,57,64,华彩
Li Yundi,690,79.66889151666666,98.91700680272109,98.8516679320815,65.33887063959298,59,64,华彩
Li Yundi,691,79.73577750833333,98.91700680272109,98.93465881737778,-17.652014656690085,62,64,华彩
Li Yundi,692,79.73577750833333,98.91700680272109,98.93465881737778,-17.652014656690085,66,64,华彩
Li Yundi,693,79.73577750833333,98.91700680272109,98.93465881737778,-17.652014656690085,69,64,华彩
Li Yundi,694,79.99893550833333,99.17242630385488,99.26118033329757,-88.75402944269695,62,64,华彩
Li Yundi,695,79.99893550833333,99.17242630385488,99.26118033329757,-88.75402944269695,66,64,华彩
Li Yundi,696,79.99893550833333,99.17242630385488,99.26118033329757,-88.75402944269695,69,64,华彩
Li Yundi,697,80.52525150833334,99.93868480725624,99.91422336513715,24.461442119090293,62,64,华彩
Li Yundi,698,80.52525150833334,99.93868480725624,99.91422336513715,24.461442119090293,66,64,华彩
Li Yundi,699,80.52525150833334,99.93868480725624,99.91422336513715,24.461442119090293,69,64,华彩
Li Yundi,700,81.05156750833333,100.37986394557824,100.5672663969767,-187.40245139846934,57,64,华彩
Li Yundi,701,81.05156750833333,100.37986394557824,100.5672663969767,-187.40245139846934,45,64,华彩
Li Yundi,702,81.05156750833333,100.37986394557824,100.5672663969767,-187.40245139846934,52,64,华彩
Li Yundi,703,81.11626051666667,100.7049433106576,100.64753626964031,57.40704101728511,59,64,华彩
Li Yundi,704,81.18205001666666,100.7049433106576,100.72916664862025,-24.223337962652636,57,63,华彩
Li Yundi,705,81.24893600833333,100.7049433106576,100.81215753391653,-107.2142232589357,59,62,华彩
Li Yundi,706,81.31362901666667,100.96036281179138,100.89242740658015,67.9354052112302,57,61,华彩
Li Yundi,707,81.37941851666666,100.96036281179138,100.97405778556009,-13.694973768707541,59,60,华彩
Li Yundi,708,81.44630450833333,100.96036281179138,101.05704867085636,-96.6858590649764,57,59,华彩
Li Yundi,709,81.51099751666666,101.21578231292517,101.13731854351998,78.46376940518951,59,58,华彩
Li Yundi,710,81.57678701666667,101.21578231292517,101.21894892249993,-3.1666095747624468,57,57,华彩
Li Yundi,711,81.64367300833334,101.21578231292517,101.30193980779622,-86.15749487104551,59,56,华彩
Li Yundi,712,81.70836601666667,101.44798185941043,101.38220968045984,65.77217895059562,57,55,华彩
Li Yundi,713,81.77415551666667,101.44798185941043,101.46384005943978,-15.858200029342129,59,54,华彩
Li Yundi,714,81.84104150833333,101.44798185941043,101.54683094473604,-98.84908532561099,61,53,华彩
Li Yundi,715,81.84104150833333,101.44798185941043,101.54683094473604,-98.84908532561099,64,53,华彩
Li Yundi,716,81.84104150833333,101.44798185941043,101.54683094473604,-98.84908532561099,69,53,华彩
Li Yundi,717,82.10419950833334,102.00526077097506,101.87335246065584,131.90831031921846,61,49,华彩
Li Yundi,718,82.10419950833334,102.00526077097506,101.87335246065584,131.90831031921846,64,49,华彩
Li Yundi,719,82.10419950833334,102.00526077097506,101.87335246065584,131.90831031921846,69,49,华彩
Li Yundi,720,82.63051550833333,102.30712018140589,102.5263954924954,-219.27531108950404,61,49,华彩
Li Yundi,721,82.63051550833333,102.30712018140589,102.5263954924954,-219.27531108950404,64,49,华彩
Li Yundi,722,82.63051550833333,102.30712018140589,102.5263954924954,-219.27531108950404,69,49,华彩
Li Yundi,723,83.15683150833334,102.86439909297052,103.17943852433497,-315.039431364454,78,49,华彩
Li Yundi,724,83.15683150833334,102.86439909297052,103.17943852433497,-315.039431364454,83,49,华彩
Li Yundi,725,83.15683150833334,102.86439909297052,103.17943852433497,-315.039431364454,59,49,华彩
Li Yundi,726,83.22152451666666,103.14303854875284,103.25970839699856,-116.66984824572069,62,49,华彩
Li Yundi,727,83.28731401666667,103.39845804988663,103.34133877597853,57.1192739080999,66,49,华彩
Li Yundi,728,83.35639299166667,103.39845804988663,103.42705067390746,-28.59262402083118,71,49,华彩
Li Yundi,729,83.41998950833333,103.65387755102041,103.50596004025473,147.91751076568005,85,49,华彩
Li Yundi,730,83.68314750833333,103.88607709750566,103.83248155617453,53.5955413311342,83,49,华彩
Li Yundi,731,83.81472650833334,103.88607709750566,103.99574231413442,-109.6652166287555,85,49,华彩
Li Yundi,732,83.94630550833334,104.11827664399092,104.15900307209431,-40.72642810338323,88,49,华彩
Li Yundi,733,84.20946350833333,104.58267573696145,104.48552458801409,97.15114894736132,83,49,华彩
Li Yundi,734,85.26209550833333,105.44181405895692,105.79161065169322,-349.79659273629693,56,49,华彩
Li Yundi,735,85.26209550833333,105.44181405895692,105.79161065169322,-349.79659273629693,59,49,华彩
Li Yundi,736,85.26209550833333,105.44181405895692,105.79161065169322,-349.79659273629693,64,49,华彩
Li Yundi,737,85.26209550833333,105.44181405895692,105.79161065169322,-349.79659273629693,40,49,华彩
Li Yundi,738,85.39367450833333,105.97587301587302,105.95487140965311,21.00160621991165,47,49,华彩
Li Yundi,739,85.52525350833334,105.97587301587302,106.11813216761301,-142.25915173999226,52,49,华彩
Li Yundi,740,85.65683250833334,106.46349206349207,106.2813929255729,182.09913791916676,47,49,华彩
Li Yundi,741,85.78841150833334,106.46349206349207,106.44465368353279,18.838379959277063,52,49,华彩
Li Yundi,742,85.91999050833333,106.46349206349207,106.60791444149267,-144.42237800059843,47,49,华彩
Li Yundi,743,86.05156950833333,106.81179138321995,106.77117519945256,40.61618376739773,66,49,华彩
Li Yundi,744,86.05156950833333,106.81179138321995,106.77117519945256,40.61618376739773,54,49,华彩
Li Yundi,745,86.18314850833333,106.81179138321995,106.93443595741246,-122.64457419250618,47,49,华彩
Li Yundi,746,86.31472750833333,107.13687074829932,107.09769671537235,39.1740329269652,57,49,华彩
Li Yundi,747,86.31472750833333,107.13687074829932,107.09769671537235,39.1740329269652,61,49,华彩
Li Yundi,748,86.31472750833333,107.13687074829932,107.09769671537235,39.1740329269652,66,49,华彩
Li Yundi,749,86.31472750833333,107.13687074829932,107.09769671537235,39.1740329269652,42,49,华彩
Li Yundi,750,86.44630650833334,107.13687074829932,107.26095747333224,-124.0867250329245,49,49,华彩
Li Yundi,751,86.57788550833334,107.60126984126984,107.42421823129214,177.05160997769553,54,49,华彩
Li Yundi,752,86.70946450833334,107.60126984126984,107.58747898925203,13.790852017805832,49,49,华彩
Li Yundi,753,86.84104350833333,107.8334693877551,107.75073974721191,82.72964054319232,54,49,华彩
Li Yundi,754,86.97262250833333,107.8334693877551,107.9140005051718,-80.53111741669738,49,49,华彩
Li Yundi,755,87.10420150833333,108.18176870748299,108.0772612631317,104.50744435128456,42,49,华彩
Li Yundi,756,87.23578050833333,108.18176870748299,108.24052202109159,-58.75331360860514,49,49,华彩
Li Yundi,757,87.36735950833334,108.55328798185941,108.40378277905148,149.50520280793,78,49,华彩
Li Yundi,758,87.36735950833334,108.55328798185941,108.40378277905148,149.50520280793,83,49,华彩
Li Yundi,759,87.36735950833334,108.55328798185941,108.40378277905148,149.50520280793,59,49,华彩
Li Yundi,760,87.36735950833334,108.55328798185941,108.40378277905148,149.50520280793,62,49,华彩
Li Yundi,761,87.36735950833334,108.55328798185941,108.40378277905148,149.50520280793,66,49,华彩
Li Yundi,762,87.36735950833334,108.55328798185941,108.40378277905148,149.50520280793,71,49,华彩
Li Yundi,763,87.63051750833334,108.83192743764172,108.73030429497128,101.62314267044792,85,49,华彩
Li Yundi,764,87.63051750833334,108.83192743764172,108.73030429497128,101.62314267044792,73,49,华彩
Li Yundi,765,87.89367550833333,109.18022675736961,109.05682581089104,123.40094647856859,88,49,华彩
Li Yundi,766,87.89367550833333,109.18022675736961,109.05682581089104,123.40094647856859,76,49,华彩
Li Yundi,767,88.02525450833333,109.18022675736961,109.22008656885093,-39.85981148132112,90,49,华彩
Li Yundi,768,88.02525450833333,109.18022675736961,109.22008656885093,-39.85981148132112,78,49,华彩
Li Yundi,769,88.15683350833334,109.45886621315192,109.38334732681083,75.5188863410865,88,49,华彩
Li Yundi,770,88.15683350833334,109.45886621315192,109.38334732681083,75.5188863410865,76,49,华彩
Li Yundi,771,88.28841250833334,109.66784580498866,109.54660808477072,121.237720217934,85,49,华彩
Li Yundi,772,88.28841250833334,109.66784580498866,109.54660808477072,121.237720217934,73,49,华彩
Li Yundi,773,88.41999150833334,109.94648526077097,109.70986884273061,236.61641804035582,83,49,华彩
Li Yundi,774,88.41999150833334,109.94648526077097,109.70986884273061,236.61641804035582,71,49,华彩
Li Yundi,775,89.47262350833333,110.43410430839002,111.01595490640973,-581.8505980197131,59,49,华彩
Li Yundi,776,89.47262350833333,110.43410430839002,111.01595490640973,-581.8505980197131,63,49,华彩
Li Yundi,777,89.47262350833333,110.43410430839002,111.01595490640973,-581.8505980197131,68,49,华彩
Li Yundi,778,89.47262350833333,110.43410430839002,111.01595490640973,-581.8505980197131,47,49,华彩
Li Yundi,779,89.60420250833333,111.2235827664399,111.17921566436964,44.36710207026806,51,49,华彩
Li Yundi,780,89.73578150833333,111.2235827664399,111.34247642232953,-118.89365588962164,56,49,华彩
Li Yundi,781,89.86736050833333,111.78086167800454,111.50573718028942,275.1244977151259,51,49,华彩
Li Yundi,782,89.99893950833334,111.78086167800454,111.6689979382493,111.86373975523622,56,49,华彩
Li Yundi,783,90.13051850833334,111.78086167800454,111.83225869620921,-51.39701820466769,51,49,华彩
Li Yundi,784,90.26209750833334,112.05950113378685,111.9955194541691,63.98167961775414,66,49,华彩
Li Yundi,785,90.26209750833334,112.05950113378685,111.9955194541691,63.98167961775414,54,49,华彩
Li Yundi,786,90.39367650833333,112.05950113378685,112.15878021212897,-99.27907834212135,51,49,华彩
Li Yundi,787,90.52525550833333,112.33814058956916,112.32204097008886,16.099619480300476,57,49,华彩
Li Yundi,788,90.52525550833333,112.33814058956916,112.32204097008886,16.099619480300476,61,49,华彩
Li Yundi,789,90.52525550833333,112.33814058956916,112.32204097008886,16.099619480300476,66,49,华彩
Li Yundi,790,90.52525550833333,112.33814058956916,112.32204097008886,16.099619480300476,42,49,华彩
Li Yundi,791,90.63051870833334,112.33814058956916,112.45264957645679,-114.50898688762834,49,49,华彩
Li Yundi,792,90.73578190833334,112.59356009070295,112.58325818282471,10.30190787824381,54,49,华彩
Li Yundi,793,90.84104510833333,112.82575963718821,112.71386678919261,111.8928479956054,57,49,华彩
Li Yundi,794,90.94630830833333,112.82575963718821,112.84447539556052,-18.71575837230921,61,49,华彩
Li Yundi,795,91.05157150833334,113.10439909297052,112.97508400192845,129.3150910420735,64,49,华彩
Li Yundi,796,91.13929084166666,113.10439909297052,113.08392450723503,20.474585735499318,66,49,华彩
Li Yundi,797,91.227010175,113.10439909297052,113.19276501254163,-88.36591957110329,69,49,华彩
Li Yundi,798,91.31472950833333,113.45269841269841,113.30160551784822,151.09289485019417,73,49,华彩
Li Yundi,799,91.40244884166667,113.45269841269841,113.41044602315482,42.25238954359156,76,49,华彩
Li Yundi,800,91.490168175,113.45269841269841,113.51928652846141,-66.58811576299684,78,49,华彩
Li Yundi,801,91.57788750833333,113.68489795918367,113.628127033768,56.77092541567674,80,49,华彩
Li Yundi,802,91.70946650833334,113.68489795918367,113.7913877917279,-106.48983254422717,87,49,华彩
Li Yundi,803,91.70946650833334,113.68489795918367,113.7913877917279,-106.48983254422717,92,49,华彩
Li Yundi,804,91.84104550833334,114.10285714285715,113.95464854968779,148.20859316935753,78,49,华彩
Li Yundi,805,91.97262450833334,114.10285714285715,114.11790930764768,-15.052164790532174,85,49,华彩
Li Yundi,806,91.97262450833334,114.10285714285715,114.11790930764768,-15.052164790532174,90,49,华彩
Li Yundi,807,92.10420350833333,114.33505668934241,114.28117006560755,53.88662373485431,71,49,华彩
Li Yundi,808,92.23578250833333,114.54403628117913,114.44443082356746,99.60545761167339,78,49,华彩
Li Yundi,809,92.23578250833333,114.54403628117913,114.44443082356746,99.60545761167339,83,49,华彩
Li Yundi,810,92.36736150833333,114.54403628117913,114.60769158152735,-63.655300348216315,73,49,华彩
Li Yundi,811,92.49894050833333,114.75301587301587,114.77095233948724,-17.936466471368817,80,49,华彩
Li Yundi,812,92.49894050833333,114.75301587301587,114.77095233948724,-17.936466471368817,85,49,华彩
Li Yundi,813,92.63051950833334,115.07809523809524,114.93421309744714,143.88214064810256,78,49,华彩
Li Yundi,814,92.76209850833334,115.07809523809524,115.09747385540703,-19.37861731178714,85,49,华彩
Li Yundi,815,92.76209850833334,115.07809523809524,115.09747385540703,-19.37861731178714,90,49,华彩
Li Yundi,816,92.89367750833334,115.4031746031746,115.26073461336692,142.43998980768424,76,49,华彩
Li Yundi,817,93.02525650833333,115.4031746031746,115.4239953713268,-20.82076815219125,83,49,华彩
Li Yundi,818,93.02525650833333,115.4031746031746,115.4239953713268,-20.82076815219125,88,49,华彩
Li Yundi,819,93.15683550833333,115.68181405895692,115.5872561292867,94.55792967021637,69,49,华彩
Li Yundi,820,93.28841450833333,115.68181405895692,115.75051688724659,-68.70282828967333,76,49,华彩
Li Yundi,821,93.28841450833333,115.68181405895692,115.75051688724659,-68.70282828967333,81,49,华彩
Li Yundi,822,93.41999350833333,116.05333333333333,115.91377764520648,139.5556881268476,71,49,华彩
Li Yundi,823,93.55157250833334,116.05333333333333,116.07703840316637,-23.705069833042103,78,49,华彩
Li Yundi,824,93.55157250833334,116.05333333333333,116.07703840316637,-23.705069833042103,83,49,华彩
Li Yundi,825,93.68315150833334,116.28553287981859,116.24029916112627,45.23371869231596,76,49,华彩
Li Yundi,826,93.81473050833334,116.51773242630385,116.40355991908616,114.17250721768823,83,49,华彩
Li Yundi,827,93.81473050833334,116.51773242630385,116.40355991908616,114.17250721768823,88,49,华彩
Li Yundi,828,93.94630950833333,116.51773242630385,116.56682067704604,-49.088250742187256,74,49,华彩
Li Yundi,829,94.07788850833333,116.77315192743764,116.73008143500593,43.070492431709795,81,49,华彩
Li Yundi,830,94.07788850833333,116.77315192743764,116.73008143500593,43.070492431709795,86,49,华彩
Li Yundi,831,94.20946750833333,116.77315192743764,116.89334219296583,-120.19026552819412,66,49,华彩
Li Yundi,832,94.34104650833333,117.02857142857142,117.05660295092572,-28.031522354297067,73,49,华彩
Li Yundi,833,94.34104650833333,117.02857142857142,117.05660295092572,-28.031522354297067,78,49,华彩
Li Yundi,834,94.47262550833334,117.30721088435374,117.21986370888561,87.34717546812476,68,49,华彩
Li Yundi,835,94.60420450833334,117.30721088435374,117.38312446684552,-75.91358249177915,75,49,华彩
Li Yundi,836,94.60420450833334,117.30721088435374,117.38312446684552,-75.91358249177915,80,49,华彩
Li Yundi,837,94.73578350833333,117.539410430839,117.54638522480539,-6.974793966392667,66,49,华彩
Li Yundi,838,94.86736250833333,117.539410430839,117.70964598276528,-170.23555192628237,73,49,华彩
Li Yundi,839,94.86736250833333,117.539410430839,117.70964598276528,-170.23555192628237,78,49,华彩
Li Yundi,840,94.99894150833333,117.91092970521542,117.87290674072517,38.022964490252775,64,49,华彩
Li Yundi,841,95.13052050833333,117.91092970521542,118.03616749868506,-125.23779346963693,71,49,华彩
Li Yundi,842,95.13052050833333,117.91092970521542,118.03616749868506,-125.23779346963693,76,49,华彩
Li Yundi,843,95.26209950833334,118.21278911564626,118.19942825664496,13.360859001295466,54,49,华彩
Li Yundi,844,95.39367850833334,118.21278911564626,118.36268901460485,-149.89989895859424,66,49,华彩
Li Yundi,845,95.39367850833334,118.21278911564626,118.36268901460485,-149.89989895859424,73,49,华彩
Li Yundi,846,95.39367850833334,118.21278911564626,118.36268901460485,-149.89989895859424,78,49,华彩
Li Yundi,847,95.52525750833334,118.58430839002267,118.52594977256474,58.3586174579267,52,49,华彩
Li Yundi,848,95.65683650833333,118.58430839002267,118.68921053052462,-104.9021405019488,64,49,华彩
Li Yundi,849,95.65683650833333,118.58430839002267,118.68921053052462,-104.9021405019488,71,49,华彩
Li Yundi,850,95.65683650833333,118.58430839002267,118.68921053052462,-104.9021405019488,76,49,华彩
Li Yundi,851,95.78841550833333,118.81650793650793,118.85247128848452,-35.96335197659073,80,49,华彩
Li Yundi,852,95.78841550833333,118.81650793650793,118.85247128848452,-35.96335197659073,68,49,华彩
Li Yundi,853,95.78841550833333,118.81650793650793,118.85247128848452,-35.96335197659073,37,49,华彩
Li Yundi,854,95.85310851666667,118.81650793650793,118.93274116114813,-116.23322464019736,81,49,华彩
Li Yundi,855,95.85310851666667,118.81650793650793,118.93274116114813,-116.23322464019736,73,49,华彩
Li Yundi,856,95.85310851666667,118.81650793650793,118.93274116114813,-116.23322464019736,44,49,华彩
Li Yundi,857,95.91889801666667,119.09514739229024,119.0143715401281,80.775852162148,80,50,华彩
Li Yundi,858,95.91999450833333,119.09514739229024,119.01573204644441,79.4153458458311,49,50,华彩
Li Yundi,859,95.983591025,119.09514739229024,119.09464141279169,0.5059794985555754,81,51,华彩
Li Yundi,860,95.9868805,119.09514739229024,119.0987229317407,-3.57553945045197,52,51,华彩
Li Yundi,861,96.05157350833333,119.09514739229024,119.1789928044043,-83.8454121140586,80,51,华彩
Li Yundi,862,96.11626651666667,119.09514739229024,119.25926267706792,-164.11528477767945,81,52,华彩
Li Yundi,863,96.18205601666666,119.53632653061224,119.34089305604786,195.43347456438198,80,53,华彩
Li Yundi,864,96.246749025,119.53632653061224,119.42116292871148,115.16360190076114,81,54,华彩
Li Yundi,865,96.31473150833334,119.53632653061224,119.5055143203241,30.812210288146957,80,54,华彩
Li Yundi,866,96.37942451666667,119.53632653061224,119.58578419298772,-49.45766237547389,81,55,华彩
Li Yundi,867,96.44521401666667,119.74530612244898,119.66741457196765,77.89155048132557,80,56,华彩
Li Yundi,868,96.509907025,119.74530612244898,119.74768444463126,-2.3783221822810674,81,57,华彩
Li Yundi,869,96.57788950833333,119.74530612244898,119.83203583624386,-86.72971379488104,80,57,华彩
Li Yundi,870,96.57788950833333,119.74530612244898,119.83203583624386,-86.72971379488104,68,57,华彩
Li Yundi,871,96.57788950833333,119.74530612244898,119.83203583624386,-86.72971379488104,73,57,华彩
Li Yundi,872,96.57788950833333,119.74530612244898,119.83203583624386,-86.72971379488104,76,57,华彩
Li Yundi,873,96.64258251666666,119.95428571428572,119.91230570890748,41.98000537823532,81,58,华彩
Li Yundi,874,96.70837201666667,119.95428571428572,119.99393608788743,-39.65037360171664,80,59,华彩
Li Yundi,875,96.773065025,120.16326530612245,120.07420596055104,89.05934557141393,81,59,华彩
Li Yundi,876,96.84104750833333,120.16326530612245,120.15855735216365,4.707953958799749,80,60,华彩
Li Yundi,877,96.84104750833333,120.16326530612245,120.15855735216365,4.707953958799749,68,60,华彩
Li Yundi,878,96.84104750833333,120.16326530612245,120.15855735216365,4.707953958799749,73,60,华彩
Li Yundi,879,96.84104750833333,120.16326530612245,120.15855735216365,4.707953958799749,76,60,华彩
Li Yundi,880,96.90574051666667,120.16326530612245,120.23882722482728,-75.5619187048211,81,61,华彩
Li Yundi,881,96.97153001666666,120.37224489795918,120.32045760380721,51.78729415196415,80,62,华彩
Li Yundi,882,97.036223025,120.37224489795918,120.40072747647082,-28.482578511642487,81,62,华彩
Li Yundi,883,97.10420550833334,120.37224489795918,120.48507886808343,-112.83397012425667,80,63,华彩
Li Yundi,884,97.16889851666667,120.62766439909296,120.56534874074705,62.31565834590924,81,64,华彩
Li Yundi,885,97.23468801666667,120.62766439909296,120.64697911972699,-19.314720634028504,80,65,华彩
Li Yundi,886,97.299381025,120.62766439909296,120.72724899239061,-99.58459329764935,81,65,华彩
Li Yundi,887,97.36736350833334,120.85986394557823,120.81160038400323,48.26356157499845,80,66,华彩
Li Yundi,888,97.36736350833334,120.85986394557823,120.81160038400323,48.26356157499845,68,66,华彩
Li Yundi,889,97.36736350833334,120.85986394557823,120.81160038400323,48.26356157499845,73,66,华彩
Li Yundi,890,97.36736350833334,120.85986394557823,120.81160038400323,48.26356157499845,76,66,华彩
Li Yundi,891,97.43205651666666,120.85986394557823,120.89187025666682,-32.006311088593975,81,67,华彩
Li Yundi,892,97.49784601666667,120.85986394557823,120.97350063564679,-113.63669006856014,80,68,华彩
Li Yundi,893,97.562539025,121.11528344671201,121.0537705083104,61.51293840161998,81,68,华彩
Li Yundi,894,97.63052150833333,121.11528344671201,121.138121899923,-22.838453210979992,80,69,华彩
Li Yundi,895,97.69521451666667,121.11528344671201,121.21839177258661,-103.10832587460084,81,70,华彩
Li Yundi,896,97.76100401666666,121.34748299319727,121.30002215156655,47.460841630723394,80,71,华彩
Li Yundi,897,97.825697025,121.34748299319727,121.38029202423017,-32.80903103289745,81,71,华彩
Li Yundi,898,97.89367950833334,121.34748299319727,121.46464341584279,-117.16042264551163,80,72,华彩
Li Yundi,899,97.89367950833334,121.34748299319727,121.46464341584279,-117.16042264551163,40,72,华彩
Li Yundi,900,97.95837251666667,121.60290249433106,121.54491328850641,57.98920582465428,81,73,华彩
Li Yundi,901,97.95837251666667,121.60290249433106,121.54491328850641,57.98920582465428,47,73,华彩
Li Yundi,902,98.02416201666666,121.60290249433106,121.62654366748635,-23.641173155283468,80,73,华彩
Li Yundi,903,98.02525850833334,121.60290249433106,121.62790417380268,-25.00167947161458,52,73,华彩
Li Yundi,904,98.088855025,121.60290249433106,121.70681354014995,-103.9110458188901,81,74,华彩
Li Yundi,905,98.15683750833334,121.60290249433106,121.79116493176258,-188.2624374315185,80,75,华彩
Li Yundi,906,98.22153051666666,122.04408163265306,121.87143480442617,172.64682822688826,81,76,华彩
Li Yundi,907,98.28732001666667,122.04408163265306,121.95306518340612,91.0164492469363,80,76,华彩
Li Yundi,908,98.352013025,122.04408163265306,122.03333505606975,10.74657658331546,81,77,华彩
Li Yundi,909,98.41999550833333,122.04408163265306,122.11768644768235,-73.60481502928451,80,78,华彩
Li Yundi,910,98.48468851666667,122.2530612244898,122.19795632034597,55.104904143831845,81,79,华彩
Li Yundi,911,98.55047801666667,122.2530612244898,122.27958669932592,-26.52547483612011,80,79,华彩
Li Yundi,912,98.615171025,122.2530612244898,122.35985657198951,-106.79534749971253,81,80,华彩
Li Yundi,913,98.68315350833333,122.55492063492063,122.44420796360214,110.71267131849538,80,81,华彩
Li Yundi,914,98.68315350833333,122.55492063492063,122.44420796360214,110.71267131849538,64,81,华彩
Li Yundi,915,98.68315350833333,122.55492063492063,122.44420796360214,110.71267131849538,71,81,华彩
Li Yundi,916,98.68315350833333,122.55492063492063,122.44420796360214,110.71267131849538,76,81,华彩
Li Yundi,917,98.74784651666667,122.55492063492063,122.52447783626575,30.442798654888747,81,82,华彩
Li Yundi,918,98.81363601666666,122.55492063492063,122.60610821524568,-51.187580325049,80,82,华彩
Li Yundi,919,98.878329025,122.55492063492063,122.6863780879093,-131.45745298866984,81,83,华彩
Li Yundi,920,98.94631150833334,122.85678004535147,122.77072947952192,86.05056582955228,80,84,华彩
Li Yundi,921,98.94631150833334,122.85678004535147,122.77072947952192,86.05056582955228,64,84,华彩
Li Yundi,922,98.94631150833334,122.85678004535147,122.77072947952192,86.05056582955228,71,84,华彩
Li Yundi,923,98.94631150833334,122.85678004535147,122.77072947952192,86.05056582955228,76,84,华彩
Li Yundi,924,99.01100451666667,122.85678004535147,122.85099935218554,5.780693165931439,81,84,华彩
Li Yundi,925,99.07679401666667,122.85678004535147,122.93262973116548,-75.8496858140063,80,85,华彩
Li Yundi,926,99.141487025,123.06575963718821,123.0128996038291,52.86003335911005,81,86,华彩
Li Yundi,927,99.20946950833333,123.06575963718821,123.09725099544168,-31.49135825347571,80,87,华彩
Li Yundi,928,99.27416251666666,123.06575963718821,123.1775208681053,-111.76123091709655,81,87,华彩
Li Yundi,929,99.33995201666667,123.06575963718821,123.25915124708526,-193.3916098970485,80,88,华彩
Li Yundi,930,99.404645025,123.06575963718821,123.33942111974886,-273.66148256065514,81,89,华彩
Li Yundi,931,99.47262750833333,123.64625850340136,123.42377251136148,222.4859920398785,80,90,华彩
Li Yundi,932,99.47262750833333,123.64625850340136,123.42377251136148,222.4859920398785,64,90,华彩
Li Yundi,933,99.47262750833333,123.64625850340136,123.42377251136148,222.4859920398785,71,90,华彩
Li Yundi,934,99.47262750833333,123.64625850340136,123.42377251136148,222.4859920398785,76,90,华彩
Li Yundi,935,99.53732051666667,123.64625850340136,123.5040423840251,142.21611937625767,81,90,华彩
Li Yundi,936,99.60311001666666,123.64625850340136,123.58567276300504,60.58574039631992,80,91,华彩
Li Yundi,937,99.667803025,123.64625850340136,123.66594263566864,-19.684132267286714,81,92,华彩
Li Yundi,938,99.73578550833334,123.64625850340136,123.75029402728127,-104.0355238799151,80,93,华彩
Li Yundi,939,99.80047851666667,123.97133786848073,123.83056389994488,140.77396853585356,81,93,华彩
Li Yundi,940,99.86626801666667,123.97133786848073,123.91219427892482,59.14358955591581,80,94,华彩
Li Yundi,941,99.930961025,123.97133786848073,123.99246415158844,-21.126283107705035,81,95,华彩
Li Yundi,942,99.99894350833334,124.18031746031745,124.07681554320105,103.50191711640377,64,96,华彩
Li Yundi,943,99.99894350833334,124.18031746031745,124.07681554320105,103.50191711640377,69,96,华彩
Li Yundi,944,99.99894350833334,124.18031746031745,124.07681554320105,103.50191711640377,73,96,华彩
Li Yundi,945,99.99894350833334,124.18031746031745,124.07681554320105,103.50191711640377,76,96,华彩
Li Yundi,946,99.99894350833334,124.18031746031745,124.07681554320105,103.50191711640377,33,96,华彩
Li Yundi,947,99.99894350833334,124.18031746031745,124.07681554320105,103.50191711640377,40,96,华彩
Li Yundi,948,100.52525950833333,124.6679365079365,124.72985857504061,-61.922067104106304,52,96,华彩
Li Yundi,949,100.63052270833333,124.90013605442176,124.86046718140852,39.66887301324107,54,96,华彩
Li Yundi,950,100.73578590833334,124.90013605442176,124.99107578777644,-90.93973335467354,57,96,华彩
Li Yundi,951,100.78841750833334,125.15555555555555,125.0563800909604,99.17546459514881,66,96,华彩
Li Yundi,952,100.78841750833334,125.15555555555555,125.0563800909604,99.17546459514881,78,96,华彩
Li Yundi,953,100.84104910833334,125.15555555555555,125.12168439414435,33.871161411198614,59,96,华彩
Li Yundi,954,100.94631230833333,125.15555555555555,125.25229300051227,-96.73744495671599,61,96,华彩
Li Yundi,955,101.05157550833333,125.5502947845805,125.38290160688017,167.39317770033324,69,96,华彩
Li Yundi,956,101.05157550833333,125.5502947845805,125.38290160688017,167.39317770033324,81,96,华彩
Li Yundi,957,101.05157550833333,125.5502947845805,125.38290160688017,167.39317770033324,64,96,华彩
Li Yundi,958,101.31473350833333,125.94503401360544,125.70942312279996,235.61089080547504,71,96,华彩
Li Yundi,959,101.31473350833333,125.94503401360544,125.70942312279996,235.61089080547504,83,96,华彩
Li Yundi,960,101.57789150833334,126.1772335600907,126.03594463871974,141.2889213709576,73,96,华彩
Li Yundi,961,101.57789150833334,126.1772335600907,126.03594463871974,141.2889213709576,85,96,华彩
Li Yundi,962,101.57789150833334,126.1772335600907,126.03594463871974,141.2889213709576,32,96,华彩
Li Yundi,963,101.57789150833334,126.1772335600907,126.03594463871974,141.2889213709576,44,96,华彩
Li Yundi,964,101.84104950833333,126.38621315192744,126.36246615463952,23.746997287915406,76,96,华彩
Li Yundi,965,101.84104950833333,126.38621315192744,126.36246615463952,23.746997287915406,88,96,华彩
Li Yundi,966,102.10420750833333,126.64163265306122,126.6889876705593,-47.355017498077245,78,96,华彩
Li Yundi,967,102.10420750833333,126.64163265306122,126.6889876705593,-47.355017498077245,81,96,华彩
Li Yundi,968,102.10420750833333,126.64163265306122,126.6889876705593,-47.355017498077245,85,96,华彩
Li Yundi,969,102.10420750833333,126.64163265306122,126.6889876705593,-47.355017498077245,90,96,华彩
Li Yundi,970,102.10420750833333,126.64163265306122,126.6889876705593,-47.355017498077245,30,96,华彩
Li Yundi,971,102.10420750833333,126.64163265306122,126.6889876705593,-47.355017498077245,42,96,华彩
Li Yundi,972,102.63052350833334,127.12925170068027,127.34203070239887,-212.77900171860153,54,96,华彩
Li Yundi,973,102.76210250833333,127.36145124716553,127.50529146035875,-143.84021319321505,57,96,华彩
Li Yundi,974,102.89368150833333,127.64009070294784,127.66855221831865,-28.461515370807433,61,96,华彩
Li Yundi,975,102.89368150833333,127.64009070294784,127.66855221831865,-28.461515370807433,42,96,华彩
Li Yundi,976,102.89368150833333,127.64009070294784,127.66855221831865,-28.461515370807433,54,96,华彩
Li Yundi,977,103.02526050833333,127.94195011337868,127.83181297627854,110.13713710013917,64,96,华彩
Li Yundi,978,103.15683950833333,127.94195011337868,127.99507373423843,-53.12362085975053,66,96,华彩
Li Yundi,979,103.15683950833333,127.94195011337868,127.99507373423843,-53.12362085975053,45,96,华彩
Li Yundi,980,103.15683950833333,127.94195011337868,127.99507373423843,-53.12362085975053,57,96,华彩
Li Yundi,981,103.28841850833334,128.19736961451247,128.15833449219832,39.03512231414652,69,96,华彩
Li Yundi,982,103.41999750833334,128.4063492063492,128.32159525015823,84.7539561909798,73,96,华彩
Li Yundi,983,103.41999750833334,128.4063492063492,128.32159525015823,84.7539561909798,47,96,华彩
Li Yundi,984,103.41999750833334,128.4063492063492,128.32159525015823,84.7539561909798,59,96,华彩
Li Yundi,985,103.55157650833334,128.4063492063492,128.48485600811813,-78.5068017689241,76,96,华彩
Li Yundi,986,103.68315550833333,128.68498866213153,128.648116766078,36.87189605352614,78,96,华彩
Li Yundi,987,103.68315550833333,128.68498866213153,128.648116766078,36.87189605352614,49,96,华彩
Li Yundi,988,103.68315550833333,128.68498866213153,128.648116766078,36.87189605352614,61,96,华彩
Li Yundi,989,103.81473450833333,128.68498866213153,128.81137752403788,-126.38886190634935,81,96,华彩
Li Yundi,990,103.94631350833333,128.94040816326532,128.97463828199778,-34.23011873246651,85,96,华彩
Li Yundi,991,103.94631350833333,128.94040816326532,128.97463828199778,-34.23011873246651,52,96,华彩
Li Yundi,992,103.94631350833333,128.94040816326532,128.97463828199778,-34.23011873246651,64,96,华彩
Li Yundi,993,104.07789250833333,129.1958276643991,129.1378990399577,57.92862444141633,88,96,华彩
Li Yundi,994,104.20947150833334,129.1958276643991,129.30115979791756,-105.33213351845916,78,96,华彩
Li Yundi,995,104.20947150833334,129.1958276643991,129.30115979791756,-105.33213351845916,81,96,华彩
Li Yundi,996,104.20947150833334,129.1958276643991,129.30115979791756,-105.33213351845916,86,96,华彩
Li Yundi,997,104.20947150833334,129.1958276643991,129.30115979791756,-105.33213351845916,90,96,华彩
Li Yundi,998,104.20947150833334,129.1958276643991,129.30115979791756,-105.33213351845916,38,96,华彩
Li Yundi,999,104.20947150833334,129.1958276643991,129.30115979791756,-105.33213351845916,45,96,华彩
Li Yundi,1000,104.31473470833333,129.42802721088435,129.4317684042855,-3.741193401140208,50,96,华彩
Li Yundi,1001,104.41999790833333,129.42802721088435,129.5623770106534,-134.3497997690406,54,96,华彩
Li Yundi,1002,104.47262950833333,129.7298866213152,129.62768131383734,102.20530747784551,81,96,华彩
Li Yundi,1003,104.47262950833333,129.7298866213152,129.62768131383734,102.20530747784551,93,96,华彩
Li Yundi,1004,104.52526110833334,129.7298866213152,129.69298561702132,36.90100429386689,57,96,华彩
Li Yundi,1005,104.63052430833334,129.7298866213152,129.82359422338922,-93.7076020740335,62,96,华彩
Li Yundi,1006,104.73578750833333,130.14784580498866,129.95420282975712,193.6429752315405,66,96,华彩
Li Yundi,1007,104.99894550833334,130.4497052154195,130.28072434567693,168.98086974256898,78,96,华彩
Li Yundi,1008,104.99894550833334,130.4497052154195,130.28072434567693,168.98086974256898,90,96,华彩
Li Yundi,1009,105.26210350833334,130.77478458049887,130.6072458615967,167.53871890216487,76,96,华彩
Li Yundi,1010,105.26210350833334,130.77478458049887,130.6072458615967,167.53871890216487,80,96,华彩
Li Yundi,1011,105.26210350833334,130.77478458049887,130.6072458615967,167.53871890216487,88,96,华彩
Li Yundi,1012,105.26210350833334,130.77478458049887,130.6072458615967,167.53871890216487,37,96,华彩
Li Yundi,1013,105.26210350833334,130.77478458049887,130.6072458615967,167.53871890216487,49,96,华彩
Li Yundi,1014,105.52526150833333,130.9837641723356,130.93376737751646,49.99679481915109,73,96,华彩
Li Yundi,1015,105.52526150833333,130.9837641723356,130.93376737751646,49.99679481915109,85,96,华彩
Li Yundi,1016,105.78841950833333,131.40172335600906,131.26028889343627,141.43446257278924,76,96,华彩
Li Yundi,1017,105.78841950833333,131.40172335600906,131.26028889343627,141.43446257278924,88,96,华彩
Li Yundi,1018,105.78841950833333,131.40172335600906,131.26028889343627,141.43446257278924,56,96,华彩
Li Yundi,1019,105.78841950833333,131.40172335600906,131.26028889343627,141.43446257278924,61,96,华彩
Li Yundi,1020,105.78841950833333,131.40172335600906,131.26028889343627,141.43446257278924,64,96,华彩
Li Yundi,1021,106.31473550833333,131.63392290249433,131.91333192527583,-279.4090227814934,78,96,华彩
Li Yundi,1022,106.31473550833333,131.63392290249433,131.91333192527583,-279.4090227814934,81,96,华彩
Li Yundi,1023,106.31473550833333,131.63392290249433,131.91333192527583,-279.4090227814934,86,96,华彩
Li Yundi,1024,106.31473550833333,131.63392290249433,131.91333192527583,-279.4090227814934,90,96,华彩
Li Yundi,1025,106.31473550833333,131.63392290249433,131.91333192527583,-279.4090227814934,38,96,华彩
Li Yundi,1026,106.31473550833333,131.63392290249433,131.91333192527583,-279.4090227814934,45,96,华彩
Li Yundi,1027,106.41999870833334,131.84290249433107,132.04394053164376,-201.038037312685,50,96,华彩
Li Yundi,1028,106.52526190833333,132.19120181405896,132.17454913801166,16.652676047300474,54,96,华彩
Li Yundi,1029,106.57789350833333,132.19120181405896,132.2398534411956,-48.65162713664972,81,96,华彩
Li Yundi,1030,106.57789350833333,132.19120181405896,132.2398534411956,-48.65162713664972,93,96,华彩
Li Yundi,1031,106.63052510833333,132.19120181405896,132.30515774437956,-113.95593032059992,57,96,华彩
Li Yundi,1032,106.73578830833334,132.51628117913833,132.43576635074749,80.51482839084656,62,96,华彩
Li Yundi,1033,106.84105150833334,132.72526077097507,132.56637495711539,158.88581385968337,66,96,华彩
Li Yundi,1034,107.10420950833334,133.00390022675737,132.8928964730352,111.00375372217286,78,96,华彩
Li Yundi,1035,107.10420950833334,133.00390022675737,132.8928964730352,111.00375372217286,90,96,华彩
Li Yundi,1036,107.36736750833333,133.3754195011338,133.21941798895494,156.00151217884672,76,96,华彩
Li Yundi,1037,107.36736750833333,133.3754195011338,133.21941798895494,156.00151217884672,80,96,华彩
Li Yundi,1038,107.36736750833333,133.3754195011338,133.21941798895494,156.00151217884672,88,96,华彩
Li Yundi,1039,107.36736750833333,133.3754195011338,133.21941798895494,156.00151217884672,37,96,华彩
Li Yundi,1040,107.36736750833333,133.3754195011338,133.21941798895494,156.00151217884672,49,96,华彩
Li Yundi,1041,107.63052550833333,133.63083900226758,133.54593950487475,84.89949739282565,73,96,华彩
Li Yundi,1042,107.63052550833333,133.63083900226758,133.54593950487475,84.89949739282565,85,96,华彩
Li Yundi,1043,107.89368350833334,134.07201814058956,133.87246102079453,199.5571197950312,76,96,华彩
Li Yundi,1044,107.89368350833334,134.07201814058956,133.87246102079453,199.5571197950312,88,96,华彩
Li Yundi,1045,107.89368350833334,134.07201814058956,133.87246102079453,199.5571197950312,56,96,华彩
Li Yundi,1046,107.89368350833334,134.07201814058956,133.87246102079453,199.5571197950312,61,96,华彩
Li Yundi,1047,107.89368350833334,134.07201814058956,133.87246102079453,199.5571197950312,64,96,华彩
Li Yundi,1048,108.41999950833333,134.39709750566894,134.5255040526341,-128.4065469651523,78,96,华彩
Li Yundi,1049,108.41999950833333,134.39709750566894,134.5255040526341,-128.4065469651523,81,96,华彩
Li Yundi,1050,108.41999950833333,134.39709750566894,134.5255040526341,-128.4065469651523,86,96,华彩
Li Yundi,1051,108.41999950833333,134.39709750566894,134.5255040526341,-128.4065469651523,90,96,华彩
Li Yundi,1052,108.41999950833333,134.39709750566894,134.5255040526341,-128.4065469651523,38,96,华彩
Li Yundi,1053,108.41999950833333,134.39709750566894,134.5255040526341,-128.4065469651523,45,96,华彩
Li Yundi,1054,108.52526270833333,134.60607709750568,134.656112659002,-50.035561496315495,50,96,华彩
Li Yundi,1055,108.63052590833334,134.86149659863946,134.78672126536992,74.77533326954244,54,96,华彩
Li Yundi,1056,108.68315750833334,134.86149659863946,134.85202556855387,9.471030085592247,81,96,华彩
Li Yundi,1057,108.68315750833334,134.86149659863946,134.85202556855387,9.471030085592247,93,96,华彩
Li Yundi,1058,108.73578910833334,134.86149659863946,134.91732987173782,-55.83327309835795,57,96,华彩
Li Yundi,1059,108.84105230833333,135.11691609977325,135.04793847810575,68.97762166749999,62,96,华彩
Li Yundi,1060,108.94631550833333,135.3491156462585,135.17854708447365,170.56856178484736,66,96,华彩
Li Yundi,1061,109.20947350833333,135.58131519274377,135.50506860039343,76.24659235034414,78,96,华彩
Li Yundi,1062,109.20947350833333,135.58131519274377,135.50506860039343,76.24659235034414,90,96,华彩
Li Yundi,1063,109.47263150833334,135.90639455782312,135.8315901163132,74.80444150991161,76,96,华彩
Li Yundi,1064,109.47263150833334,135.90639455782312,135.8315901163132,74.80444150991161,80,96,华彩
Li Yundi,1065,109.47263150833334,135.90639455782312,135.8315901163132,74.80444150991161,88,96,华彩
Li Yundi,1066,109.47263150833334,135.90639455782312,135.8315901163132,74.80444150991161,37,96,华彩
Li Yundi,1067,109.47263150833334,135.90639455782312,135.8315901163132,74.80444150991161,49,96,华彩
Li Yundi,1068,109.73578950833334,136.34757369614513,136.15811163223302,189.46206391211717,73,96,华彩
Li Yundi,1069,109.73578950833334,136.34757369614513,136.15811163223302,189.46206391211717,85,96,华彩
Li Yundi,1070,109.99894750833333,136.55655328798187,136.48463314815277,71.92013982910339,76,96,华彩
Li Yundi,1071,109.99894750833333,136.55655328798187,136.48463314815277,71.92013982910339,88,96,华彩
Li Yundi,1072,109.99894750833333,136.55655328798187,136.48463314815277,71.92013982910339,35,96,华彩
Li Yundi,1073,109.99894750833333,136.55655328798187,136.48463314815277,71.92013982910339,47,96,华彩
Li Yundi,1074,110.26210550833333,136.81197278911566,136.81115466407257,0.8181250430823184,78,96,华彩
Li Yundi,1075,110.26210550833333,136.81197278911566,136.81115466407257,0.8181250430823184,90,96,华彩
Li Yundi,1076,110.52526350833334,137.16027210884354,137.13767617999235,22.595928851188773,73,96,华彩
Li Yundi,1077,110.52526350833334,137.16027210884354,137.13767617999235,22.595928851188773,76,96,华彩
Li Yundi,1078,110.52526350833334,137.16027210884354,137.13767617999235,22.595928851188773,81,96,华彩
Li Yundi,1079,110.52526350833334,137.16027210884354,137.13767617999235,22.595928851188773,85,96,华彩
Li Yundi,1080,110.52526350833334,137.16027210884354,137.13767617999235,22.595928851188773,33,96,华彩
Li Yundi,1081,110.52526350833334,137.16027210884354,137.13767617999235,22.595928851188773,45,96,华彩
Li Yundi,1082,110.78842150833333,137.41569160997733,137.46419769591213,-48.50608593480388,61,96,华彩
Li Yundi,1083,110.92000050833333,137.67111111111112,137.627458453872,43.652657239107384,64,96,华彩
Li Yundi,1084,111.05157950833333,137.67111111111112,137.7907192118319,-119.60810072079653,66,96,华彩
Li Yundi,1085,111.18315850833334,137.9265306122449,137.95397996979182,-27.44935754691369,69,96,华彩
Li Yundi,1086,111.31473750833334,138.29804988662133,138.1172407277517,180.80915886963567,73,96,华彩
Li Yundi,1087,111.31473750833334,138.29804988662133,138.1172407277517,180.80915886963567,52,96,华彩
Li Yundi,1088,111.31473750833334,138.29804988662133,138.1172407277517,180.80915886963567,64,96,华彩
Li Yundi,1089,111.44631650833334,138.29804988662133,138.2805014857116,17.548400909731754,76,96,华彩
Li Yundi,1090,111.57789550833333,138.50702947845804,138.44376224367147,63.26723478656504,78,96,华彩
Li Yundi,1091,111.57789550833333,138.50702947845804,138.44376224367147,63.26723478656504,54,96,华彩
Li Yundi,1092,111.57789550833333,138.50702947845804,138.44376224367147,63.26723478656504,66,96,华彩
Li Yundi,1093,111.70947450833333,138.50702947845804,138.60702300163138,-99.99352317333887,81,96,华彩
Li Yundi,1094,111.84105350833333,138.71600907029477,138.77028375959125,-54.27468929647716,85,96,华彩
Li Yundi,1095,111.84105350833333,138.71600907029477,138.77028375959125,-54.27468929647716,56,96,华彩
Li Yundi,1096,111.84105350833333,138.71600907029477,138.77028375959125,-54.27468929647716,68,96,华彩
Li Yundi,1097,111.97263250833333,138.9946485260771,138.93354451755116,61.104008525944664,88,96,华彩
Li Yundi,1098,112.10421150833334,138.9946485260771,139.09680527551106,-102.15674943395925,90,96,华彩
Li Yundi,1099,112.10421150833334,138.9946485260771,139.09680527551106,-102.15674943395925,54,96,华彩
Li Yundi,1100,112.10421150833334,138.9946485260771,139.09680527551106,-102.15674943395925,66,96,华彩
Li Yundi,1101,112.23579050833334,139.2732879818594,139.26006603347093,13.221948388462579,88,96,华彩
Li Yundi,1102,112.36736950833334,139.2732879818594,139.42332679143084,-150.03880957144133,85,96,华彩
Li Yundi,1103,112.36736950833334,139.2732879818594,139.42332679143084,-150.03880957144133,52,96,华彩
Li Yundi,1104,112.36736950833334,139.2732879818594,139.42332679143084,-150.03880957144133,64,96,华彩
Li Yundi,1105,112.49894850833333,139.57514739229026,139.5865875493907,-11.440157100452097,81,96,华彩
Li Yundi,1106,112.63052750833333,139.8073469387755,139.74984830735062,57.498631424891755,73,96,华彩
Li Yundi,1107,112.63052750833333,139.8073469387755,139.74984830735062,57.498631424891755,76,96,华彩
Li Yundi,1108,112.63052750833333,139.8073469387755,139.74984830735062,57.498631424891755,80,96,华彩
Li Yundi,1109,112.63052750833333,139.8073469387755,139.74984830735062,57.498631424891755,85,96,华彩
Li Yundi,1110,112.63052750833333,139.8073469387755,139.74984830735062,57.498631424891755,37,96,华彩
Li Yundi,1111,112.63052750833333,139.8073469387755,139.74984830735062,57.498631424891755,44,96,华彩
Li Yundi,1112,112.73579070833334,139.8073469387755,139.88045691371852,-73.10997494300864,49,96,华彩
Li Yundi,1113,112.84105390833334,139.8073469387755,140.01106552008645,-203.71858131093745,52,96,华彩
Li Yundi,1114,112.89368550833333,140.2485260770975,140.0763698232704,172.15625382709732,76,96,华彩
Li Yundi,1115,112.89368550833333,140.2485260770975,140.0763698232704,172.15625382709732,88,96,华彩
Li Yundi,1116,112.94631710833333,140.2485260770975,140.14167412645435,106.85195064314712,56,96,华彩
Li Yundi,1117,113.05158030833333,140.2485260770975,140.27228273282225,-23.756655724753273,61,96,华彩
Li Yundi,1118,113.15684350833334,140.48072562358277,140.40289133919018,77.8342843925941,64,96,华彩
Li Yundi,1119,113.42000150833333,140.48072562358277,140.72941285510996,-248.6872315271853,73,96,华彩
Li Yundi,1120,113.42000150833333,140.48072562358277,140.72941285510996,-248.6872315271853,85,96,华彩
Li Yundi,1121,113.68315950833333,141.10766439909298,141.05593437102974,51.73002806324689,71,96,华彩
Li Yundi,1122,113.68315950833333,141.10766439909298,141.05593437102974,51.73002806324689,78,96,华彩
Li Yundi,1123,113.68315950833333,141.10766439909298,141.05593437102974,51.73002806324689,83,96,华彩
Li Yundi,1124,113.68315950833333,141.10766439909298,141.05593437102974,51.73002806324689,38,96,华彩
Li Yundi,1125,113.68315950833333,141.10766439909298,141.05593437102974,51.73002806324689,50,96,华彩
Li Yundi,1126,113.94631750833334,141.40952380952382,141.38245588694951,27.067922574303793,69,96,华彩
Li Yundi,1127,113.94631750833334,141.40952380952382,141.38245588694951,27.067922574303793,81,96,华彩
Li Yundi,1128,114.20947550833333,141.99002267573695,141.7089774028693,281.045272867658,71,96,华彩
Li Yundi,1129,114.20947550833333,141.99002267573695,141.7089774028693,281.045272867658,83,96,华彩
Li Yundi,1130,114.20947550833333,141.99002267573695,141.7089774028693,281.045272867658,54,96,华彩
Li Yundi,1131,114.20947550833333,141.99002267573695,141.7089774028693,281.045272867658,59,96,华彩
Li Yundi,1132,114.20947550833333,141.99002267573695,141.7089774028693,281.045272867658,62,96,华彩
Li Yundi,1133,114.73579150833334,142.31510204081633,142.36202043470888,-46.91839389255392,73,96,华彩
Li Yundi,1134,114.73579150833334,142.31510204081633,142.36202043470888,-46.91839389255392,76,96,华彩
Li Yundi,1135,114.73579150833334,142.31510204081633,142.36202043470888,-46.91839389255392,80,96,华彩
Li Yundi,1136,114.73579150833334,142.31510204081633,142.36202043470888,-46.91839389255392,85,96,华彩
Li Yundi,1137,114.73579150833334,142.31510204081633,142.36202043470888,-46.91839389255392,37,96,华彩
Li Yundi,1138,114.73579150833334,142.31510204081633,142.36202043470888,-46.91839389255392,44,96,华彩
Li Yundi,1139,114.84105470833333,142.31510204081633,142.49262904107678,-177.52700026045432,49,96,华彩
Li Yundi,1140,114.94631790833333,142.8259410430839,142.62323764744468,202.7033956392188,52,96,华彩
Li Yundi,1141,114.99894950833334,142.8259410430839,142.68854195062866,137.39909245524018,76,96,华彩
Li Yundi,1142,114.99894950833334,142.8259410430839,142.68854195062866,137.39909245524018,88,96,华彩
Li Yundi,1143,115.05158110833334,142.8259410430839,142.7538462538126,72.09478927128998,56,96,华彩
Li Yundi,1144,115.15684430833333,142.8259410430839,142.8844548601805,-58.51381709661041,61,96,华彩
Li Yundi,1145,115.26210750833333,143.22068027210884,143.01506346654844,205.6168055603962,64,96,华彩
Li Yundi,1146,115.52526550833333,143.52253968253967,143.34158498246822,180.9547000714531,73,96,华彩
Li Yundi,1147,115.52526550833333,143.52253968253967,143.34158498246822,180.9547000714531,85,96,华彩
Li Yundi,1148,115.78842350833334,143.77795918367346,143.668106498388,109.85268528546044,71,96,华彩
Li Yundi,1149,115.78842350833334,143.77795918367346,143.668106498388,109.85268528546044,78,96,华彩
Li Yundi,1150,115.78842350833334,143.77795918367346,143.668106498388,109.85268528546044,83,96,华彩
Li Yundi,1151,115.78842350833334,143.77795918367346,143.668106498388,109.85268528546044,38,96,华彩
Li Yundi,1152,115.78842350833334,143.77795918367346,143.668106498388,109.85268528546044,50,96,华彩
Li Yundi,1153,116.05158150833333,143.9869387755102,143.99462801430778,-7.6892387975817655,69,96,华彩
Li Yundi,1154,116.05158150833333,143.9869387755102,143.99462801430778,-7.6892387975817655,81,96,华彩
Li Yundi,1155,116.31473950833333,144.26557823129252,144.32114953022756,-55.57129893503543,71,96,华彩
Li Yundi,1156,116.31473950833333,144.26557823129252,144.32114953022756,-55.57129893503543,83,96,华彩
Li Yundi,1157,116.31473950833333,144.26557823129252,144.32114953022756,-55.57129893503543,54,96,华彩
Li Yundi,1158,116.31473950833333,144.26557823129252,144.32114953022756,-55.57129893503543,59,96,华彩
Li Yundi,1159,116.31473950833333,144.26557823129252,144.32114953022756,-55.57129893503543,62,96,华彩
Li Yundi,1160,116.84105550833334,144.72997732426305,144.97419256206715,-244.2152378040987,73,96,华彩
Li Yundi,1161,116.84105550833334,144.72997732426305,144.97419256206715,-244.2152378040987,76,96,华彩
Li Yundi,1162,116.84105550833334,144.72997732426305,144.97419256206715,-244.2152378040987,80,96,华彩
Li Yundi,1163,116.84105550833334,144.72997732426305,144.97419256206715,-244.2152378040987,85,96,华彩
Li Yundi,1164,116.84105550833334,144.72997732426305,144.97419256206715,-244.2152378040987,37,96,华彩
Li Yundi,1165,116.84105550833334,144.72997732426305,144.97419256206715,-244.2152378040987,44,96,华彩
Li Yundi,1166,116.94631870833334,145.0550566893424,145.10480116843505,-49.74447909265223,49,96,华彩
Li Yundi,1167,117.05158190833333,145.38013605442177,145.23540977480295,144.72627961882267,52,96,华彩
Li Yundi,1168,117.10421350833333,145.38013605442177,145.3007140779869,79.42197643487248,76,96,华彩
Li Yundi,1169,117.10421350833333,145.38013605442177,145.3007140779869,79.42197643487248,88,96,华彩
Li Yundi,1170,117.15684510833333,145.38013605442177,145.36601838117087,14.117673250893858,56,96,华彩
Li Yundi,1171,117.26210830833334,145.38013605442177,145.49662698753878,-116.49093311700653,61,96,华彩
Li Yundi,1172,117.36737150833333,145.63555555555556,145.6272355939067,8.319961648851404,64,96,华彩
Li Yundi,1173,117.63052950833334,145.91419501133788,145.95375710982648,-39.56209848860226,73,96,华彩
Li Yundi,1174,117.63052950833334,145.91419501133788,145.95375710982648,-39.56209848860226,85,96,华彩
Li Yundi,1175,117.89368750833333,146.16961451247167,146.28027862574626,-110.66411327459491,71,96,华彩
Li Yundi,1176,117.89368750833333,146.16961451247167,146.28027862574626,-110.66411327459491,78,96,华彩
Li Yundi,1177,117.89368750833333,146.16961451247167,146.28027862574626,-110.66411327459491,83,96,华彩
Li Yundi,1178,117.89368750833333,146.16961451247167,146.28027862574626,-110.66411327459491,40,96,华彩
Li Yundi,1179,117.89368750833333,146.16961451247167,146.28027862574626,-110.66411327459491,52,96,华彩
Li Yundi,1180,118.15684550833333,146.6572335600907,146.60680014166604,50.4334184246602,68,96,华彩
Li Yundi,1181,118.15684550833333,146.6572335600907,146.60680014166604,50.4334184246602,80,96,华彩
Li Yundi,1182,118.42000350833334,146.9126530612245,146.93332165758582,-20.668596361332447,64,96,华彩
Li Yundi,1183,118.42000350833334,146.9126530612245,146.93332165758582,-20.668596361332447,76,96,华彩
Li Yundi,1184,118.42000350833334,146.9126530612245,146.93332165758582,-20.668596361332447,42,96,华彩
Li Yundi,1185,118.42000350833334,146.9126530612245,146.93332165758582,-20.668596361332447,54,96,华彩
Li Yundi,1186,118.68316150833333,147.16807256235828,147.2598431735056,-91.7706111473251,66,96,华彩
Li Yundi,1187,118.68316150833333,147.16807256235828,147.2598431735056,-91.7706111473251,78,96,华彩
Li Yundi,1188,118.94631950833333,147.42349206349206,147.58636468942538,-162.87262593331775,69,96,华彩
Li Yundi,1189,118.94631950833333,147.42349206349206,147.58636468942538,-162.87262593331775,73,96,华彩
Li Yundi,1190,118.94631950833333,147.42349206349206,147.58636468942538,-162.87262593331775,76,96,华彩
Li Yundi,1191,118.94631950833333,147.42349206349206,147.58636468942538,-162.87262593331775,81,96,华彩
Li Yundi,1192,118.94631950833333,147.42349206349206,147.58636468942538,-162.87262593331775,33,96,华彩
Li Yundi,1193,118.94631950833333,147.42349206349206,147.58636468942538,-162.87262593331775,45,96,华彩
Li Yundi,1194,119.20947750833334,147.95755102040818,147.9128862053452,44.66481506298692,57,96,华彩
Li Yundi,1195,119.34105650833334,147.95755102040818,148.07614696330506,-118.59594289688857,61,96,华彩
Li Yundi,1196,119.47263550833334,148.3522902494331,148.23940772126497,112.88252816814293,64,96,华彩
Li Yundi,1197,119.60421450833333,148.3522902494331,148.40266847922484,-50.378229791732565,66,96,华彩
Li Yundi,1198,119.73579350833333,148.58448979591836,148.56592923718475,18.560558733611288,64,96,华彩
Li Yundi,1199,119.73579350833333,148.58448979591836,148.56592923718475,18.560558733611288,45,96,华彩
Li Yundi,1200,119.73579350833333,148.58448979591836,148.56592923718475,18.560558733611288,52,96,华彩
Li Yundi,1201,119.86737250833333,148.58448979591836,148.72918999514462,-144.7001992262642,61,96,华彩
Li Yundi,1202,119.99895150833333,148.58448979591836,148.89245075310453,-307.9609571861681,57,96,华彩
Li Yundi,1203,119.99895150833333,148.58448979591836,148.89245075310453,-307.9609571861681,45,96,华彩
Li Yundi,1204,119.99895150833333,148.58448979591836,148.89245075310453,-307.9609571861681,54,96,华彩
Li Yundi,1205,120.13053050833334,148.58448979591836,149.0557115110644,-471.2217151460436,61,96,华彩
Li Yundi,1206,120.26210950833334,148.58448979591836,149.2189722690243,-634.4824731059475,64,96,华彩
Li Yundi,1207,120.26210950833334,148.58448979591836,149.2189722690243,-634.4824731059475,45,96,华彩
Li Yundi,1208,120.26210950833334,148.58448979591836,149.2189722690243,-634.4824731059475,52,96,华彩
Li Yundi,1209,120.39368850833334,149.90802721088434,149.3822330269842,525.7941839001319,66,96,华彩
Li Yundi,1210,120.52526750833333,149.90802721088434,149.54549378494409,362.5334259402564,69,96,华彩
Li Yundi,1211,120.52526750833333,149.90802721088434,149.54549378494409,362.5334259402564,45,96,华彩
Li Yundi,1212,120.52526750833333,149.90802721088434,149.54549378494409,362.5334259402564,54,96,华彩
Li Yundi,1213,120.65684650833333,149.90802721088434,149.70875454290396,199.2726679803809,73,96,华彩
Li Yundi,1214,120.78842550833333,149.90802721088434,149.87201530086386,36.01191002047699,76,96,华彩
Li Yundi,1215,120.78842550833333,149.90802721088434,149.87201530086386,36.01191002047699,45,96,华彩
Li Yundi,1216,120.78842550833333,149.90802721088434,149.87201530086386,36.01191002047699,52,96,华彩
Li Yundi,1217,120.92000450833334,149.90802721088434,150.03527605882377,-127.24884793942692,78,96,华彩
Li Yundi,1218,121.05158350833334,150.23310657596372,150.19853681678364,34.56975918007288,81,96,华彩
Li Yundi,1219,121.05158350833334,150.23310657596372,150.19853681678364,34.56975918007288,45,96,华彩
Li Yundi,1220,121.11627651666667,150.23310657596372,150.27880668944726,-45.700113483547966,83,96,华彩
Li Yundi,1221,121.11627651666667,150.23310657596372,150.27880668944726,-45.700113483547966,50,96,华彩
Li Yundi,1222,121.18206601666667,150.23310657596372,150.36043706842722,-127.33049246349992,81,96,华彩
Li Yundi,1223,121.18316250833334,150.23310657596372,150.36179757474355,-128.69099877983103,54,96,华彩
Li Yundi,1224,121.24895200833333,150.23310657596372,150.4434279537235,-210.321377759783,83,96,华彩
Li Yundi,1225,121.31364501666667,150.79038548752834,150.5236978263871,266.68766114124764,81,96,华彩
Li Yundi,1226,121.37943451666666,150.79038548752834,150.60532820536704,185.0572821612957,83,96,华彩
Li Yundi,1227,121.44632050833333,150.79038548752834,150.68831909066333,102.06639686501262,81,96,华彩
Li Yundi,1228,121.51101351666667,150.79038548752834,150.76858896332695,21.796524201391776,83,96,华彩
Li Yundi,1229,121.57680301666667,150.79038548752834,150.8502193423069,-59.83385477856018,81,96,华彩
Li Yundi,1230,121.64368900833334,151.04580498866213,150.93321022760315,112.59476105897193,83,96,华彩
Li Yundi,1231,121.70838201666666,151.04580498866213,151.01348010026678,32.32488839535108,81,96,华彩
Li Yundi,1232,121.77417151666667,151.04580498866213,151.09511047924673,-49.305490584600875,83,96,华彩
Li Yundi,1233,121.84105750833334,151.04580498866213,151.178101364543,-132.29637588088394,88,96,华彩
Li Yundi,1234,121.84105750833334,151.04580498866213,151.178101364543,-132.29637588088394,69,96,华彩
Li Yundi,1235,121.84105750833334,151.04580498866213,151.178101364543,-132.29637588088394,74,96,华彩
Li Yundi,1236,121.84105750833334,151.04580498866213,151.178101364543,-132.29637588088394,78,96,华彩
Li Yundi,1237,121.97263650833334,151.04580498866213,151.3413621225029,-295.55713384075943,90,96,华彩
Li Yundi,1238,122.10421550833334,151.69596371882085,151.5046228804628,191.34083835805882,93,96,华彩
Li Yundi,1239,122.10421550833334,151.69596371882085,151.5046228804628,191.34083835805882,69,96,华彩
Li Yundi,1240,122.10421550833334,151.69596371882085,151.5046228804628,191.34083835805882,74,96,华彩
Li Yundi,1241,122.10421550833334,151.69596371882085,151.5046228804628,191.34083835805882,78,96,华彩
Li Yundi,1242,122.20947870833334,151.69596371882085,151.6352314868307,60.732231990158425,95,96,华彩
Li Yundi,1243,122.31474190833333,151.69596371882085,151.7658400931986,-69.87637437774197,93,96,华彩
Li Yundi,1244,122.42000510833333,151.97460317460317,151.89644869956652,78.15447503665496,90,96,华彩
Li Yundi,1245,122.52526830833334,151.97460317460317,152.02705730593445,-52.45413133127386,86,96,华彩
Li Yundi,1246,122.63053150833333,151.97460317460317,152.15766591230235,-183.06273769917425,81,96,华彩
Li Yundi,1247,122.63053150833333,151.97460317460317,152.15766591230235,-183.06273769917425,69,96,华彩
Li Yundi,1248,122.63053150833333,151.97460317460317,152.15766591230235,-183.06273769917425,74,96,华彩
Li Yundi,1249,122.63053150833333,151.97460317460317,152.15766591230235,-183.06273769917425,78,96,华彩
Li Yundi,1250,122.73579470833333,152.3461224489796,152.28827451867025,57.847930309350204,83,96,华彩
Li Yundi,1251,122.84105790833334,152.3461224489796,152.41888312503818,-72.76067605857861,81,96,华彩
Li Yundi,1252,122.94632110833334,152.57832199546485,152.54949173140608,28.830264058768762,78,96,华彩
Li Yundi,1253,123.05158430833333,152.57832199546485,152.680100337774,-101.77834230916005,74,96,华彩
Li Yundi,1254,123.15684750833333,152.78730158730158,152.8107089441419,-23.407356840323246,81,96,华彩
Li Yundi,1255,123.15684750833333,152.78730158730158,152.8107089441419,-23.407356840323246,45,96,华彩
Li Yundi,1256,123.22154051666666,152.78730158730158,152.89097881680553,-103.67722950394409,83,96,华彩
Li Yundi,1257,123.22154051666666,152.78730158730158,152.89097881680553,-103.67722950394409,52,96,华彩
Li Yundi,1258,123.28733001666667,153.04272108843537,152.97260919578548,70.1118926498907,81,96,华彩
Li Yundi,1259,123.28842650833333,153.04272108843537,152.9739697021018,68.7513863335596,57,96,华彩
Li Yundi,1260,123.35421600833334,153.04272108843537,153.05560008108176,-12.878992646392362,83,96,华彩
Li Yundi,1261,123.41890901666666,153.04272108843537,153.13586995374536,-93.14886530998479,81,96,华彩
Li Yundi,1262,123.48469851666667,153.04272108843537,153.2175003327253,-174.77924428993674,83,96,华彩
Li Yundi,1263,123.55158450833333,153.4374603174603,153.3004912180216,136.9690994387156,81,96,华彩
Li Yundi,1264,123.61627751666667,153.4374603174603,153.3807610906852,56.69922677509476,83,96,华彩
Li Yundi,1265,123.68206701666666,153.4374603174603,153.46239146966514,-24.931152204828777,81,96,华彩
Li Yundi,1266,123.74895300833333,153.4374603174603,153.54538235496142,-107.92203750111184,83,96,华彩
Li Yundi,1267,123.81364601666667,153.73931972789114,153.62565222762504,113.66750026610362,81,96,华彩
Li Yundi,1268,123.87943551666666,153.73931972789114,153.70728260660496,32.03712128618008,83,96,华彩
Li Yundi,1269,123.94632150833334,153.73931972789114,153.79027349190127,-50.95376401013141,88,96,华彩
Li Yundi,1270,123.94632150833334,153.73931972789114,153.79027349190127,-50.95376401013141,69,96,华彩
Li Yundi,1271,123.94632150833334,153.73931972789114,153.79027349190127,-50.95376401013141,73,96,华彩
Li Yundi,1272,123.94632150833334,153.73931972789114,153.79027349190127,-50.95376401013141,76,96,华彩
Li Yundi,1273,124.07790050833333,153.97151927437642,153.95353424986115,17.985024515269288,90,96,华彩
Li Yundi,1274,124.20947950833333,153.97151927437642,154.11679500782103,-145.2757334446062,93,96,华彩
Li Yundi,1275,124.20947950833333,153.97151927437642,154.11679500782103,-145.2757334446062,69,96,华彩
Li Yundi,1276,124.20947950833333,153.97151927437642,154.11679500782103,-145.2757334446062,73,96,华彩
Li Yundi,1277,124.20947950833333,153.97151927437642,154.11679500782103,-145.2757334446062,76,96,华彩
Li Yundi,1278,124.31474270833333,154.2965986394558,154.24740361418895,49.195025266840275,95,96,华彩
Li Yundi,1279,124.42000590833334,154.2965986394558,154.37801222055688,-81.41358110108854,93,96,华彩
Li Yundi,1280,124.52526910833333,154.2965986394558,154.50862082692478,-212.02218746898893,90,96,华彩
Li Yundi,1281,124.63053230833333,154.73777777777778,154.63922943329268,98.54834448509564,86,96,华彩
Li Yundi,1282,124.73579550833334,154.73777777777778,154.7698380396606,-32.060261882833174,81,96,华彩
Li Yundi,1283,124.73579550833334,154.73777777777778,154.7698380396606,-32.060261882833174,69,96,华彩
Li Yundi,1284,124.73579550833334,154.73777777777778,154.7698380396606,-32.060261882833174,73,96,华彩
Li Yundi,1285,124.73579550833334,154.73777777777778,154.7698380396606,-32.060261882833174,76,96,华彩
Li Yundi,1286,124.84105870833334,155.06285714285715,154.9004466460285,162.41049682864173,83,90,华彩
Li Yundi,1287,124.94632190833333,155.06285714285715,155.03105525239644,31.80189046071291,81,84,华彩
Li Yundi,1288,125.05158510833333,155.06285714285715,155.16166385876434,-98.80671590718748,78,77,华彩
Li Yundi,1289,125.15684830833334,155.43437641723355,155.29227246513227,142.10395210128013,74,71,华彩
Li Yundi,1290,125.26211150833333,155.43437641723355,155.42288107150017,11.495345733379736,69,64,华彩
Li Yundi,1291,125.26211150833333,155.43437641723355,155.42288107150017,11.495345733379736,45,64,华彩
Li Yundi,1292,125.32680451666667,155.43437641723355,155.5031509441638,-68.77452693024111,71,64,华彩
Li Yundi,1293,125.32680451666667,155.43437641723355,155.5031509441638,-68.77452693024111,50,64,华彩
Li Yundi,1294,125.39259401666666,155.43437641723355,155.58478132314372,-150.40490591016464,69,64,华彩
Li Yundi,1295,125.39369050833334,155.43437641723355,155.58614182946008,-151.76541222652418,54,64,华彩
Li Yundi,1296,125.45948000833333,155.80589569160998,155.66777220844,138.12348316997713,71,64,华彩
Li Yundi,1297,125.52417301666667,155.80589569160998,155.74804208110362,57.85361050635629,69,64,华彩
Li Yundi,1298,125.58996251666667,155.80589569160998,155.82967246008357,-23.776768473595666,71,64,华彩
Li Yundi,1299,125.65684850833334,155.80589569160998,155.91266334537985,-106.76765376987873,69,64,华彩
Li Yundi,1300,125.72154151666666,156.06131519274376,155.99293321804345,68.3819747003156,71,64,华彩
Li Yundi,1301,125.78733101666667,156.06131519274376,156.0745635970234,-13.248404279636361,69,64,华彩
Li Yundi,1302,125.85421700833334,156.06131519274376,156.15755448231968,-96.23928957591943,71,64,华彩
Li Yundi,1303,125.91891001666667,156.31673469387755,156.2378243549833,78.91033889424648,69,64,华彩
Li Yundi,1304,125.98469951666667,156.31673469387755,156.31945473396323,-2.7200400856770557,71,64,华彩
Li Yundi,1305,126.05158550833333,156.31673469387755,156.4024456192595,-85.71092538196012,76,64,华彩
Li Yundi,1306,126.05158550833333,156.31673469387755,156.4024456192595,-85.71092538196012,57,64,华彩
Li Yundi,1307,126.05158550833333,156.31673469387755,156.4024456192595,-85.71092538196012,62,64,华彩
Li Yundi,1308,126.05158550833333,156.31673469387755,156.4024456192595,-85.71092538196012,66,64,华彩
Li Yundi,1309,126.18316450833333,156.57215419501134,156.5657063772194,6.447817791922716,78,64,华彩
Li Yundi,1310,126.31474350833334,156.82757369614512,156.72896713517932,98.60656096580556,81,64,华彩
Li Yundi,1311,126.31474350833334,156.82757369614512,156.72896713517932,98.60656096580556,57,64,华彩
Li Yundi,1312,126.31474350833334,156.82757369614512,156.72896713517932,98.60656096580556,62,64,华彩
Li Yundi,1313,126.31474350833334,156.82757369614512,156.72896713517932,98.60656096580556,66,64,华彩
Li Yundi,1314,126.42000670833333,156.82757369614512,156.85957574154722,-32.002045402094836,83,64,华彩
Li Yundi,1315,126.52526990833333,157.0829931972789,156.99018434791512,92.80884936379152,81,64,华彩
Li Yundi,1316,126.63053310833334,157.0829931972789,157.12079295428305,-37.79975700413729,78,64,华彩
Li Yundi,1317,126.73579630833333,157.3151927437642,157.25140156065095,63.7911831132385,74,64,华彩
Li Yundi,1318,126.84105950833333,157.3151927437642,157.38201016701888,-66.81742325469031,69,64,华彩
Li Yundi,1319,126.84105950833333,157.3151927437642,157.38201016701888,-66.81742325469031,57,64,华彩
Li Yundi,1320,126.84105950833333,157.3151927437642,157.38201016701888,-66.81742325469031,62,64,华彩
Li Yundi,1321,126.84105950833333,157.3151927437642,157.38201016701888,-66.81742325469031,66,64,华彩
Li Yundi,1322,126.94632270833334,157.57061224489797,157.51261877338678,57.99347151119605,71,64,华彩
Li Yundi,1323,127.05158590833334,157.57061224489797,157.6432273797547,-72.61513485673277,69,64,华彩
Li Yundi,1324,127.15684910833333,157.80281179138322,157.7738359861226,28.975805260614607,66,64,华彩
Li Yundi,1325,127.26211230833333,157.80281179138322,157.9044445924905,-101.63280110728579,62,64,华彩
Li Yundi,1326,127.36737550833334,158.03501133786847,158.03505319885844,-0.041860989966835405,69,64,华彩
Li Yundi,1327,127.36737550833334,158.03501133786847,158.03505319885844,-0.041860989966835405,45,64,华彩
Li Yundi,1328,127.43206851666666,158.03501133786847,158.11532307152203,-80.31173365355926,71,64,华彩
Li Yundi,1329,127.43206851666666,158.03501133786847,158.11532307152203,-80.31173365355926,52,64,华彩
Li Yundi,1330,127.49785801666667,158.03501133786847,158.19695345050198,-161.94211263351121,69,64,华彩
Li Yundi,1331,127.49895450833333,158.36009070294784,158.1983139568183,161.77674612953297,57,64,华彩
Li Yundi,1332,127.56474400833334,158.36009070294784,158.27994433579826,80.14636714958101,71,64,华彩
Li Yundi,1333,127.62943701666667,158.36009070294784,158.36021420846188,-0.12350551403983445,69,64,华彩
Li Yundi,1334,127.69522651666666,158.36009070294784,158.44184458744184,-81.75388449399179,71,64,华彩
Li Yundi,1335,127.76211250833333,158.36009070294784,158.5248354727381,-164.74476979024644,69,64,华彩
Li Yundi,1336,127.82680551666667,158.73160997732427,158.6051053454017,126.50463192255756,71,64,华彩
Li Yundi,1337,127.89259501666666,158.73160997732427,158.68673572438166,44.87425294260561,69,64,华彩
Li Yundi,1338,127.95948100833333,158.73160997732427,158.76972660967795,-38.11663235367746,71,64,华彩
Li Yundi,1339,128.02417401666665,158.96380952380952,158.84999648234154,113.81304146797788,69,64,华彩
Li Yundi,1340,128.08996351666667,158.96380952380952,158.93162686132152,32.182662487997504,71,64,华彩
Li Yundi,1341,128.15684950833332,158.96380952380952,159.01461774661777,-50.80822280825714,76,64,华彩
Li Yundi,1342,128.15684950833332,158.96380952380952,159.01461774661777,-50.80822280825714,57,64,华彩
Li Yundi,1343,128.15684950833332,158.96380952380952,159.01461774661777,-50.80822280825714,61,64,华彩
Li Yundi,1344,128.15684950833332,158.96380952380952,159.01461774661777,-50.80822280825714,64,64,华彩
Li Yundi,1345,128.28842850833334,159.17278911564625,159.17787850457768,-5.089388931423855,78,64,华彩
Li Yundi,1346,128.42000750833333,159.17278911564625,159.34113926253755,-168.35014689129935,81,64,华彩
Li Yundi,1347,128.42000750833333,159.17278911564625,159.34113926253755,-168.35014689129935,57,64,华彩
Li Yundi,1348,128.42000750833333,159.17278911564625,159.34113926253755,-168.35014689129935,61,64,华彩
Li Yundi,1349,128.42000750833333,159.17278911564625,159.34113926253755,-168.35014689129935,64,64,华彩
Li Yundi,1350,128.52527070833332,159.52108843537414,159.47174786890545,49.34056646868612,83,64,华彩
Li Yundi,1351,128.63053390833332,159.52108843537414,159.60235647527338,-81.2680398992427,81,64,华彩
Li Yundi,1352,128.73579710833332,159.82294784580498,159.73296508164128,89.98276416369322,78,63,华彩
Li Yundi,1353,128.84106030833334,159.82294784580498,159.8635736880092,-40.625842204235596,74,61,华彩
Li Yundi,1354,128.94632350833334,160.1015873015873,159.99418229437714,107.40500721016133,69,59,华彩
Li Yundi,1355,128.94632350833334,160.1015873015873,159.99418229437714,107.40500721016133,57,59,华彩
Li Yundi,1356,128.94632350833334,160.1015873015873,159.99418229437714,107.40500721016133,61,59,华彩
Li Yundi,1357,128.94632350833334,160.1015873015873,159.99418229437714,107.40500721016133,64,59,华彩
Li Yundi,1358,129.05158670833333,160.1015873015873,160.12479090074504,-23.203599157739063,71,57,华彩
Li Yundi,1359,129.15684990833333,160.40344671201814,160.25539950711294,148.04720490519685,69,55,华彩
Li Yundi,1360,129.26211310833332,160.40344671201814,160.38600811348084,17.438598537296457,66,53,华彩
Li Yundi,1361,129.36737630833332,160.40344671201814,160.51661671984877,-113.17000783063236,62,51,华彩
Li Yundi,1362,129.47263950833332,160.68208616780046,160.64722532621667,34.86084158379299,76,49,华彩
Li Yundi,1363,129.47263950833332,160.68208616780046,160.64722532621667,34.86084158379299,64,49,华彩
Li Yundi,1364,130.26211350833333,161.2625850340136,161.62678987397604,-364.20483996244,76,49,尾声
Li Yundi,1365,130.26211350833333,161.2625850340136,161.62678987397604,-364.20483996244,81,49,尾声
Li Yundi,1366,130.26211350833333,161.2625850340136,161.62678987397604,-364.20483996244,88,49,尾声
Li Yundi,1367,130.26211350833333,161.2625850340136,161.62678987397604,-364.20483996244,69,49,尾声
Li Yundi,1368,130.26211350833333,161.2625850340136,161.62678987397604,-364.20483996244,73,49,尾声
Li Yundi,1369,130.52527150833333,161.8895238095238,161.95331138989582,-63.787580372007824,76,49,尾声
Li Yundi,1370,130.52527150833333,161.8895238095238,161.95331138989582,-63.787580372007824,81,49,尾声
Li Yundi,1371,130.52527150833333,161.8895238095238,161.95331138989582,-63.787580372007824,88,49,尾声
Li Yundi,1372,130.52527150833333,161.8895238095238,161.95331138989582,-63.787580372007824,69,49,尾声
Li Yundi,1373,130.52527150833333,161.8895238095238,161.95331138989582,-63.787580372007824,73,49,尾声
Li Yundi,1374,131.0515875083333,162.51646258503402,162.60635442173538,-89.89183670135503,76,49,尾声
Li Yundi,1375,131.0515875083333,162.51646258503402,162.60635442173538,-89.89183670135503,81,49,尾声
Li Yundi,1376,131.0515875083333,162.51646258503402,162.60635442173538,-89.89183670135503,88,49,尾声
Li Yundi,1377,131.0515875083333,162.51646258503402,162.60635442173538,-89.89183670135503,69,49,尾声
Li Yundi,1378,131.0515875083333,162.51646258503402,162.60635442173538,-89.89183670135503,73,49,尾声
Li Yundi,1379,131.57790350833332,163.1201814058957,163.25939745357493,-139.21604767924123,76,49,尾声
Li Yundi,1380,131.57790350833332,163.1201814058957,163.25939745357493,-139.21604767924123,52,49,尾声
Li Yundi,1381,131.64259651666666,163.49170068027212,163.33966732623855,152.03335403356277,81,49,尾声
Li Yundi,1382,131.648078975,163.49170068027212,163.34646985782024,145.2308224518788,54,49,尾声
Li Yundi,1383,131.70948250833334,163.49170068027212,163.42265821153484,69.0424687372797,85,49,尾声
Li Yundi,1384,131.71825444166666,163.49170068027212,163.4335422620655,58.15841820663081,57,49,尾声
Li Yundi,1385,131.77746499166665,163.49170068027212,163.50700960314742,-15.308922875306052,88,49,尾声
Li Yundi,1386,131.7884299083333,163.49170068027212,163.52061466631076,-28.91398603864559,59,49,尾声
Li Yundi,1387,131.858605375,163.49170068027212,163.60768707055604,-115.98639028392199,61,49,尾声
Li Yundi,1388,131.92878084166665,163.79356009070295,163.69475947480132,98.80061590163791,64,49,尾声
Li Yundi,1389,131.99895630833333,163.79356009070295,163.7818318790466,11.728211656361509,66,49,尾声
Li Yundi,1390,132.069131775,163.79356009070295,163.86890428329187,-75.3441925889149,69,49,尾声
Li Yundi,1391,132.13930724166667,164.04897959183674,163.95597668753717,93.00290429956704,71,49,尾声
Li Yundi,1392,132.20948270833333,164.04897959183674,164.04304909178242,5.9305000543190545,73,49,尾声
Li Yundi,1393,132.27965817499998,164.04897959183674,164.13012149602767,-81.14190419092893,76,49,尾声
Li Yundi,1394,132.34983364166666,164.04897959183674,164.21719390027297,-168.21430843623375,78,49,尾声
Li Yundi,1395,132.42000910833332,164.04897959183674,164.30426630451825,-255.28671268151015,81,49,尾声
Li Yundi,1396,132.490184575,164.04897959183674,164.39133870876353,-342.35911692678656,83,49,尾声
Li Yundi,1397,132.56036004166666,164.04897959183674,164.4784111130088,-429.43152117206296,85,49,尾声
Li Yundi,1398,132.63053550833334,164.04897959183674,164.56548351725408,-516.5039254173394,88,49,尾声
Li Yundi,1399,132.69522851666667,165.14031746031745,164.6457533899177,494.5640703997469,90,49,尾声
Li Yundi,1400,132.76211450833333,165.14031746031745,164.72874427521396,411.5731851034923,88,49,尾声
Li Yundi,1401,132.82680751666666,165.14031746031745,164.80901414787758,331.30331243987143,90,49,尾声
Li Yundi,1402,132.8936935083333,165.14031746031745,164.89200503317383,248.3124271436168,88,49,尾声
Li Yundi,1403,132.95838651666665,165.14031746031745,164.97227490583745,168.04255447999594,90,49,尾声
Li Yundi,1404,133.02527250833333,165.14031746031745,165.05526579113376,85.05166918368445,88,49,尾声
Li Yundi,1405,133.08996551666667,165.14031746031745,165.13553566379738,4.781796520063608,90,49,尾声
Li Yundi,1406,133.15685150833332,165.14031746031745,165.21852654909364,-78.20908877619104,88,49,尾声
Li Yundi,1407,133.22154451666665,165.4421768707483,165.29879642175726,143.38044899105284,90,49,尾声
Li Yundi,1408,133.28843050833333,165.4421768707483,165.38178730705354,60.38956369476978,88,49,尾声
Li Yundi,1409,133.35312351666667,165.4421768707483,165.46205717971716,-19.880308968851068,90,49,尾声
Li Yundi,1410,133.42000950833332,165.4421768707483,165.54504806501342,-102.87119426510571,88,49,尾声
Li Yundi,1411,133.48470251666666,165.4421768707483,165.62531793767704,-183.14106692872656,90,49,尾声
Li Yundi,1412,133.55158850833334,165.9530158730159,165.70830882297332,244.70705004256388,88,49,尾声
Li Yundi,1413,133.61628151666665,165.9530158730159,165.78857869563691,164.43717737897146,90,49,尾声
Li Yundi,1414,133.68316750833333,166.18521541950113,165.8715695809332,313.64583856793615,81,49,尾声
Li Yundi,1415,133.68316750833333,166.18521541950113,165.8715695809332,313.64583856793615,69,49,尾声
Li Yundi,1416,134.47264150833334,166.57995464852607,166.85113412869256,-271.17948016649507,81,49,尾声
Li Yundi,1417,134.47264150833334,166.57995464852607,166.85113412869256,-271.17948016649507,86,49,尾声
Li Yundi,1418,134.47264150833334,166.57995464852607,166.85113412869256,-271.17948016649507,93,49,尾声
Li Yundi,1419,134.47264150833334,166.57995464852607,166.85113412869256,-271.17948016649507,74,49,尾声
Li Yundi,1420,134.47264150833334,166.57995464852607,166.85113412869256,-271.17948016649507,78,49,尾声
Li Yundi,1421,134.73579950833332,166.57995464852607,167.17765564461232,-597.700996086246,81,49,尾声
Li Yundi,1422,134.73579950833332,166.57995464852607,167.17765564461232,-597.700996086246,86,49,尾声
Li Yundi,1423,134.73579950833332,166.57995464852607,167.17765564461232,-597.700996086246,93,49,尾声
Li Yundi,1424,134.73579950833332,166.57995464852607,167.17765564461232,-597.700996086246,74,49,尾声
Li Yundi,1425,134.73579950833332,166.57995464852607,167.17765564461232,-597.700996086246,78,49,尾声
Li Yundi,1426,135.26211550833332,168.2053514739229,167.8306986764519,374.65279747098634,81,49,尾声
Li Yundi,1427,135.26211550833332,168.2053514739229,167.8306986764519,374.65279747098634,86,49,尾声
Li Yundi,1428,135.26211550833332,168.2053514739229,167.8306986764519,374.65279747098634,93,49,尾声
Li Yundi,1429,135.26211550833332,168.2053514739229,167.8306986764519,374.65279747098634,74,49,尾声
Li Yundi,1430,135.26211550833332,168.2053514739229,167.8306986764519,374.65279747098634,78,49,尾声
Li Yundi,1431,135.78843150833333,168.5536507936508,168.48374170829146,69.90908535934182,81,49,尾声
Li Yundi,1432,135.78843150833333,168.5536507936508,168.48374170829146,69.90908535934182,57,49,尾声
Li Yundi,1433,135.85312451666667,168.5536507936508,168.56401158095508,-10.360787304279029,86,49,尾声
Li Yundi,1434,135.858606975,168.5536507936508,168.57081411253674,-17.163318885934586,59,49,尾声
Li Yundi,1435,135.92001050833332,168.5536507936508,168.64700246625134,-93.35167260053367,90,49,尾声
Li Yundi,1436,135.92878244166667,168.5536507936508,168.65788651678204,-104.23572313123941,62,49,尾声
Li Yundi,1437,135.98799299166666,168.87873015873015,168.73135385786398,147.3763008661706,93,49,尾声
Li Yundi,1438,135.99895790833332,168.87873015873015,168.7449589210273,133.77123770285948,64,49,尾声
Li Yundi,1439,136.069133375,168.87873015873015,168.8320313252726,46.698833457554656,66,49,尾声
Li Yundi,1440,136.13930884166666,168.87873015873015,168.91910372951784,-40.373570787693325,69,49,尾声
Li Yundi,1441,136.20948430833332,168.87873015873015,169.0061761337631,-127.4459750329413,71,49,尾声
Li Yundi,1442,136.279659775,168.87873015873015,169.0932485380084,-214.51837927824613,74,49,尾声
Li Yundi,1443,136.34983524166665,168.87873015873015,169.18032094225367,-301.59078352352253,76,49,尾声
Li Yundi,1444,136.42001070833334,169.5288888888889,169.26739334649895,261.49554238995165,78,49,尾声
Li Yundi,1445,136.490186175,169.5288888888889,169.35446575074423,174.42313814467525,81,49,尾声
Li Yundi,1446,136.56036164166667,169.5288888888889,169.4415381549895,87.35073389939885,83,49,尾声
Li Yundi,1447,136.63053710833333,169.5288888888889,169.52861055923478,0.2783296541224445,86,49,尾声
Li Yundi,1448,136.70071257499998,169.5288888888889,169.61568296348003,-86.79407459112554,88,49,尾声
Li Yundi,1449,136.77088804166667,169.7843083900227,169.70275536772533,81.55302229735639,90,49,尾声
Li Yundi,1450,136.84106350833332,169.7843083900227,169.78982777197058,-5.519381947891588,93,49,尾声
Li Yundi,1451,136.90575651666666,169.7843083900227,169.8700976446342,-85.78925461151243,95,49,尾声
Li Yundi,1452,136.97264250833334,169.7843083900227,169.9530885299305,-168.78013990782392,93,49,尾声
Li Yundi,1453,137.03733551666667,169.7843083900227,170.0333584025941,-249.05001257141635,95,49,尾声
Li Yundi,1454,137.10422150833332,170.4344671201814,170.1163492878904,318.11783229102275,93,49,尾声
Li Yundi,1455,137.16891451666666,170.4344671201814,170.19661916055398,237.84795962743033,95,49,尾声
Li Yundi,1456,137.23580050833334,170.4344671201814,170.2796100458503,154.85707433111884,93,49,尾声
Li Yundi,1457,137.30049351666665,170.4344671201814,170.35987991851388,74.58720166752641,95,49,尾声
Li Yundi,1458,137.36737950833333,170.4344671201814,170.44287080381017,-8.403683628756653,93,49,尾声
Li Yundi,1459,137.43207251666666,170.4344671201814,170.5231406764738,-88.6735562923775,95,49,尾声
Li Yundi,1460,137.49895850833332,170.6898866213152,170.60613156177004,83.75505954515461,93,49,尾声
Li Yundi,1461,137.56365151666665,170.6898866213152,170.68640143443366,3.485186881533764,95,49,尾声
Li Yundi,1462,137.63053750833333,170.6898866213152,170.76939231972995,-79.5056984147493,93,49,尾声
Li Yundi,1463,137.69523051666667,170.6898866213152,170.84966219239357,-159.77557107837015,95,49,尾声
Li Yundi,1464,137.76211650833332,170.6898866213152,170.93265307768982,-242.7664563746248,93,49,尾声
Li Yundi,1465,137.82680951666666,170.6898866213152,171.01292295035344,-323.03632903824564,95,49,尾声
Li Yundi,1466,138.02527450833333,171.5722448979592,171.25917459360963,313.07030434956573,92,49,尾声
Li Yundi,1467,138.02527450833333,171.5722448979592,171.25917459360963,313.07030434956573,104,49,尾声
Li Yundi,1468,138.28843250833333,171.5722448979592,171.5856961095294,-13.451211570213673,90,49,尾声
Li Yundi,1469,138.28843250833333,171.5722448979592,171.5856961095294,-13.451211570213673,102,49,尾声
Li Yundi,1470,138.55159050833333,172.08308390022677,171.9122176254492,170.86627477758043,83,49,尾声
Li Yundi,1471,138.55159050833333,172.08308390022677,171.9122176254492,170.86627477758043,95,49,尾声
Li Yundi,1472,138.81474850833334,172.08308390022677,172.23873914136897,-155.65524114219897,85,49,尾声
Li Yundi,1473,138.81474850833334,172.08308390022677,172.23873914136897,-155.65524114219897,97,49,尾声
Li Yundi,1474,139.0779065083333,172.756462585034,172.56526065728872,191.20192774528277,90,49,尾声
Li Yundi,1475,139.0779065083333,172.756462585034,172.56526065728872,191.20192774528277,102,49,尾声
Li Yundi,1476,139.34106450833332,172.756462585034,172.89178217320853,-135.31958817452505,88,49,尾声
Li Yundi,1477,139.34106450833332,172.756462585034,172.89178217320853,-135.31958817452505,100,49,尾声
Li Yundi,1478,139.60422250833332,173.08154195011338,173.2183036891283,-136.76173901492916,81,49,尾声
Li Yundi,1479,139.60422250833332,173.08154195011338,173.2183036891283,-136.76173901492916,93,49,尾声
Li Yundi,1480,139.86738050833333,173.08154195011338,173.54482520504808,-463.28325493470857,83,49,尾声
Li Yundi,1481,139.86738050833333,173.08154195011338,173.54482520504808,-463.28325493470857,95,49,尾声
Li Yundi,1482,140.13053850833333,174.08,173.8713467209679,208.65327903212005,88,49,尾声
Li Yundi,1483,140.13053850833333,174.08,173.8713467209679,208.65327903212005,100,49,尾声
Li Yundi,1484,140.39369650833333,174.3354195011338,174.19786823688767,137.5512642461274,86,49,尾声
Li Yundi,1485,140.39369650833333,174.3354195011338,174.19786823688767,137.5512642461274,98,49,尾声
Li Yundi,1486,140.65685450833334,174.68371882086169,174.52438975280745,159.32906805423386,78,49,尾声
Li Yundi,1487,140.65685450833334,174.68371882086169,174.52438975280745,159.32906805423386,90,49,尾声
Li Yundi,1488,140.92001250833331,174.68371882086169,174.8509112687272,-167.19244786551712,80,49,尾声
Li Yundi,1489,140.92001250833331,174.68371882086169,174.8509112687272,-167.19244786551712,92,49,尾声
Li Yundi,1490,141.18317050833332,175.403537414966,175.177432784647,226.10463031898576,85,49,尾声
Li Yundi,1491,141.18317050833332,175.403537414966,175.177432784647,226.10463031898576,97,49,尾声
Li Yundi,1492,141.44632850833332,175.403537414966,175.5039543005668,-100.41688560079365,83,49,尾声
Li Yundi,1493,141.44632850833332,175.403537414966,175.5039543005668,-100.41688560079365,95,49,尾声
Li Yundi,1494,141.70948650833333,176.00725623582767,175.83047581648657,176.78041934109956,76,49,尾声
Li Yundi,1495,141.70948650833333,176.00725623582767,175.83047581648657,176.78041934109956,88,49,尾声
Li Yundi,1496,141.97264450833333,176.28589569160997,176.15699733240638,128.89835920358905,78,49,尾声
Li Yundi,1497,141.97264450833333,176.28589569160997,176.15699733240638,128.89835920358905,90,49,尾声
Li Yundi,1498,142.10422350833332,176.54131519274375,176.32025809036625,221.0571023775003,80,49,尾声
Li Yundi,1499,142.10422350833332,176.54131519274375,176.32025809036625,221.0571023775003,92,49,尾声
Li Yundi,1500,142.10422350833332,176.54131519274375,176.32025809036625,221.0571023775003,68,49,尾声
Li Yundi,1501,143.319136275,177.7255328798186,177.8276990888626,-102.16620904401452,78,49,尾声
Li Yundi,1502,145.26102301666666,180.07074829931972,180.2371557750873,-166.40747576758486,69,49,尾声
Li Yundi,1503,145.26102301666666,180.07074829931972,180.2371557750873,-166.40747576758486,73,49,尾声
Li Yundi,1504,145.26102301666666,180.07074829931972,180.2371557750873,-166.40747576758486,81,49,尾声
Li Yundi,1505,145.26102301666666,180.07074829931972,180.2371557750873,-166.40747576758486,57,49,尾声
Li Yundi,1506,145.26102301666666,180.07074829931972,180.2371557750873,-166.40747576758486,64,49,尾声
Li Yundi,1507,146.05049701666667,180.4887074829932,181.21672032284667,-728.0128398534771,73,49,尾声
Li Yundi,1508,146.05049701666667,180.4887074829932,181.21672032284667,-728.0128398534771,76,49,尾声
Li Yundi,1509,146.05049701666667,180.4887074829932,181.21672032284667,-728.0128398534771,69,49,尾声
Li Yundi,1510,146.31365501666667,180.4887074829932,181.54324183876645,-1054.5343557732565,73,49,尾声
Li Yundi,1511,146.31365501666667,180.4887074829932,181.54324183876645,-1054.5343557732565,76,49,尾声
Li Yundi,1512,146.31365501666667,180.4887074829932,181.54324183876645,-1054.5343557732565,69,49,尾声
Li Yundi,1513,146.83997101666665,180.4887074829932,182.19628487060598,-1707.5773876127869,73,49,尾声
Li Yundi,1514,146.83997101666665,180.4887074829932,182.19628487060598,-1707.5773876127869,76,49,尾声
Li Yundi,1515,146.83997101666665,180.4887074829932,182.19628487060598,-1707.5773876127869,69,49,尾声
Li Yundi,1516,147.36628701666666,184.45931972789117,182.84932790244557,1609.9918254456043,81,49,尾声
Li Yundi,1517,147.36628701666666,184.45931972789117,182.84932790244557,1609.9918254456043,85,49,尾声
Li Yundi,1518,147.36628701666666,184.45931972789117,182.84932790244557,1609.9918254456043,93,49,尾声
Li Yundi,1519,147.36628701666666,184.45931972789117,182.84932790244557,1609.9918254456043,64,49,尾声
Li Yundi,1520,147.36628701666666,184.45931972789117,182.84932790244557,1609.9918254456043,73,49,尾声
Li Yundi,1521,148.15576101666667,184.45931972789117,183.82889245020493,630.4272776862376,85,43,尾声
Li Yundi,1522,148.15576101666667,184.45931972789117,183.82889245020493,630.4272776862376,88,43,尾声
Li Yundi,1523,148.15576101666667,184.45931972789117,183.82889245020493,630.4272776862376,76,43,尾声
Li Yundi,1524,148.15576101666667,184.45931972789117,183.82889245020493,630.4272776862376,81,43,尾声
Li Yundi,1525,148.41891901666668,184.45931972789117,184.1554139661247,303.9057617664582,85,41,尾声
Li Yundi,1526,148.41891901666668,184.45931972789117,184.1554139661247,303.9057617664582,88,41,尾声
Li Yundi,1527,148.41891901666668,184.45931972789117,184.1554139661247,303.9057617664582,76,41,尾声
Li Yundi,1528,148.41891901666668,184.45931972789117,184.1554139661247,303.9057617664582,81,41,尾声
Li Yundi,1529,148.94523501666666,184.45931972789117,184.80845699796427,-349.1372700731006,85,37,尾声
Li Yundi,1530,148.94523501666666,184.45931972789117,184.80845699796427,-349.1372700731006,88,37,尾声
Li Yundi,1531,148.94523501666666,184.45931972789117,184.80845699796427,-349.1372700731006,76,37,尾声
Li Yundi,1532,148.94523501666666,184.45931972789117,184.80845699796427,-349.1372700731006,81,37,尾声
Li Yundi,1533,149.47155101666667,185.2952380952381,185.46150002980383,-166.261934565739,83,33,尾声
Li Yundi,1534,149.57023526666666,185.2952380952381,185.58394559827374,-288.70750303565273,85,33,尾声
Li Yundi,1535,149.66891951666668,185.2952380952381,185.70639116674369,-411.1530715055949,88,33,尾声
Li Yundi,1536,149.76979675,185.2952380952381,185.83155774784626,-536.3196526081708,93,33,尾声
Li Yundi,1537,149.868481,186.9902947845805,185.95400331631618,1036.2914682643236,105,33,尾声
Shen Wenyu,0,0.0,0.06965986394557823,0.0,69.65986394557822,76,49,A段 主题
Shen Wenyu,1,0.0,0.06965986394557823,0.0,69.65986394557822,64,49,A段 主题
Shen Wenyu,2,0.789474,0.9752380952380952,1.0566335754700273,-81.39548023193211,76,49,A段 主题
Shen Wenyu,3,0.789474,0.9752380952380952,1.0566335754700273,-81.39548023193211,81,49,A段 主题
Shen Wenyu,4,0.789474,0.9752380952380952,1.0566335754700273,-81.39548023193211,88,49,A段 主题
Shen Wenyu,5,0.789474,0.9752380952380952,1.0566335754700273,-81.39548023193211,69,49,A段 主题
Shen Wenyu,6,0.789474,0.9752380952380952,1.0566335754700273,-81.39548023193211,73,49,A段 主题
Shen Wenyu,7,1.052632,1.3235374149659864,1.40884476729337,-85.30735232738351,76,49,A段 主题
Shen Wenyu,8,1.052632,1.3235374149659864,1.40884476729337,-85.30735232738351,81,49,A段 主题
Shen Wenyu,9,1.052632,1.3235374149659864,1.40884476729337,-85.30735232738351,88,49,A段 主题
Shen Wenyu,10,1.052632,1.3235374149659864,1.40884476729337,-85.30735232738351,69,49,A段 主题
Shen Wenyu,11,1.052632,1.3235374149659864,1.40884476729337,-85.30735232738351,73,49,A段 主题
Shen Wenyu,12,1.578948,2.136235827664399,2.1132671509400547,22.968676724344217,76,49,A段 主题
Shen Wenyu,13,1.578948,2.136235827664399,2.1132671509400547,22.968676724344217,81,49,A段 主题
Shen Wenyu,14,1.578948,2.136235827664399,2.1132671509400547,22.968676724344217,88,49,A段 主题
Shen Wenyu,15,1.578948,2.136235827664399,2.1132671509400547,22.968676724344217,69,49,A段 主题
Shen Wenyu,16,1.578948,2.136235827664399,2.1132671509400547,22.968676724344217,73,49,A段 主题
Shen Wenyu,17,2.105264,2.647074829931973,2.81768953458674,-170.61470465476702,76,49,A段 主题
Shen Wenyu,18,2.105264,2.647074829931973,2.81768953458674,-170.61470465476702,52,49,A段 主题
Shen Wenyu,19,2.1699570083333333,2.8560544217687074,2.904274785909978,-48.22036414127062,81,49,A段 主题
Shen Wenyu,20,2.1754394666666665,2.8560544217687074,2.911612519072964,-55.55809730425665,54,49,A段 主题
Shen Wenyu,21,2.236843,2.8560544217687074,2.9937951304984107,-137.74070872970333,85,49,A段 主题
Shen Wenyu,22,2.2456149333333335,3.1346938775510202,3.005535503559189,129.15837399183116,57,49,A段 主题
Shen Wenyu,23,2.3048254833333335,3.1346938775510202,3.084783021719441,49.910855831579056,88,49,A段 主题
Shen Wenyu,24,2.3157904,3.1346938775510202,3.0994584880454137,35.23538950560656,59,49,A段 主题
Shen Wenyu,25,2.3859658666666665,3.1346938775510202,3.1933814725316383,-58.687594980618044,61,49,A段 主题
Shen Wenyu,26,2.4561413333333335,3.4133333333333336,3.2873044570178633,126.02887631547021,64,49,A段 主题
Shen Wenyu,27,2.5263168,3.4133333333333336,3.3812274415040875,32.10589182924606,66,49,A段 主题
Shen Wenyu,28,2.5964922666666665,3.4133333333333336,3.475150425990312,-61.817092656978545,69,49,A段 主题
Shen Wenyu,29,2.6666677333333335,3.622312925170068,3.569073410476537,53.23951469353094,71,49,A段 主题
Shen Wenyu,30,2.7368432,3.622312925170068,3.6629963949627617,-40.68346979269366,73,49,A段 主题
Shen Wenyu,31,2.8070186666666666,3.622312925170068,3.756919379448986,-134.60645427891782,76,49,A段 主题
Shen Wenyu,32,2.8771941333333335,3.9706122448979593,3.850842363935211,119.76988096274832,78,49,A段 主题
Shen Wenyu,33,2.9473696,3.9706122448979593,3.9447653484214356,25.846896476523717,81,49,A段 主题
Shen Wenyu,34,3.0175450666666666,3.9706122448979593,4.03868833290766,-68.07608800970088,83,49,A段 主题
Shen Wenyu,35,3.0877205333333335,4.179591836734694,4.132611317393885,46.980519340809046,85,49,A段 主题
Shen Wenyu,36,3.157896,4.179591836734694,4.226534301880109,-46.94246514541511,88,49,A段 主题
Shen Wenyu,37,3.2225890083333333,4.179591836734694,4.3131195532033475,-133.52771646865324,90,49,A段 主题
Shen Wenyu,38,3.289475,4.551111111111111,4.40263989779178,148.4712133193309,88,49,A段 主题
Shen Wenyu,39,3.354168008333333,4.551111111111111,4.489225149115019,61.885961996091865,90,49,A段 主题
Shen Wenyu,40,3.421054,4.551111111111111,4.578745493703452,-27.634382592340856,88,49,A段 主题
Shen Wenyu,41,3.4857470083333335,4.551111111111111,4.66533074502669,-114.21963391557898,90,49,A段 主题
Shen Wenyu,42,3.552633,4.829750566893424,4.754851089615124,74.89947727830071,88,49,A段 主题
Shen Wenyu,43,3.6173260083333334,4.829750566893424,4.841436340938362,-11.685774044937425,90,49,A段 主题
Shen Wenyu,44,3.684212,4.829750566893424,4.930956685526795,-101.20611863337015,88,49,A段 主题
Shen Wenyu,45,3.7489050083333333,5.131609977324263,5.017541936850033,114.06804047423068,90,49,A段 主题
Shen Wenyu,46,3.815791,5.131609977324263,5.107062281438465,24.54769588579797,88,49,A段 主题
Shen Wenyu,47,3.880484008333333,5.131609977324263,5.1936475327617035,-62.03755543744016,90,49,A段 主题
Shen Wenyu,48,3.94737,5.38702947845805,5.283167877350136,103.86160110791387,88,49,A段 主题
Shen Wenyu,49,4.0120630083333335,5.38702947845805,5.369753128673375,17.27634978467485,90,49,A段 主题
Shen Wenyu,50,4.078949,5.38702947845805,5.459273473261808,-72.24399480375787,88,49,A段 主题
Shen Wenyu,51,4.143642008333333,5.688888888888889,5.545858724585046,143.03016430384298,90,49,A段 主题
Shen Wenyu,52,4.210528,5.9675283446712015,5.63537906917348,332.14927549772176,81,49,A段 主题
Shen Wenyu,53,4.210528,5.9675283446712015,5.63537906917348,332.14927549772176,69,49,A段 主题
Shen Wenyu,54,5.000002,6.524807256235827,6.692012644643507,-167.2053884076794,81,49,A段 主题
Shen Wenyu,55,5.000002,6.524807256235827,6.692012644643507,-167.2053884076794,86,49,A段 主题
Shen Wenyu,56,5.000002,6.524807256235827,6.692012644643507,-167.2053884076794,93,49,A段 主题
Shen Wenyu,57,5.000002,6.524807256235827,6.692012644643507,-167.2053884076794,74,49,A段 主题
Shen Wenyu,58,5.000002,6.524807256235827,6.692012644643507,-167.2053884076794,78,49,A段 主题
Shen Wenyu,59,5.26316,7.128526077097506,7.044223836466849,84.30224063065683,81,49,A段 主题
Shen Wenyu,60,5.26316,7.128526077097506,7.044223836466849,84.30224063065683,86,49,A段 主题
Shen Wenyu,61,5.26316,7.128526077097506,7.044223836466849,84.30224063065683,93,49,A段 主题
Shen Wenyu,62,5.26316,7.128526077097506,7.044223836466849,84.30224063065683,74,49,A段 主题
Shen Wenyu,63,5.26316,7.128526077097506,7.044223836466849,84.30224063065683,78,49,A段 主题
Shen Wenyu,64,5.789476,7.732244897959184,7.7486462201135335,-16.40132215434953,81,49,A段 主题
Shen Wenyu,65,5.789476,7.732244897959184,7.7486462201135335,-16.40132215434953,86,49,A段 主题
Shen Wenyu,66,5.789476,7.732244897959184,7.7486462201135335,-16.40132215434953,93,49,A段 主题
Shen Wenyu,67,5.789476,7.732244897959184,7.7486462201135335,-16.40132215434953,74,49,A段 主题
Shen Wenyu,68,5.789476,7.732244897959184,7.7486462201135335,-16.40132215434953,78,49,A段 主题
Shen Wenyu,69,6.315792,8.452063492063493,8.453068603760219,-1.0051116967257911,81,49,A段 主题
Shen Wenyu,70,6.315792,8.452063492063493,8.453068603760219,-1.0051116967257911,57,49,A段 主题
Shen Wenyu,71,6.380485008333333,8.452063492063493,8.539653855083458,-87.59036301996481,86,49,A段 主题
Shen Wenyu,72,6.385967466666667,8.452063492063493,8.546991588246444,-94.92809618295084,59,49,A段 主题
Shen Wenyu,73,6.447371,8.730702947845804,8.62917419967189,101.528748173914,90,49,A段 主题
Shen Wenyu,74,6.456142933333333,8.730702947845804,8.640914572732667,89.78837511313742,62,49,A段 主题
Shen Wenyu,75,6.5153534833333335,8.730702947845804,8.72016209089292,10.540856952884425,93,49,A段 主题
Shen Wenyu,76,6.5263184,8.730702947845804,8.734837557218894,-4.134609373089404,64,49,A段 主题
Shen Wenyu,77,6.596493866666667,8.730702947845804,8.828760541705119,-98.05759385931445,66,49,A段 主题
Shen Wenyu,78,6.666669333333333,8.730702947845804,8.922683526191342,-191.9805783455377,69,49,A段 主题
Shen Wenyu,79,6.7368448,9.1718820861678,9.016606510677567,155.27557549023285,71,49,A段 主题
Shen Wenyu,80,6.807020266666667,9.1718820861678,9.110529495163792,61.352591004007806,74,49,A段 主题
Shen Wenyu,81,6.877195733333333,9.1718820861678,9.204452479650016,-32.570393482215465,76,49,A段 主题
Shen Wenyu,82,6.9473712,9.1718820861678,9.29837546413624,-126.49337796844051,78,49,A段 主题
Shen Wenyu,83,7.017546666666667,9.496961451247165,9.392298448622466,104.66300262469908,81,49,A段 主题
Shen Wenyu,84,7.087722133333333,9.496961451247165,9.48622143310869,10.740018138474028,83,49,A段 主题
Shen Wenyu,85,7.1578976,9.496961451247165,9.580144417594916,-83.18296634775102,86,49,A段 主题
Shen Wenyu,86,7.228073066666667,9.729160997732427,9.67406740208114,55.09359565128591,88,49,A段 主题
Shen Wenyu,87,7.298248533333333,9.729160997732427,9.767990386567364,-38.82938883493736,90,49,A段 主题
Shen Wenyu,88,7.368424,9.93814058956916,9.86191337105359,76.22721851557124,93,49,A段 主题
Shen Wenyu,89,7.433117008333333,9.93814058956916,9.948498622376826,-10.358032807666007,95,49,A段 主题
Shen Wenyu,90,7.500003,9.93814058956916,10.03801896696526,-99.8783773961005,93,49,A段 主题
Shen Wenyu,91,7.564696008333334,10.147120181405896,10.124604218288498,22.515963117397675,95,49,A段 主题
Shen Wenyu,92,7.631582,10.147120181405896,10.21412456287693,-67.00438147103505,93,49,A段 主题
Shen Wenyu,93,7.696275008333333,10.147120181405896,10.30070981420017,-153.58963279427405,95,49,A段 主题
Shen Wenyu,94,7.763161,10.147120181405896,10.390230158788603,-243.1099773827068,93,49,A段 主题
Shen Wenyu,95,7.8278540083333334,10.681179138321996,10.476815410111842,204.36372821015425,95,49,A段 主题
Shen Wenyu,96,7.89474,10.681179138321996,10.566335754700273,114.8433836217233,93,49,A段 主题
Shen Wenyu,97,7.959433008333333,10.681179138321996,10.652921006023512,28.258132298484284,95,49,A段 主题
Shen Wenyu,98,8.026319,10.681179138321996,10.742441350611946,-61.26221228995021,93,49,A段 主题
Shen Wenyu,99,8.091012008333333,10.681179138321996,10.829026601935183,-147.84746361318747,95,49,A段 主题
Shen Wenyu,100,8.157898,11.145578231292516,10.918546946523616,227.0312847689002,93,49,A段 主题
Shen Wenyu,101,8.222591008333334,11.145578231292516,11.005132197846855,140.44603344566121,95,49,A段 主题
Shen Wenyu,102,8.289477,11.145578231292516,11.094652542435288,50.92568885722848,93,49,A段 主题
Shen Wenyu,103,8.354170008333334,11.145578231292516,11.181237793758527,-35.65956246601054,95,49,A段 主题
Shen Wenyu,104,8.552635,11.42421768707483,11.446863734258631,-22.6460471838017,92,49,A段 主题
Shen Wenyu,105,8.552635,11.42421768707483,11.446863734258631,-22.6460471838017,104,49,A段 主题
Shen Wenyu,106,8.815793,11.633197278911565,11.799074926081971,-165.8776471704062,90,49,A段 主题
Shen Wenyu,107,8.815793,11.633197278911565,11.799074926081971,-165.8776471704062,102,49,A段 主题
Shen Wenyu,108,9.078951,12.213696145124716,12.151286117905315,62.4100272194017,83,49,A段 主题
Shen Wenyu,109,9.078951,12.213696145124716,12.151286117905315,62.4100272194017,95,49,A段 主题
Shen Wenyu,110,9.342109,12.49233560090703,12.503497309728658,-11.16170882162848,85,49,A段 主题
Shen Wenyu,111,9.342109,12.49233560090703,12.503497309728658,-11.16170882162848,97,49,A段 主题
Shen Wenyu,112,9.605267,12.747755102040816,12.855708501552,-107.95339951118343,90,49,A段 主题
Shen Wenyu,113,9.605267,12.747755102040816,12.855708501552,-107.95339951118343,102,49,A段 主题
Shen Wenyu,114,9.868425,13.165714285714285,13.207919693375342,-42.20540766105607,88,49,A段 主题
Shen Wenyu,115,9.868425,13.165714285714285,13.207919693375342,-42.20540766105607,100,49,A段 主题
Shen Wenyu,116,10.131583,13.421133786848072,13.560130885198683,-138.99709835061103,81,49,A段 主题
Shen Wenyu,117,10.131583,13.421133786848072,13.560130885198683,-138.99709835061103,93,49,A段 主题
Shen Wenyu,118,10.394741,13.769433106575963,13.912342077022027,-142.90897044606334,83,49,A段 主题
Shen Wenyu,119,10.394741,13.769433106575963,13.912342077022027,-142.90897044606334,95,49,A段 主题
Shen Wenyu,120,10.657899,14.32671201814059,14.26455326884537,62.158749295219806,88,49,A段 主题
Shen Wenyu,121,10.657899,14.32671201814059,14.26455326884537,62.158749295219806,100,49,A段 主题
Shen Wenyu,122,10.921057,14.675011337868481,14.61676446066871,58.24687719977106,86,49,A段 主题
Shen Wenyu,123,10.921057,14.675011337868481,14.61676446066871,58.24687719977106,98,49,A段 主题
Shen Wenyu,124,11.184215,14.97687074829932,14.968975652492054,7.895095807265662,78,49,A段 主题
Shen Wenyu,125,11.184215,14.97687074829932,14.968975652492054,7.895095807265662,90,49,A段 主题
Shen Wenyu,126,11.447373,15.209070294784581,15.321186844315397,-112.11654953081585,80,49,A段 主题
Shen Wenyu,127,11.447373,15.209070294784581,15.321186844315397,-112.11654953081585,92,49,A段 主题
Shen Wenyu,128,11.710531,15.696689342403628,15.673398036138739,23.2913062648894,85,49,A段 主题
Shen Wenyu,129,11.710531,15.696689342403628,15.673398036138739,23.2913062648894,97,49,A段 主题
Shen Wenyu,130,11.973689,15.905668934240364,16.025609227962082,-119.94029372171866,83,49,A段 主题
Shen Wenyu,131,11.973689,15.905668934240364,16.025609227962082,-119.94029372171866,95,49,A段 主题
Shen Wenyu,132,12.236847,16.23074829931973,16.377820419785422,-147.07212046569396,76,49,A段 主题
Shen Wenyu,133,12.236847,16.23074829931973,16.377820419785422,-147.07212046569396,88,49,A段 主题
Shen Wenyu,134,12.500005,16.579047619047618,16.730031611608766,-150.98399256114803,78,49,A段 主题
Shen Wenyu,135,12.500005,16.579047619047618,16.730031611608766,-150.98399256114803,90,49,A段 主题
Shen Wenyu,136,12.631584,17.159546485260773,16.906137207520437,253.40927774033517,80,49,A段 主题
Shen Wenyu,137,12.631584,17.159546485260773,16.906137207520437,253.40927774033517,92,49,A段 主题
Shen Wenyu,138,12.631584,17.159546485260773,16.906137207520437,253.40927774033517,68,49,A段 主题
Shen Wenyu,139,13.684216,17.925804988662133,18.314981974813808,-389.17698615167495,76,49,A段 主题
Shen Wenyu,140,13.684216,17.925804988662133,18.314981974813808,-389.17698615167495,64,49,A段 主题
Shen Wenyu,141,13.684216,17.925804988662133,18.314981974813808,-389.17698615167495,68,49,A段 主题
Shen Wenyu,142,13.684216,17.925804988662133,18.314981974813808,-389.17698615167495,73,49,A段 主题
Shen Wenyu,143,13.846496766666666,18.413424036281178,18.532178876438202,-118.75484015702398,78,49,A段 主题
Shen Wenyu,144,14.0131635,18.692063492063493,18.755245964592984,-63.1824725294905,80,49,A段 主题
Shen Wenyu,145,14.182023216666666,19.249342403628116,18.981248146012963,268.0942576151537,85,49,A段 主题
Shen Wenyu,146,15.788383508333332,20.619319727891156,21.131203962767948,-511.884234876792,69,49,A段 主题
Shen Wenyu,147,15.788383508333332,20.619319727891156,21.131203962767948,-511.884234876792,73,49,A段 主题
Shen Wenyu,148,15.788383508333332,20.619319727891156,21.131203962767948,-511.884234876792,81,49,A段 主题
Shen Wenyu,149,15.788383508333332,20.619319727891156,21.131203962767948,-511.884234876792,33,49,A段 主题
Shen Wenyu,150,16.57785750833333,21.73387755102041,22.187837538237975,-453.9599872175657,57,49,A段 主题
Shen Wenyu,151,16.57785750833333,21.73387755102041,22.187837538237975,-453.9599872175657,61,49,A段 主题
Shen Wenyu,152,16.57785750833333,21.73387755102041,22.187837538237975,-453.9599872175657,52,49,A段 主题
Shen Wenyu,153,16.84101550833333,22.6162358276644,22.54004873006132,76.18709760308207,57,49,A段 主题
Shen Wenyu,154,16.84101550833333,22.6162358276644,22.54004873006132,76.18709760308207,61,49,A段 主题
Shen Wenyu,155,16.84101550833333,22.6162358276644,22.54004873006132,76.18709760308207,54,49,A段 主题
Shen Wenyu,156,17.104173508333332,22.84843537414966,22.892259921884662,-43.824547735002994,52,49,A段 主题
Shen Wenyu,157,17.367331508333333,23.127074829931974,23.244471113708006,-117.3962837760314,57,49,A段 主题
Shen Wenyu,158,17.367331508333333,23.127074829931974,23.244471113708006,-117.3962837760314,61,49,A段 主题
Shen Wenyu,159,17.367331508333333,23.127074829931974,23.244471113708006,-117.3962837760314,54,49,A段 主题
Shen Wenyu,160,17.630489508333334,23.591473922902495,23.59668230553135,-5.20838262885448,52,49,A段 主题
Shen Wenyu,161,17.89364750833333,24.171972789115646,23.948893497354685,223.07929176096053,45,49,A段 主题
Shen Wenyu,162,18.683121508333333,24.729251700680273,25.005527072824716,-276.2753721444433,57,49,A段 主题
Shen Wenyu,163,18.683121508333333,24.729251700680273,25.005527072824716,-276.2753721444433,61,49,A段 主题
Shen Wenyu,164,18.683121508333333,24.729251700680273,25.005527072824716,-276.2753721444433,52,49,A段 主题
Shen Wenyu,165,18.946279508333333,25.054331065759637,25.35773826464806,-303.40719888842216,57,49,A段 主题
Shen Wenyu,166,18.946279508333333,25.054331065759637,25.35773826464806,-303.40719888842216,61,49,A段 主题
Shen Wenyu,167,18.946279508333333,25.054331065759637,25.35773826464806,-303.40719888842216,54,49,A段 主题
Shen Wenyu,168,19.20943750833333,25.63482993197279,25.7099494564714,-75.1195244986107,52,49,A段 主题
Shen Wenyu,169,19.47259550833333,25.913469387755104,26.062160648294743,-148.6912605396391,57,49,A段 主题
Shen Wenyu,170,19.47259550833333,25.913469387755104,26.062160648294743,-148.6912605396391,61,49,A段 主题
Shen Wenyu,171,19.47259550833333,25.913469387755104,26.062160648294743,-148.6912605396391,54,49,A段 主题
Shen Wenyu,172,19.73575350833333,26.470748299319727,26.414371840118086,56.37645920164047,52,49,A段 主题
Shen Wenyu,173,19.998911508333332,26.888707482993198,26.76658303194143,122.12445105176783,64,80,A段 主题
Shen Wenyu,174,19.998911508333332,26.888707482993198,26.76658303194143,122.12445105176783,45,80,A段 主题
Shen Wenyu,175,20.78838550833333,27.654965986394558,27.823216607411453,-168.25062101689525,66,80,A段 主题
Shen Wenyu,176,20.78838550833333,27.654965986394558,27.823216607411453,-168.25062101689525,52,80,A段 主题
Shen Wenyu,177,21.05154350833333,28.142585034013607,28.175427799234797,-32.84276522119001,69,80,A段 主题
Shen Wenyu,178,21.05154350833333,28.142585034013607,28.175427799234797,-32.84276522119001,57,80,A段 主题
Shen Wenyu,179,21.05154350833333,28.142585034013607,28.175427799234797,-32.84276522119001,61,80,A段 主题
Shen Wenyu,180,21.314701508333332,28.398004535147393,28.52763899105814,-129.63445591074674,71,80,A段 主题
Shen Wenyu,181,21.577859508333333,28.93206349206349,28.879850182881484,52.21330918200806,73,80,A段 主题
Shen Wenyu,182,21.577859508333333,28.93206349206349,28.879850182881484,52.21330918200806,44,80,A段 主题
Shen Wenyu,183,21.84101750833333,29.210702947845807,29.232061374704823,-21.358426859016788,76,80,A段 主题
Shen Wenyu,184,22.104175508333334,29.53578231292517,29.58427256652817,-48.49025360299919,78,80,A段 主题
Shen Wenyu,185,22.104175508333334,29.53578231292517,29.58427256652817,-48.49025360299919,42,80,A段 主题
Shen Wenyu,186,22.893649508333333,30.418140589569163,30.640906141998194,-222.7655524290313,66,80,A段 主题
Shen Wenyu,187,22.893649508333333,30.418140589569163,30.640906141998194,-222.7655524290313,69,80,A段 主题
Shen Wenyu,188,22.893649508333333,30.418140589569163,30.640906141998194,-222.7655524290313,54,80,A段 主题
Shen Wenyu,189,23.156807508333333,30.928979591836736,30.993117333821537,-64.13774198480127,66,80,A段 主题
Shen Wenyu,190,23.156807508333333,30.928979591836736,30.993117333821537,-64.13774198480127,69,80,A段 主题
Shen Wenyu,191,23.156807508333333,30.928979591836736,30.993117333821537,-64.13774198480127,57,80,A段 主题
Shen Wenyu,192,23.419965508333334,31.230839002267572,31.34532852564488,-114.48952337730844,59,80,A段 主题
Shen Wenyu,193,23.68312350833333,31.648798185941043,31.69753971746822,-48.74153152717753,66,80,A段 主题
Shen Wenyu,194,23.68312350833333,31.648798185941043,31.69753971746822,-48.74153152717753,69,80,A段 主题
Shen Wenyu,195,23.68312350833333,31.648798185941043,31.69753971746822,-48.74153152717753,61,80,A段 主题
Shen Wenyu,196,23.946281508333332,32.02031746031746,32.04975090929156,-29.43344897410327,64,80,A段 主题
Shen Wenyu,197,24.209439508333332,32.25251700680272,32.401962101114904,-149.44509431218478,78,80,A段 主题
Shen Wenyu,198,24.209439508333332,32.25251700680272,32.401962101114904,-149.44509431218478,54,80,A段 主题
Shen Wenyu,199,24.47259750833333,32.74013605442177,32.75417329293825,-14.037238516479533,81,80,A段 主题
Shen Wenyu,200,24.47259750833333,32.74013605442177,32.75417329293825,-14.037238516479533,61,80,A段 主题
Shen Wenyu,201,24.53838700833333,32.74013605442177,32.84222609089408,-102.09003647231185,83,80,A段 主题
Shen Wenyu,202,24.60417650833333,33.08843537414966,32.93027888884992,158.1564852997417,81,80,A段 主题
Shen Wenyu,203,24.735755508333334,33.08843537414966,33.10638448476159,-17.949110611930053,66,80,A段 主题
Shen Wenyu,204,24.735755508333334,33.08843537414966,33.10638448476159,-17.949110611930053,69,80,A段 主题
Shen Wenyu,205,24.99891350833333,33.08843537414966,33.458595676584935,-370.16030243527354,78,80,A段 主题
Shen Wenyu,206,25.26207150833333,33.85469387755102,33.81080686840828,43.88700914274324,76,80,A段 主题
Shen Wenyu,207,25.26207150833333,33.85469387755102,33.81080686840828,43.88700914274324,49,80,A段 主题
Shen Wenyu,208,25.525229508333332,34.08689342403628,34.16301806023162,-76.12463619533827,73,80,A段 主题
Shen Wenyu,209,25.788387508333333,34.5512925170068,34.515229252054965,36.063264951835095,76,80,A段 主题
Shen Wenyu,210,25.788387508333333,34.5512925170068,34.515229252054965,36.063264951835095,59,80,A段 主题
Shen Wenyu,211,25.85417700833333,34.5512925170068,34.6032820500108,-51.989533003997224,61,80,A段 主题
Shen Wenyu,212,25.91996650833333,34.76027210884354,34.69133484796663,68.93726087690766,68,80,A段 主题
Shen Wenyu,213,26.31470350833333,34.9924716553288,35.219651635701645,-227.1799803728456,78,80,A段 主题
Shen Wenyu,214,26.31470350833333,34.9924716553288,35.219651635701645,-227.1799803728456,54,80,A段 主题
Shen Wenyu,215,26.57786150833333,35.5265306122449,35.57186282752499,-45.33221528009079,81,80,A段 主题
Shen Wenyu,216,26.57786150833333,35.5265306122449,35.57186282752499,-45.33221528009079,61,80,A段 主题
Shen Wenyu,217,26.643651008333332,35.735510204081635,35.65991562548083,75.59457860080698,83,80,A段 主题
Shen Wenyu,218,26.70944050833333,35.735510204081635,35.74796842343666,-12.458219355025335,81,80,A段 主题
Shen Wenyu,219,26.841019508333332,35.99092970521542,35.92407401934833,66.85568586708968,66,80,A段 主题
Shen Wenyu,220,26.841019508333332,35.99092970521542,35.92407401934833,66.85568586708968,69,80,A段 主题
Shen Wenyu,221,27.104177508333333,36.22312925170068,36.276285211171675,-53.15595947099183,78,80,A段 主题
Shen Wenyu,222,27.367335508333333,36.45532879818594,36.62849640299502,-173.16760480908044,76,80,A段 主题
Shen Wenyu,223,27.367335508333333,36.45532879818594,36.62849640299502,-173.16760480908044,49,80,A段 主题
Shen Wenyu,224,27.63049350833333,36.826848072562356,36.980707594818355,-153.85952225599908,73,80,A段 主题
Shen Wenyu,225,27.893651508333335,37.1287074829932,37.332918786641706,-204.21130364850626,76,80,A段 主题
Shen Wenyu,226,27.893651508333335,37.1287074829932,37.332918786641706,-204.21130364850626,59,80,A段 主题
Shen Wenyu,227,27.959441008333332,37.430566893424036,37.42097158459754,9.595308826497728,61,80,A段 主题
Shen Wenyu,228,28.02523050833333,37.63954648526077,37.50902438255337,130.5221027074026,68,80,A段 主题
Shen Wenyu,229,28.419967508333333,37.918185941043085,38.037341170288386,-119.15522924530109,78,80,A段 主题
Shen Wenyu,230,28.419967508333333,37.918185941043085,38.037341170288386,-119.15522924530109,54,80,A段 主题
Shen Wenyu,231,28.683125508333333,38.38258503401361,38.38955236211173,-6.967328098120618,81,80,A段 主题
Shen Wenyu,232,28.683125508333333,38.38258503401361,38.38955236211173,-6.967328098120618,61,80,A段 主题
Shen Wenyu,233,28.748915008333334,38.38258503401361,38.47760516006757,-95.02012605396004,83,80,A段 主题
Shen Wenyu,234,28.81470450833333,38.730884353741494,38.5656579580234,165.2263957180935,81,80,A段 主题
Shen Wenyu,235,28.94628350833333,38.730884353741494,38.741763553935066,-10.879200193571137,66,80,A段 主题
Shen Wenyu,236,28.94628350833333,38.730884353741494,38.741763553935066,-10.879200193571137,69,80,A段 主题
Shen Wenyu,237,29.209441508333335,39.07918367346939,39.093974745758416,-14.791072289028762,78,80,A段 主题
Shen Wenyu,238,29.47259950833333,39.381043083900224,39.44618593758175,-65.14285368152883,76,80,A段 主题
Shen Wenyu,239,29.47259950833333,39.381043083900224,39.44618593758175,-65.14285368152883,61,80,A段 主题
Shen Wenyu,240,29.47259950833333,39.381043083900224,39.44618593758175,-65.14285368152883,64,80,A段 主题
Shen Wenyu,241,29.47259950833333,39.381043083900224,39.44618593758175,-65.14285368152883,68,80,A段 主题
Shen Wenyu,242,29.735757508333332,39.82222222222222,39.798397129405096,23.82509281712686,73,80,A段 主题
Shen Wenyu,243,29.998915508333333,40.07764172335601,40.15060832122844,-72.96659787242987,76,80,A段 主题
Shen Wenyu,244,29.998915508333333,40.07764172335601,40.15060832122844,-72.96659787242987,59,80,A段 主题
Shen Wenyu,245,30.26207350833333,40.333061224489796,40.50281951305178,-169.7582885619866,78,80,A段 主题
Shen Wenyu,246,30.525231508333334,40.96,40.855030704875126,104.9692951248744,73,80,A段 主题
Shen Wenyu,247,30.525231508333334,40.96,40.855030704875126,104.9692951248744,57,80,A段 主题
Shen Wenyu,248,30.525231508333334,40.96,40.855030704875126,104.9692951248744,61,80,A段 主题
Shen Wenyu,249,30.525231508333334,40.96,40.855030704875126,104.9692951248744,64,80,A段 主题
Shen Wenyu,250,31.314705508333333,41.56371882086168,41.91166428034516,-347.9454594834763,64,80,A段 主题
Shen Wenyu,251,31.57786350833333,42.237097505668935,42.26387547216849,-26.77796649955866,66,80,A段 主题
Shen Wenyu,252,31.57786350833333,42.237097505668935,42.26387547216849,-26.77796649955866,57,80,A段 主题
Shen Wenyu,253,31.57786350833333,42.237097505668935,42.26387547216849,-26.77796649955866,61,80,A段 主题
Shen Wenyu,254,31.57786350833333,42.237097505668935,42.26387547216849,-26.77796649955866,54,80,A段 主题
Shen Wenyu,255,31.841021508333334,42.4692970521542,42.616086663991844,-146.78961183764727,68,80,A段 主题
Shen Wenyu,256,32.10417950833333,42.98013605442177,42.96829785581518,11.838198606589856,66,80,A段 主题
Shen Wenyu,257,32.10417950833333,42.98013605442177,42.96829785581518,11.838198606589856,52,80,A段 主题
Shen Wenyu,258,32.367337508333335,43.21233560090703,43.32050904763853,-108.17344673149876,64,80,A段 主题
Shen Wenyu,259,32.63049550833333,43.51419501133787,43.67272023946187,-158.52522812399883,73,80,A段 主题
Shen Wenyu,260,32.63049550833333,43.51419501133787,43.67272023946187,-158.52522812399883,49,80,A段 主题
Shen Wenyu,261,32.89365350833333,43.95537414965986,44.024931431285204,-69.55728162534314,76,80,A段 主题
Shen Wenyu,262,32.89365350833333,43.95537414965986,44.024931431285204,-69.55728162534314,56,80,A段 主题
Shen Wenyu,263,32.95944300833333,44.18757369614512,44.11298422924104,74.58946690407942,78,80,A段 主题
Shen Wenyu,264,33.02523250833333,44.18757369614512,44.201037027196875,-13.463331051752903,76,80,A段 主题
Shen Wenyu,265,33.156811508333334,44.46621315192744,44.377142623108554,89.07052881888688,61,80,A段 主题
Shen Wenyu,266,33.156811508333334,44.46621315192744,44.377142623108554,89.07052881888688,64,80,A段 主题
Shen Wenyu,267,33.41996950833333,44.95383219954648,44.72935381493189,224.47838461459213,73,80,A段 主题
Shen Wenyu,268,33.683127508333335,45.186031746031745,45.08156500675524,104.46673927650352,71,80,A段 主题
Shen Wenyu,269,33.683127508333335,45.186031746031745,45.08156500675524,104.46673927650352,50,80,A段 主题
Shen Wenyu,270,33.94628550833333,45.44145124716553,45.43377619857858,7.675048586953892,69,80,A段 主题
Shen Wenyu,271,34.20944350833333,45.65043083900227,45.785987390401914,-135.5565513996453,71,80,A段 主题
Shen Wenyu,272,34.20944350833333,45.65043083900227,45.785987390401914,-135.5565513996453,59,80,A段 主题
Shen Wenyu,273,34.27523300833333,45.905850340136055,45.87404018835775,31.810151778302043,64,80,A段 主题
Shen Wenyu,274,34.34102250833333,46.13804988662132,45.96209298631359,175.9569003077246,66,80,A段 主题
Shen Wenyu,275,34.73575950833333,46.41668934240363,46.4904097740486,-73.720431644972,73,80,A段 主题
Shen Wenyu,276,34.73575950833333,46.41668934240363,46.4904097740486,-73.720431644972,49,80,A段 主题
Shen Wenyu,277,34.998917508333335,46.9275283446712,46.84262096587195,84.90737879925092,76,80,A段 主题
Shen Wenyu,278,34.998917508333335,46.9275283446712,46.84262096587195,84.90737879925092,56,80,A段 主题
Shen Wenyu,279,35.06470700833333,46.9275283446712,46.93067376382778,-3.1454191565742917,78,80,A段 主题
Shen Wenyu,280,35.13049650833333,46.9275283446712,47.018726561783616,-91.19821711241372,76,80,A段 主题
Shen Wenyu,281,35.26207550833333,47.18294784580499,47.19483215769529,-11.884311890298704,61,80,A段 主题
Shen Wenyu,282,35.26207550833333,47.18294784580499,47.19483215769529,-11.884311890298704,64,80,A段 主题
Shen Wenyu,283,35.52523350833333,47.4615873015873,47.54704334951863,-85.45604793133066,73,80,A段 主题
Shen Wenyu,284,35.78839150833333,47.925986394557825,47.899254541341975,26.73185321584981,71,80,A段 主题
Shen Wenyu,285,35.78839150833333,47.925986394557825,47.899254541341975,26.73185321584981,50,80,A段 主题
Shen Wenyu,286,36.05154950833333,48.15818594104309,48.25146573316532,-93.2797921222317,69,80,A段 主题
Shen Wenyu,287,36.314707508333335,48.41360544217687,48.60367692498866,-190.07148281178843,71,80,A段 主题
Shen Wenyu,288,36.314707508333335,48.41360544217687,48.60367692498866,-190.07148281178843,59,80,A段 主题
Shen Wenyu,289,36.38049700833333,48.66902494331066,48.691729722944494,-22.704779633833994,64,80,A段 主题
Shen Wenyu,290,36.44628650833333,48.66902494331066,48.779782520900326,-110.75757758966631,66,80,A段 主题
Shen Wenyu,291,36.84102350833333,49.04054421768708,49.30809930863534,-267.5550909482638,73,80,A段 主题
Shen Wenyu,292,36.84102350833333,49.04054421768708,49.30809930863534,-267.5550909482638,49,80,A段 主题
Shen Wenyu,293,37.10418150833333,49.48172335600907,49.66031050045869,-178.58714444962231,76,80,A段 主题
Shen Wenyu,294,37.10418150833333,49.48172335600907,49.66031050045869,-178.58714444962231,56,80,A段 主题
Shen Wenyu,295,37.169971008333334,49.783582766439906,49.748363298414525,35.21946802538167,78,80,A段 主题
Shen Wenyu,296,37.235760508333335,49.783582766439906,49.836416096370364,-52.83332993045775,76,80,A段 主题
Shen Wenyu,297,37.36733950833333,50.03900226757369,50.01252169228203,26.480575291664366,61,80,A段 主题
Shen Wenyu,298,37.36733950833333,50.03900226757369,50.01252169228203,26.480575291664366,64,80,A段 主题
Shen Wenyu,299,37.630497508333335,50.29442176870748,50.36473288410537,-70.31111539789237,73,80,A段 主题
Shen Wenyu,300,37.89365550833333,50.758820861678004,50.716944075928716,41.8767857492881,71,80,A段 主题
Shen Wenyu,301,37.89365550833333,50.758820861678004,50.716944075928716,41.8767857492881,52,80,A段 主题
Shen Wenyu,302,37.89365550833333,50.758820861678004,50.716944075928716,41.8767857492881,59,80,A段 主题
Shen Wenyu,303,37.89365550833333,50.758820861678004,50.716944075928716,41.8767857492881,62,80,A段 主题
Shen Wenyu,304,38.15681350833333,51.06068027210885,51.06915526775205,-8.474995643204863,68,80,A段 主题
Shen Wenyu,305,38.41997150833333,51.316099773242634,51.4213664595754,-105.2666863327687,64,80,A段 主题
Shen Wenyu,306,38.41997150833333,51.316099773242634,51.4213664595754,-105.2666863327687,54,80,A段 主题
Shen Wenyu,307,38.68312950833333,51.78049886621315,51.77357765139874,6.921214814411769,66,80,A段 主题
Shen Wenyu,308,38.946287508333334,52.291337868480724,52.12578884322209,165.54902525863469,69,80,A段 主题
Shen Wenyu,309,38.946287508333334,52.291337868480724,52.12578884322209,165.54902525863469,45,80,A段 主题
Shen Wenyu,310,39.73576150833333,52.75573696145125,53.18242241869211,-426.6854572408647,57,80,A段 主题
Shen Wenyu,311,39.73576150833333,52.75573696145125,53.18242241869211,-426.6854572408647,61,80,A段 主题
Shen Wenyu,312,39.73576150833333,52.75573696145125,53.18242241869211,-426.6854572408647,52,80,A段 主题
Shen Wenyu,313,39.99891950833333,53.40589569160998,53.53463361051545,-128.73791890547182,57,80,A段 主题
Shen Wenyu,314,39.99891950833333,53.40589569160998,53.53463361051545,-128.73791890547182,61,80,A段 主题
Shen Wenyu,315,39.99891950833333,53.40589569160998,53.53463361051545,-128.73791890547182,54,80,A段 主题
Shen Wenyu,316,40.262077508333334,53.84707482993197,53.8868448023388,-39.769972406830334,52,80,A段 主题
Shen Wenyu,317,40.52523550833333,54.102494331065756,54.239055994162136,-136.56166309637996,57,80,A段 主题
Shen Wenyu,318,40.52523550833333,54.102494331065756,54.239055994162136,-136.56166309637996,61,80,A段 主题
Shen Wenyu,319,40.52523550833333,54.102494331065756,54.239055994162136,-136.56166309637996,54,80,A段 主题
Shen Wenyu,320,40.788393508333336,54.590113378684805,54.59126718598549,-1.1538073006818195,52,80,A段 主题
Shen Wenyu,321,41.05155150833333,54.868752834467124,54.94347837780882,-74.72554334169956,57,80,A段 主题
Shen Wenyu,322,41.05155150833333,54.868752834467124,54.94347837780882,-74.72554334169956,62,80,A段 主题
Shen Wenyu,323,41.05155150833333,54.868752834467124,54.94347837780882,-74.72554334169956,66,80,A段 主题
Shen Wenyu,324,41.05155150833333,54.868752834467124,54.94347837780882,-74.72554334169956,69,80,A段 主题
Shen Wenyu,325,41.05155150833333,54.868752834467124,54.94347837780882,-74.72554334169956,45,80,A段 主题
Shen Wenyu,326,41.05155150833333,54.868752834467124,54.94347837780882,-74.72554334169956,50,80,A段 主题
Shen Wenyu,327,41.31470950833333,55.12417233560091,55.29568956963217,-171.5172340312563,57,80,A段 主题
Shen Wenyu,328,41.577867508333334,55.58857142857143,55.64790076145551,-59.32933288408293,59,80,A段 主题
Shen Wenyu,329,41.84102550833333,55.86721088435374,56.000111953278854,-132.90106892511488,69,80,A段 主题
Shen Wenyu,330,41.84102550833333,55.86721088435374,56.000111953278854,-132.90106892511488,74,80,A段 主题
Shen Wenyu,331,41.84102550833333,55.86721088435374,56.000111953278854,-132.90106892511488,78,80,A段 主题
Shen Wenyu,332,41.84102550833333,55.86721088435374,56.000111953278854,-132.90106892511488,66,80,A段 主题
Shen Wenyu,333,42.104183508333335,56.37804988662131,56.3523231451022,25.726741519115137,74,80,A段 主题
Shen Wenyu,334,42.104183508333335,56.37804988662131,56.3523231451022,25.726741519115137,78,80,A段 主题
Shen Wenyu,335,42.104183508333335,56.37804988662131,56.3523231451022,25.726741519115137,69,80,A段 主题
Shen Wenyu,336,42.36734150833333,56.610249433106574,56.70453433692553,-94.28490381895926,71,80,A段 主题
Shen Wenyu,337,42.63049950833333,57.19074829931973,57.05674552874888,134.0027705708522,74,80,A段 主题
Shen Wenyu,338,42.63049950833333,57.19074829931973,57.05674552874888,134.0027705708522,78,80,A段 主题
Shen Wenyu,339,42.63049950833333,57.19074829931973,57.05674552874888,134.0027705708522,69,80,A段 主题
Shen Wenyu,340,42.893657508333334,57.446167800453516,57.40895672057222,37.21107988129546,66,80,A段 主题
Shen Wenyu,341,43.15681550833333,57.67836734693878,57.761167912395564,-82.80056545678605,57,80,A段 主题
Shen Wenyu,342,43.15681550833333,57.67836734693878,57.761167912395564,-82.80056545678605,61,80,A段 主题
Shen Wenyu,343,43.15681550833333,57.67836734693878,57.761167912395564,-82.80056545678605,64,80,A段 主题
Shen Wenyu,344,43.15681550833333,57.67836734693878,57.761167912395564,-82.80056545678605,69,80,A段 主题
Shen Wenyu,345,43.15681550833333,57.67836734693878,57.761167912395564,-82.80056545678605,45,80,A段 主题
Shen Wenyu,346,43.15681550833333,57.67836734693878,57.761167912395564,-82.80056545678605,52,80,A段 主题
Shen Wenyu,347,43.419973508333335,58.16598639455783,58.11337910421891,52.6072903389192,59,77,A段 主题
Shen Wenyu,348,43.68313150833333,58.42140589569161,58.46559029604225,-44.18440035063753,61,73,A段 主题
Shen Wenyu,349,43.94628950833333,58.6768253968254,58.81780148786559,-140.97609104018716,69,69,A段 主题
Shen Wenyu,350,43.94628950833333,58.6768253968254,58.81780148786559,-140.97609104018716,73,69,A段 主题
Shen Wenyu,351,43.94628950833333,58.6768253968254,58.81780148786559,-140.97609104018716,76,69,A段 主题
Shen Wenyu,352,43.94628950833333,58.6768253968254,58.81780148786559,-140.97609104018716,64,69,A段 主题
Shen Wenyu,353,44.209447508333334,59.28054421768707,59.17001267968894,110.53153799813487,73,65,A段 主题
Shen Wenyu,354,44.209447508333334,59.28054421768707,59.17001267968894,110.53153799813487,76,65,A段 主题
Shen Wenyu,355,44.209447508333334,59.28054421768707,59.17001267968894,110.53153799813487,69,65,A段 主题
Shen Wenyu,356,44.47260550833333,59.48952380952381,59.522223871512274,-32.70006198846431,71,61,A段 主题
Shen Wenyu,357,44.735763508333335,59.8378231292517,59.874435063335625,-36.61193408392194,73,57,A段 主题
Shen Wenyu,358,44.735763508333335,59.8378231292517,59.874435063335625,-36.61193408392194,76,57,A段 主题
Shen Wenyu,359,44.735763508333335,59.8378231292517,59.874435063335625,-36.61193408392194,69,57,A段 主题
Shen Wenyu,360,44.99892150833333,60.30222222222222,60.22664625515896,75.57596706325853,64,53,A段 主题
Shen Wenyu,361,45.26207950833333,60.58086167800454,60.5788574469823,2.0042310222407878,81,49,A段 主题
Shen Wenyu,362,45.52523750833333,60.78984126984127,60.93106863880565,-141.2273689643797,83,49,A段 主题
Shen Wenyu,363,45.52523750833333,60.78984126984127,60.93106863880565,-141.2273689643797,69,49,A段 主题
Shen Wenyu,364,45.78839550833333,61.39356009070295,61.283279830628985,110.28026007396363,73,49,A段 主题
Shen Wenyu,365,46.051553508333335,61.62575963718821,61.635491022452335,-9.731385264124981,85,49,A段 主题
Shen Wenyu,366,46.051553508333335,61.62575963718821,61.635491022452335,-9.731385264124981,76,49,A段 主题
Shen Wenyu,367,46.31471150833333,61.92761904761905,61.98770221427567,-60.08316665662505,90,49,A段 主题
Shen Wenyu,368,46.31471150833333,61.92761904761905,61.98770221427567,-60.08316665662505,68,49,A段 主题
Shen Wenyu,369,46.57786950833333,62.252698412698415,62.339913406099015,-87.21499340060035,88,49,A段 主题
Shen Wenyu,370,46.57786950833333,62.252698412698415,62.339913406099015,-87.21499340060035,69,49,A段 主题
Shen Wenyu,371,46.84102750833333,62.74031746031746,62.69212459792236,48.192862395104896,85,49,A段 主题
Shen Wenyu,372,46.84102750833333,62.74031746031746,62.69212459792236,48.192862395104896,73,49,A段 主题
Shen Wenyu,373,47.10418550833333,62.97251700680272,63.044335789745695,-71.81878294297661,76,49,A段 主题
Shen Wenyu,374,47.367343508333335,63.43691609977324,63.396546981569045,40.36911820419675,93,49,A段 主题
Shen Wenyu,375,47.367343508333335,63.43691609977324,63.396546981569045,40.36911820419675,66,49,A段 主题
Shen Wenyu,376,47.63050150833333,63.715555555555554,63.74875817339238,-33.2026178368281,69,49,A段 主题
Shen Wenyu,377,47.893659508333336,63.947755102040816,64.10096936521573,-153.2142631749167,73,49,A段 主题
Shen Wenyu,378,48.15681750833333,64.48181405895691,64.45318055703908,28.63350191783809,88,49,A段 主题
Shen Wenyu,379,48.15681750833333,64.48181405895691,64.45318055703908,28.63350191783809,76,49,A段 主题
Shen Wenyu,380,48.41997550833334,64.78367346938775,64.80539174886242,-21.71827947466909,90,49,A段 主题
Shen Wenyu,381,48.41997550833334,64.78367346938775,64.80539174886242,-21.71827947466909,64,49,A段 主题
Shen Wenyu,382,48.683133508333334,65.01587301587301,65.15760294068576,-141.7299248127506,78,49,A段 主题
Shen Wenyu,383,48.683133508333334,65.01587301587301,65.15760294068576,-141.7299248127506,69,49,A段 主题
Shen Wenyu,384,48.748923008333335,65.24807256235827,65.2456557386416,2.4168237166719564,80,49,A段 主题
Shen Wenyu,385,48.814712508333336,65.24807256235827,65.33370853659743,-85.63597423915326,78,49,A段 主题
Shen Wenyu,386,48.94629150833333,65.52671201814059,65.50981413250909,16.897885631493637,76,49,A段 主题
Shen Wenyu,387,48.94629150833333,65.52671201814059,65.50981413250909,16.897885631493637,73,49,A段 主题
Shen Wenyu,388,49.209449508333336,65.8053514739229,65.86202532433245,-56.67385040955253,78,49,A段 主题
Shen Wenyu,389,49.209449508333336,65.8053514739229,65.86202532433245,-56.67385040955253,76,49,A段 主题
Shen Wenyu,390,49.47260750833333,66.06077097505668,66.21423651615578,-153.46554109909505,93,49,A段 主题
Shen Wenyu,391,49.47260750833333,66.06077097505668,66.21423651615578,-153.46554109909505,61,49,A段 主题
Shen Wenyu,392,49.73576550833334,66.57160997732426,66.56644770797914,5.162269345120762,88,49,A段 主题
Shen Wenyu,393,49.73576550833334,66.57160997732426,66.56644770797914,5.162269345120762,64,49,A段 主题
Shen Wenyu,394,49.998923508333334,66.87346938775511,66.91865889980247,-45.189512047357994,66,49,A段 主题
Shen Wenyu,395,50.26208150833333,67.10566893424036,67.27087009162581,-165.2011573854537,92,49,A段 主题
Shen Wenyu,396,50.26208150833333,67.10566893424036,67.27087009162581,-165.2011573854537,69,49,A段 主题
Shen Wenyu,397,50.525239508333335,67.662947845805,67.62308128344915,39.866562355840074,90,49,A段 主题
Shen Wenyu,398,50.525239508333335,67.662947845805,67.62308128344915,39.866562355840074,73,49,A段 主题
Shen Wenyu,399,50.78839750833333,68.08090702947845,67.9752924752725,105.61455420595678,76,49,A段 主题
Shen Wenyu,400,51.05155550833334,68.42920634920635,68.32750366709584,101.70268211051336,88,49,A段 主题
Shen Wenyu,401,51.05155550833334,68.42920634920635,68.32750366709584,101.70268211051336,78,49,A段 主题
Shen Wenyu,402,51.314713508333334,68.68462585034014,68.67971485891918,4.910991420956634,81,49,A段 主题
Shen Wenyu,403,51.57787150833333,68.94004535147393,69.03192605074253,-91.8806992686001,85,49,A段 主题
Shen Wenyu,404,51.57787150833333,68.94004535147393,69.03192605074253,-91.8806992686001,61,49,A段 主题
Shen Wenyu,405,51.57787150833333,68.94004535147393,69.03192605074253,-91.8806992686001,68,49,A段 主题
Shen Wenyu,406,51.57787150833333,68.94004535147393,69.03192605074253,-91.8806992686001,73,49,A段 主题
Shen Wenyu,407,51.64256451666667,69.21868480725624,69.11851130206577,100.17350519046886,86,49,A段 主题
Shen Wenyu,408,51.70835401666667,69.21868480725624,69.2065641000216,12.120707234643646,85,49,A段 主题
Shen Wenyu,409,51.773047025000004,69.21868480725624,69.29314935134484,-74.46454408859893,86,49,A段 主题
Shen Wenyu,410,51.841029508333335,69.5437641723356,69.38413724256587,159.62692976972903,85,49,A段 主题
Shen Wenyu,411,51.905722516666664,69.5437641723356,69.4707224938891,73.04167844650067,86,49,A段 主题
Shen Wenyu,412,51.971512016666665,69.5437641723356,69.55877529184494,-15.011119509338755,85,49,A段 主题
Shen Wenyu,413,52.036205025,69.5437641723356,69.64536054316818,-101.59637083258133,86,49,A段 主题
Shen Wenyu,414,52.10418750833333,69.77596371882086,69.73634843438921,39.615284431647524,85,49,A段 主题
Shen Wenyu,415,52.16888051666667,69.77596371882086,69.82293368571244,-46.96996689158084,86,49,A段 主题
Shen Wenyu,416,52.23467001666667,69.77596371882086,69.91098648366828,-135.02276484742026,85,49,A段 主题
Shen Wenyu,417,52.299363025,70.17070294784581,69.99757173499152,173.1312128542868,86,49,A段 主题
Shen Wenyu,418,52.36734550833334,70.17070294784581,70.08855962621256,82.14332163325366,85,49,A段 主题
Shen Wenyu,419,52.36734550833334,70.17070294784581,70.08855962621256,82.14332163325366,76,49,A段 主题
Shen Wenyu,420,52.432038516666665,70.17070294784581,70.17514487753579,-4.4419296899747,86,49,A段 主题
Shen Wenyu,421,52.497828016666666,70.17070294784581,70.26319767549163,-92.49472764581412,85,49,A段 主题
Shen Wenyu,422,52.562521025,70.37968253968253,70.34978292681487,29.899612867666292,86,49,A段 主题
Shen Wenyu,423,52.630503508333334,70.37968253968253,70.4407708180359,-61.08827835336683,85,49,A段 主题
Shen Wenyu,424,52.630503508333334,70.37968253968253,70.4407708180359,-61.08827835336683,78,49,A段 主题
Shen Wenyu,425,52.69519651666667,70.63510204081632,70.52735606935913,107.74597145719156,86,49,A段 主题
Shen Wenyu,426,52.76098601666667,70.63510204081632,70.61540886731497,19.693173501352135,85,49,A段 主题
Shen Wenyu,427,52.825679025,70.63510204081632,70.70199411863821,-66.89207782189044,86,49,A段 主题
Shen Wenyu,428,52.89366150833333,70.86730158730158,70.79298200985923,74.31957744235262,85,49,A段 主题
Shen Wenyu,429,52.89366150833333,70.86730158730158,70.79298200985923,74.31957744235262,80,49,A段 主题
Shen Wenyu,430,52.95835451666667,70.86730158730158,70.87956726118247,-12.265673880889949,86,49,A段 主题
Shen Wenyu,431,53.02414401666667,70.86730158730158,70.96762005913831,-100.31847183672937,85,49,A段 主题
Shen Wenyu,432,53.088837025000004,71.09950113378684,71.05420531046155,45.29582332529003,86,49,A段 主题
Shen Wenyu,433,53.156819508333335,71.09950113378684,71.14519320168259,-45.692067895743094,85,49,A段 主题
Shen Wenyu,434,53.156819508333335,71.09950113378684,71.14519320168259,-45.692067895743094,78,49,A段 主题
Shen Wenyu,435,53.221512516666664,71.35492063492063,71.23177845300582,123.1421819148153,86,49,A段 主题
Shen Wenyu,436,53.287302016666665,71.35492063492063,71.31983125096166,35.08938395897587,85,49,A段 主题
Shen Wenyu,437,53.351995025,71.35492063492063,71.4064165022849,-51.4958673642667,86,49,A段 主题
Shen Wenyu,438,53.41997750833333,71.5871201814059,71.49740439350592,89.71578789997636,85,49,A段 主题
Shen Wenyu,439,53.41997750833333,71.5871201814059,71.49740439350592,89.71578789997636,76,49,A段 主题
Shen Wenyu,440,53.48467051666667,71.5871201814059,71.58398964482916,3.130536576733789,86,49,A段 主题
Shen Wenyu,441,53.55046001666667,71.5871201814059,71.672042442785,-84.92226137910563,85,49,A段 主题
Shen Wenyu,442,53.615153025,71.8657596371882,71.75862769410823,107.13194307997753,86,49,A段 主题
Shen Wenyu,443,53.683135508333336,71.8657596371882,71.84961558532926,16.144051858944408,83,49,A段 主题
Shen Wenyu,444,53.683135508333336,71.8657596371882,71.84961558532926,16.144051858944408,64,49,A段 主题
Shen Wenyu,445,53.683135508333336,71.8657596371882,71.84961558532926,16.144051858944408,66,49,A段 主题
Shen Wenyu,446,53.683135508333336,71.8657596371882,71.84961558532926,16.144051858944408,71,49,A段 主题
Shen Wenyu,447,53.94629350833333,72.09795918367347,72.2018267771526,-103.8675934791371,85,49,A段 主题
Shen Wenyu,448,54.20945150833333,72.58557823129252,72.55403796897595,31.540262316568146,88,49,A段 主题
Shen Wenyu,449,54.472609508333335,72.8409977324263,72.90624916079929,-65.25142837298858,83,49,A段 主题
Shen Wenyu,450,54.472609508333335,72.8409977324263,72.90624916079929,-65.25142837298858,62,49,A段 主题
Shen Wenyu,451,54.73576750833333,73.30539682539683,73.25846035262263,46.936472774191884,76,49,A段 主题
Shen Wenyu,452,54.73576750833333,73.30539682539683,73.25846035262263,46.936472774191884,80,49,A段 主题
Shen Wenyu,453,54.73576750833333,73.30539682539683,73.25846035262263,46.936472774191884,85,49,A段 主题
Shen Wenyu,454,54.73576750833333,73.30539682539683,73.25846035262263,46.936472774191884,61,49,A段 主题
Shen Wenyu,455,54.998925508333336,73.51437641723356,73.61067154444598,-96.2951272124144,68,49,A段 主题
Shen Wenyu,456,55.26208350833333,73.97877551020409,73.96288273626932,15.892773934766069,73,49,A段 主题
Shen Wenyu,457,55.52524150833333,74.23419501133787,74.31509392809265,-80.89891675477645,88,49,A段 主题
Shen Wenyu,458,55.788399508333335,74.72181405895692,74.66730511991601,54.50893904091458,80,49,A段 主题
Shen Wenyu,459,55.788399508333335,74.72181405895692,74.66730511991601,54.50893904091458,85,49,A段 主题
Shen Wenyu,460,55.788399508333335,74.72181405895692,74.66730511991601,54.50893904091458,64,49,A段 主题
Shen Wenyu,461,56.05155750833333,75.00045351473923,75.01951631173934,-19.06279700010316,68,49,A段 主题
Shen Wenyu,462,56.314715508333336,75.25587301587302,75.3717275035627,-115.8544876896741,71,49,A段 主题
Shen Wenyu,463,56.57787350833333,75.697052154195,75.72393869538602,-26.88654119101841,83,49,A段 主题
Shen Wenyu,464,56.57787350833333,75.697052154195,75.72393869538602,-26.88654119101841,73,49,A段 主题
Shen Wenyu,465,56.84103150833334,75.99891156462586,76.07614988720938,-77.23832258352559,73,49,A段 主题
Shen Wenyu,466,56.84103150833334,75.99891156462586,76.07614988720938,-77.23832258352559,78,49,A段 主题
Shen Wenyu,467,56.84103150833334,75.99891156462586,76.07614988720938,-77.23832258352559,66,49,A段 主题
Shen Wenyu,468,57.104189508333334,76.25433106575964,76.42836107903271,-174.0300132730681,69,49,A段 主题
Shen Wenyu,469,57.36734750833333,76.74195011337868,76.78057227085606,-38.62215747737707,71,49,A段 主题
Shen Wenyu,470,57.630505508333336,76.97414965986394,77.1327834626794,-158.63380281545858,73,49,A段 主题
Shen Wenyu,471,57.89366350833333,77.43854875283446,77.48499465450274,-46.44590166827811,81,49,A段 主题
Shen Wenyu,472,57.89366350833333,77.43854875283446,77.48499465450274,-46.44590166827811,88,49,A段 主题
Shen Wenyu,473,57.89366350833333,77.43854875283446,77.48499465450274,-46.44590166827811,61,49,A段 主题
Shen Wenyu,474,57.89366350833333,77.43854875283446,77.48499465450274,-46.44590166827811,64,49,A段 主题
Shen Wenyu,475,57.89366350833333,77.43854875283446,77.48499465450274,-46.44590166827811,69,49,A段 主题
Shen Wenyu,476,58.28840050833333,77.90294784580499,78.01331144223775,-110.36359643276228,90,49,A段 主题
Shen Wenyu,477,58.419979508333334,78.1815873015873,78.18941703814943,-7.829736562129597,88,49,A段 主题
Shen Wenyu,478,58.68313750833333,78.39056689342404,78.54162822997277,-151.06133654873588,81,49,A段 主题
Shen Wenyu,479,58.68313750833333,78.39056689342404,78.54162822997277,-151.06133654873588,85,49,A段 主题
Shen Wenyu,480,58.68313750833333,78.39056689342404,78.54162822997277,-151.06133654873588,64,49,A段 主题
Shen Wenyu,481,58.68313750833333,78.39056689342404,78.54162822997277,-151.06133654873588,69,49,A段 主题
Shen Wenyu,482,58.68313750833333,78.39056689342404,78.54162822997277,-151.06133654873588,73,49,A段 主题
Shen Wenyu,483,58.946295508333336,78.90140589569161,78.89383942179612,7.566473895494141,81,49,A段 主题
Shen Wenyu,484,58.946295508333336,78.90140589569161,78.89383942179612,7.566473895494141,85,49,A段 主题
Shen Wenyu,485,59.20945350833333,79.20326530612245,79.24605061361946,-42.78530749701304,88,49,A段 主题
Shen Wenyu,486,59.47261150833334,79.45868480725623,79.5982618054428,-139.57699818656977,76,49,A段 主题
Shen Wenyu,487,59.47261150833334,79.45868480725623,79.5982618054428,-139.57699818656977,83,49,A段 主题
Shen Wenyu,488,59.47261150833334,79.45868480725623,79.5982618054428,-139.57699818656977,66,49,A段 主题
Shen Wenyu,489,59.47261150833334,79.45868480725623,79.5982618054428,-139.57699818656977,71,49,A段 主题
Shen Wenyu,490,59.47261150833334,79.45868480725623,79.5982618054428,-139.57699818656977,74,49,A段 主题
Shen Wenyu,491,59.99892750833333,80.1320634920635,80.30268418908948,-170.62069702598137,76,49,A段 主题
Shen Wenyu,492,59.99892750833333,80.1320634920635,80.30268418908948,-170.62069702598137,81,49,A段 主题
Shen Wenyu,493,59.99892750833333,80.1320634920635,80.30268418908948,-170.62069702598137,69,49,A段 主题
Shen Wenyu,494,60.06362051666667,80.38748299319728,80.38926944041272,-1.7864472154371924,73,49,A段 主题
Shen Wenyu,495,60.262085508333335,80.64290249433107,80.65489538091283,-11.99288658176556,78,49,A段 主题
Shen Wenyu,496,60.52524350833333,80.89832199546485,81.00710657273616,-108.78457727130808,76,49,A段 主题
Shen Wenyu,497,60.78840150833334,81.43238095238095,81.35931776455952,73.0631878214325,73,49,A段 主题
Shen Wenyu,498,61.051559508333334,81.66458049886621,81.71152895638285,-46.94845751663479,69,49,B段 抒情
Shen Wenyu,499,61.31471750833333,81.94321995464853,82.0637401482062,-120.52019355766674,66,49,B段 抒情
Shen Wenyu,500,61.577875508333335,82.4540589569161,82.41595134002954,38.10761688656328,64,49,B段 抒情
Shen Wenyu,501,61.84103350833333,82.70947845804989,82.76816253185288,-58.68407380299345,61,49,B段 抒情
Shen Wenyu,502,62.10419150833334,82.94167800453515,83.12037372367622,-178.69571914107496,57,80,B段 抒情
Shen Wenyu,503,62.23577050833333,83.22031746031746,83.29647931958789,-76.16185927042807,69,33,B段 抒情
Shen Wenyu,504,62.367349508333334,83.47573696145125,83.47258491549957,3.1520459516798383,73,33,B段 抒情
Shen Wenyu,505,62.367349508333334,83.47573696145125,83.47258491549957,3.1520459516798383,59,59,B段 抒情
Shen Wenyu,506,62.498928508333336,83.70793650793651,83.64869051141125,59.24599652526297,76,33,B段 抒情
Shen Wenyu,507,62.63050750833333,83.70793650793651,83.82479610732291,-116.85959938640167,78,33,B段 抒情
Shen Wenyu,508,62.76208650833333,83.9633560090703,84.00090170323458,-37.54569416427955,81,33,B段 抒情
Shen Wenyu,509,62.893665508333335,84.3348752834467,84.17700729914625,157.86798430045224,85,33,B段 抒情
Shen Wenyu,510,62.893665508333335,84.3348752834467,84.17700729914625,157.86798430045224,61,59,B段 抒情
Shen Wenyu,511,63.02524450833334,84.3348752834467,84.35311289505792,-18.2376116112124,88,33,B段 抒情
Shen Wenyu,512,63.15682350833333,84.5902947845805,84.52921849096958,61.076293610909715,90,33,B段 抒情
Shen Wenyu,513,63.15682350833333,84.5902947845805,84.52921849096958,61.076293610909715,66,59,B段 抒情
Shen Wenyu,514,63.288402508333334,84.5902947845805,84.70532408688126,-115.02930230076913,88,33,B段 抒情
Shen Wenyu,515,63.419981508333336,84.82249433106576,84.88142968279294,-58.935351727186,85,33,B段 抒情
Shen Wenyu,516,63.419981508333336,84.82249433106576,84.88142968279294,-58.935351727186,64,59,B段 抒情
Shen Wenyu,517,63.55156050833333,85.10113378684807,85.0575352787046,43.59850814346089,81,33,B段 抒情
Shen Wenyu,518,63.68313950833333,85.35655328798185,85.23364087461627,122.912413365583,78,33,B段 抒情
Shen Wenyu,519,63.68313950833333,85.35655328798185,85.23364087461627,122.912413365583,61,59,B段 抒情
Shen Wenyu,520,63.814718508333335,85.35655328798185,85.40974647052795,-53.19318254609584,76,33,B段 抒情
Shen Wenyu,521,63.94629750833333,85.58875283446712,85.58585206643961,2.900768027501499,73,33,B段 抒情
Shen Wenyu,522,64.07787650833333,85.79773242630385,85.76195766235129,35.77476395255985,69,33,B段 抒情
Shen Wenyu,523,64.20945550833333,86.05315192743764,85.93806325826296,115.08866917468197,54,59,B段 抒情
Shen Wenyu,524,64.27414851666667,86.05315192743764,86.0246485095862,28.503417851439394,61,59,B段 抒情
Shen Wenyu,525,64.34103450833334,86.05315192743764,86.11416885417464,-61.01692673699688,73,33,B段 抒情
Shen Wenyu,526,64.34103450833334,86.05315192743764,86.11416885417464,-61.01692673699688,69,59,B段 抒情
Shen Wenyu,527,64.47261350833332,86.33179138321995,86.29027445008629,41.516933133664224,76,33,B段 抒情
Shen Wenyu,528,64.60419250833333,86.33179138321995,86.46638004599797,-134.58866277801462,78,33,B段 抒情
Shen Wenyu,529,64.73577150833333,86.7265306122449,86.64248564190964,84.04497033525615,81,33,B段 抒情
Shen Wenyu,530,64.86735050833333,86.7265306122449,86.81859123782131,-92.06062557640848,85,33,B段 抒情
Shen Wenyu,531,64.99892950833333,86.93551020408164,86.99469683373299,-59.18662965135013,88,33,B段 抒情
Shen Wenyu,532,64.99892950833333,86.93551020408164,86.99469683373299,-59.18662965135013,64,59,B段 抒情
Shen Wenyu,533,65.13050850833334,87.1677097505669,87.17080242964467,-3.092679077767002,90,33,B段 抒情
Shen Wenyu,534,65.26208750833334,87.42312925170069,87.34690802555633,76.22122614435511,93,33,B段 抒情
Shen Wenyu,535,65.26208750833334,87.42312925170069,87.34690802555633,76.22122614435511,66,59,B段 抒情
Shen Wenyu,536,65.39366650833333,87.42312925170069,87.523013621468,-99.88436976730952,90,33,B段 抒情
Shen Wenyu,537,65.52524550833333,87.65532879818593,87.69911921737966,-43.79041919372639,88,33,B段 抒情
Shen Wenyu,538,65.65682450833333,87.91074829931972,87.87522481329134,35.52348602838151,85,33,B段 抒情
Shen Wenyu,539,65.78840350833333,88.16616780045351,88.05133040920302,114.83739125048942,81,33,B段 抒情
Shen Wenyu,540,65.91998250833333,88.16616780045351,88.22743600511468,-61.26820466117522,78,33,B段 抒情
Shen Wenyu,541,66.05156150833334,88.42158730158731,88.40354160102636,18.045700560946898,76,33,B段 抒情
Shen Wenyu,542,66.18314050833332,88.42158730158731,88.57964719693801,-158.05989535070353,73,33,B段 抒情
Shen Wenyu,543,66.31471950833333,88.74666666666667,88.75575279284969,-9.086126183021292,69,59,B段 抒情
Shen Wenyu,544,66.44629850833333,88.9556462585034,88.93185838876137,23.78786974203706,73,33,B段 抒情
Shen Wenyu,545,66.57787750833333,89.18784580498867,89.10796398467303,79.8818203156344,76,33,B段 抒情
Shen Wenyu,546,66.57787750833333,89.18784580498867,89.10796398467303,79.8818203156344,64,59,B段 抒情
Shen Wenyu,547,66.70945650833333,89.18784580498867,89.28406958058471,-96.22377559604445,78,33,B段 抒情
Shen Wenyu,548,66.84103550833333,89.39682539682539,89.46017517649639,-63.349779671000306,81,33,B段 抒情
Shen Wenyu,549,66.97261450833334,89.69868480725624,89.63628077240806,62.404034848185574,85,33,B段 抒情
Shen Wenyu,550,67.10419350833332,89.69868480725624,89.81238636831972,-113.70156106347906,88,33,B段 抒情
Shen Wenyu,551,67.10419350833332,89.69868480725624,89.81238636831972,-113.70156106347906,68,59,B段 抒情
Shen Wenyu,552,67.23577250833333,90.00054421768708,89.98849196423139,12.052253455692608,90,33,B段 抒情
Shen Wenyu,553,67.36735150833333,90.00054421768708,90.16459756014306,-164.05334245598624,93,33,B段 抒情
Shen Wenyu,554,67.36735150833333,90.00054421768708,90.16459756014306,-164.05334245598624,66,59,B段 抒情
Shen Wenyu,555,67.49893050833333,90.58104308390023,90.34070315605474,240.33992784548275,90,33,B段 抒情
Shen Wenyu,556,67.63050950833333,90.58104308390023,90.51680875196641,64.23433193381811,88,33,B段 抒情
Shen Wenyu,557,67.76208850833333,90.58104308390023,90.69291434787809,-111.87126397786074,85,33,B段 抒情
Shen Wenyu,558,67.89366750833334,90.85968253968254,90.86901994378977,-9.337404107228053,81,33,B段 抒情
Shen Wenyu,559,67.89366750833334,90.85968253968254,90.86901994378977,-9.337404107228053,64,59,B段 抒情
Shen Wenyu,560,68.02524650833332,91.13832199546485,91.04512553970142,93.19645576343305,78,33,B段 抒情
Shen Wenyu,561,68.15682550833333,91.13832199546485,91.2212311356131,-82.9091401482458,76,33,B段 抒情
Shen Wenyu,562,68.28840450833333,91.46340136054421,91.39733673152476,66.06462901945065,73,33,B段 抒情
Shen Wenyu,563,68.41998350833333,91.46340136054421,91.57344232743644,-110.0409668922282,49,59,B段 抒情
Shen Wenyu,564,68.41998350833333,91.46340136054421,91.57344232743644,-110.0409668922282,56,59,B段 抒情
Shen Wenyu,565,68.41998350833333,91.46340136054421,91.57344232743644,-110.0409668922282,61,59,B段 抒情
Shen Wenyu,566,68.55156250833333,91.74204081632654,91.74954792334812,-7.507107021581305,68,33,B段 抒情
Shen Wenyu,567,68.68314150833334,91.99746031746032,91.92565351925978,71.80679820054081,71,33,B段 抒情
Shen Wenyu,568,68.81472050833332,91.99746031746032,92.10175911517145,-104.29879771112383,73,33,B段 抒情
Shen Wenyu,569,68.94629950833333,92.48507936507937,92.27786471108311,207.21465399626027,76,33,B段 抒情
Shen Wenyu,570,69.07787850833333,92.48507936507937,92.45397030699479,31.10905808458142,80,33,B段 抒情
Shen Wenyu,571,69.20945750833333,92.48507936507937,92.63007590290647,-144.99653782709743,83,33,B段 抒情
Shen Wenyu,572,69.20945750833333,92.48507936507937,92.63007590290647,-144.99653782709743,64,59,B段 抒情
Shen Wenyu,573,69.34103650833333,92.87981859410431,92.80618149881813,73.63709528617335,85,33,B段 抒情
Shen Wenyu,574,69.47261550833333,92.87981859410431,92.98228709472981,-102.4685006255055,90,33,B段 抒情
Shen Wenyu,575,69.47261550833333,92.87981859410431,92.98228709472981,-102.4685006255055,66,59,B段 抒情
Shen Wenyu,576,69.60419450833334,93.25133786848073,93.15839269064149,92.9451778392405,80,33,B段 抒情
Shen Wenyu,577,69.73577350833332,93.25133786848073,93.33449828655314,-83.16041807240993,92,33,B段 抒情
Shen Wenyu,578,69.73577350833332,93.25133786848073,93.33449828655314,-83.16041807240993,68,59,B段 抒情
Shen Wenyu,579,69.86735250833333,93.52997732426304,93.51060388246482,19.373441798222757,80,33,B段 抒情
Shen Wenyu,580,69.99893150833333,93.83183673469388,93.68670947837649,145.12725631739443,90,33,B段 抒情
Shen Wenyu,581,69.99893150833333,93.83183673469388,93.68670947837649,145.12725631739443,66,59,B段 抒情
Shen Wenyu,582,70.13051050833333,93.83183673469388,93.86281507428816,-30.97833959428442,80,33,B段 抒情
Shen Wenyu,583,70.26208950833333,94.15691609977324,94.03892067019984,117.99542957339781,88,33,B段 抒情
Shen Wenyu,584,70.26208950833333,94.15691609977324,94.03892067019984,117.99542957339781,64,59,B段 抒情
Shen Wenyu,585,70.39366850833333,94.15691609977324,94.21502626611151,-58.11016633826682,80,33,B段 抒情
Shen Wenyu,586,70.52524750833334,94.45877551020408,94.39113186202319,67.64364818089064,78,49,B段 抒情
Shen Wenyu,587,70.52524750833334,94.45877551020408,94.39113186202319,67.64364818089064,83,49,B段 抒情
Shen Wenyu,588,70.65682650833332,94.45877551020408,94.56723745793484,-108.46194773075979,64,49,B段 抒情
Shen Wenyu,589,70.78840550833333,94.76063492063491,94.74334305384652,17.29186678839767,85,49,B段 抒情
Shen Wenyu,590,70.78840550833333,94.76063492063491,94.74334305384652,17.29186678839767,66,49,B段 抒情
Shen Wenyu,591,70.91998450833333,94.99283446712018,94.9194486497582,73.3858173619808,71,49,B段 抒情
Shen Wenyu,592,71.05156350833333,94.99283446712018,95.09555424566986,-102.71977854968384,88,49,B段 抒情
Shen Wenyu,593,71.18314250833333,95.34113378684808,95.27165984158154,69.47394526653738,62,49,B段 抒情
Shen Wenyu,594,71.31472150833334,95.34113378684808,95.44776543749322,-106.63165064514146,83,49,B段 抒情
Shen Wenyu,595,71.31472150833334,95.34113378684808,95.44776543749322,-106.63165064514146,66,49,B段 抒情
Shen Wenyu,596,71.44630050833334,95.57333333333334,95.62387103340488,-50.53770007154412,71,49,B段 抒情
Shen Wenyu,597,71.57787950833333,96.01451247165532,95.79997662931655,214.5358423387762,76,49,B段 抒情
Shen Wenyu,598,71.57787950833333,96.01451247165532,95.79997662931655,214.5358423387762,80,49,B段 抒情
Shen Wenyu,599,71.57787950833333,96.01451247165532,95.79997662931655,214.5358423387762,85,49,B段 抒情
Shen Wenyu,600,71.70945850833333,96.01451247165532,95.97608222522821,38.43024642711157,61,49,B段 抒情
Shen Wenyu,601,71.84103750833333,96.01451247165532,96.15218782113989,-137.67534948456728,64,49,B段 抒情
Shen Wenyu,602,71.97261650833333,96.40925170068027,96.32829341705155,80.95828362871771,68,49,B段 抒情
Shen Wenyu,603,72.10419550833333,96.40925170068027,96.50439901296323,-95.14731228296114,73,49,B段 抒情
Shen Wenyu,604,72.23577450833334,96.73433106575963,96.68050460887491,53.8264568847211,68,49,B段 抒情
Shen Wenyu,605,72.36735350833332,96.73433106575963,96.85661020478656,-122.27913902692933,88,49,B段 抒情
Shen Wenyu,606,72.36735350833332,96.73433106575963,96.85661020478656,-122.27913902692933,73,49,B段 抒情
Shen Wenyu,607,72.49893250833333,97.01297052154194,97.03271580069824,-19.745279156296647,76,49,B段 抒情
Shen Wenyu,608,72.63051150833333,97.26839002267573,97.2088213966099,59.56862606582547,80,49,B段 抒情
Shen Wenyu,609,72.63051150833333,97.26839002267573,97.2088213966099,59.56862606582547,85,49,B段 抒情
Shen Wenyu,610,72.63051150833333,97.26839002267573,97.2088213966099,59.56862606582547,71,49,B段 抒情
Shen Wenyu,611,72.76209050833333,97.26839002267573,97.38492699252159,-116.53696984585338,76,49,B段 抒情
Shen Wenyu,612,72.89366950833333,97.54702947845804,97.56103258843326,-14.003109975220696,73,49,B段 抒情
Shen Wenyu,613,73.02524850833333,97.91854875283447,97.73713818434493,181.41056848953951,71,49,B段 抒情
Shen Wenyu,614,73.15682750833334,97.91854875283447,97.91324378025661,5.304972577860667,68,49,B段 抒情
Shen Wenyu,615,73.28840650833332,98.15074829931973,98.08934937616826,61.39892315147222,71,49,B段 抒情
Shen Wenyu,616,73.41998550833333,98.15074829931973,98.26545497207994,-114.70667276020663,83,49,B段 抒情
Shen Wenyu,617,73.41998550833333,98.15074829931973,98.26545497207994,-114.70667276020663,68,49,B段 抒情
Shen Wenyu,618,73.55156450833333,98.42938775510204,98.44156056799162,-12.172812889573947,66,49,B段 抒情
Shen Wenyu,619,73.68314350833333,98.70802721088435,98.61766616390328,90.36104698107295,73,49,B段 抒情
Shen Wenyu,620,73.68314350833333,98.70802721088435,98.61766616390328,90.36104698107295,78,49,B段 抒情
Shen Wenyu,621,73.68314350833333,98.70802721088435,98.61766616390328,90.36104698107295,64,49,B段 抒情
Shen Wenyu,622,73.81472250833333,98.70802721088435,98.79377175981496,-85.7445489306059,69,54,B段 抒情
Shen Wenyu,623,73.94630150833333,98.96344671201814,98.96987735572664,-6.430643708497996,66,60,B段 抒情
Shen Wenyu,624,74.07788050833334,99.21886621315193,99.1459829516383,72.88326151362412,64,66,B段 抒情
Shen Wenyu,625,74.20945950833332,99.21886621315193,99.32208854754997,-103.22233439804052,61,72,B段 抒情
Shen Wenyu,626,74.34103850833333,99.54394557823129,99.49819414346163,45.75143476965593,64,78,B段 抒情
Shen Wenyu,627,74.47261750833333,99.54394557823129,99.67429973937331,-130.35416114202292,61,84,B段 抒情
Shen Wenyu,628,74.60419650833333,99.86902494331066,99.85040533528499,18.61960802567353,54,90,B段 抒情
Shen Wenyu,629,74.73577550833333,99.86902494331066,100.02651093119665,-157.4859878859911,76,96,B段 抒情
Shen Wenyu,630,74.73577550833333,99.86902494331066,100.02651093119665,-157.4859878859911,81,96,B段 抒情
Shen Wenyu,631,74.73577550833333,99.86902494331066,100.02651093119665,-157.4859878859911,85,96,B段 抒情
Shen Wenyu,632,74.73577550833333,99.86902494331066,100.02651093119665,-157.4859878859911,88,96,B段 抒情
Shen Wenyu,633,74.73577550833333,99.86902494331066,100.02651093119665,-157.4859878859911,52,96,B段 抒情
Shen Wenyu,634,74.86735450833334,100.19410430839002,100.20261652710833,-8.512218718308873,54,96,B段 抒情
Shen Wenyu,635,74.99893350833334,100.19410430839002,100.37872212302001,-184.61781462998772,57,96,B段 抒情
Shen Wenyu,636,75.13051250833333,100.56562358276643,100.55482771893166,10.79586383477249,78,96,B段 抒情
Shen Wenyu,637,75.13051250833333,100.56562358276643,100.55482771893166,10.79586383477249,90,96,B段 抒情
Shen Wenyu,638,75.13051250833333,100.56562358276643,100.55482771893166,10.79586383477249,61,96,B段 抒情
Shen Wenyu,639,75.26209150833333,100.56562358276643,100.73093331484334,-165.30973207690636,76,96,B段 抒情
Shen Wenyu,640,75.26209150833333,100.56562358276643,100.73093331484334,-165.30973207690636,88,96,B段 抒情
Shen Wenyu,641,75.26209150833333,100.56562358276643,100.73093331484334,-165.30973207690636,64,96,B段 抒情
Shen Wenyu,642,75.39367050833333,101.09968253968253,100.907038910755,192.6436289275273,66,96,B段 抒情
Shen Wenyu,643,75.52524950833333,101.09968253968253,101.08314450666668,16.53803301584844,85,96,B段 抒情
Shen Wenyu,644,75.52524950833333,101.09968253968253,101.08314450666668,16.53803301584844,69,96,B段 抒情
Shen Wenyu,645,75.65682850833333,101.09968253968253,101.25925010257836,-159.5675628958304,73,96,B段 抒情
Shen Wenyu,646,75.78840750833334,101.51764172335601,101.43535569849003,82.28602486597936,76,96,B段 抒情
Shen Wenyu,647,75.78840750833334,101.51764172335601,101.43535569849003,82.28602486597936,81,96,B段 抒情
Shen Wenyu,648,75.78840750833334,101.51764172335601,101.43535569849003,82.28602486597936,85,96,B段 抒情
Shen Wenyu,649,75.78840750833334,101.51764172335601,101.43535569849003,82.28602486597936,64,96,B段 抒情
Shen Wenyu,650,75.78840750833334,101.51764172335601,101.43535569849003,82.28602486597936,69,96,B段 抒情
Shen Wenyu,651,76.05156550833333,101.84272108843537,101.78756689031336,55.15419812201117,88,92,B段 抒情
Shen Wenyu,652,76.31472350833333,102.19102040816327,102.13977808213671,51.24232602655354,76,88,B段 抒情
Shen Wenyu,653,76.31472350833333,102.19102040816327,102.13977808213671,51.24232602655354,78,88,B段 抒情
Shen Wenyu,654,76.31472350833333,102.19102040816327,102.13977808213671,51.24232602655354,83,88,B段 抒情
Shen Wenyu,655,76.31472350833333,102.19102040816327,102.13977808213671,51.24232602655354,52,88,B段 抒情
Shen Wenyu,656,76.31472350833333,102.19102040816327,102.13977808213671,51.24232602655354,59,88,B段 抒情
Shen Wenyu,657,76.31472350833333,102.19102040816327,102.13977808213671,51.24232602655354,62,88,B段 抒情
Shen Wenyu,658,76.84103950833332,102.74829931972789,102.84420046578339,-95.90114605549616,69,80,华彩
Shen Wenyu,659,76.84103950833332,102.74829931972789,102.84420046578339,-95.90114605549616,73,80,华彩
Shen Wenyu,660,76.84103950833332,102.74829931972789,102.84420046578339,-95.90114605549616,81,80,华彩
Shen Wenyu,661,76.84103950833332,102.74829931972789,102.84420046578339,-95.90114605549616,45,80,华彩
Shen Wenyu,662,76.97261850833333,103.1198185941043,103.02030606169507,99.51253240923563,52,80,华彩
Shen Wenyu,663,77.10419750833333,103.1198185941043,103.19641165760673,-76.593063502429,54,80,华彩
Shen Wenyu,664,77.23577650833333,103.35201814058956,103.37251725351841,-20.499112928845875,57,80,华彩
Shen Wenyu,665,77.36735550833333,103.72353741496599,103.54862284943009,174.91456553590012,61,80,华彩
Shen Wenyu,666,77.49893450833333,103.72353741496599,103.72472844534175,-1.1910303757645124,64,80,华彩
Shen Wenyu,667,77.63051350833334,104.02539682539683,103.90083404125343,124.56278414339295,66,80,华彩
Shen Wenyu,668,77.76209250833332,104.02539682539683,104.07693963716508,-51.54281176825748,69,80,华彩
Shen Wenyu,669,77.89367150833333,104.32725623582766,104.25304523307676,74.21100275089998,73,80,华彩
Shen Wenyu,670,78.02525050833333,104.32725623582766,104.42915082898844,-101.89459316077887,76,78,华彩
Shen Wenyu,671,78.15682950833333,104.6291156462585,104.6052564249001,23.8592213583928,78,76,华彩
Shen Wenyu,672,78.28840850833333,104.90775510204081,104.78136202081178,126.39308122902548,81,74,华彩
Shen Wenyu,673,78.41998750833334,104.90775510204081,104.95746761672346,-49.712514682653364,85,72,华彩
Shen Wenyu,674,78.55156650833334,105.23283446712018,105.13357321263513,99.2612544850573,88,70,华彩
Shen Wenyu,675,78.68314550833333,105.23283446712018,105.30967880854679,-76.84434142660734,90,68,华彩
Shen Wenyu,676,78.81472450833333,105.58113378684807,105.48578440445846,95.34938238961388,93,66,华彩
Shen Wenyu,677,78.94630350833333,105.58113378684807,105.66189000037014,-80.75621352206497,57,64,华彩
Shen Wenyu,678,78.94630350833333,105.58113378684807,105.66189000037014,-80.75621352206497,50,64,华彩
Shen Wenyu,679,78.94630350833333,105.58113378684807,105.66189000037014,-80.75621352206497,54,64,华彩
Shen Wenyu,680,79.01099651666667,105.58113378684807,105.74847525169338,-167.34146484530754,59,64,华彩
Shen Wenyu,681,79.07678601666666,105.9526530612245,105.8365280496492,116.12501157529209,57,64,华彩
Shen Wenyu,682,79.14367200833333,105.9526530612245,105.92604839423764,26.60466698685582,59,64,华彩
Shen Wenyu,683,79.20836501666666,105.9526530612245,106.01263364556088,-59.980584336386755,57,64,华彩
Shen Wenyu,684,79.27415451666667,105.9526530612245,106.10068644351672,-148.03338229222618,59,64,华彩
Shen Wenyu,685,79.34104050833334,106.25451247165533,106.19020678810516,64.30568355017385,57,64,华彩
Shen Wenyu,686,79.40573351666666,106.25451247165533,106.27679203942839,-22.27956777305451,59,64,华彩
Shen Wenyu,687,79.47152301666667,106.25451247165533,106.36484483738423,-110.33236572889393,57,64,华彩
Shen Wenyu,688,79.53840900833333,106.50993197278912,106.45436518197266,55.566790816456546,59,64,华彩
Shen Wenyu,689,79.60310201666667,106.50993197278912,106.5409504332959,-31.018460506786028,57,64,华彩
Shen Wenyu,690,79.66889151666666,106.74213151927438,106.62900323125173,113.12828802265074,59,64,华彩
Shen Wenyu,691,79.73577750833333,106.74213151927438,106.71852357584017,23.607943434214462,62,64,华彩
Shen Wenyu,692,79.73577750833333,106.74213151927438,106.71852357584017,23.607943434214462,66,64,华彩
Shen Wenyu,693,79.73577750833333,106.74213151927438,106.71852357584017,23.607943434214462,69,64,华彩
Shen Wenyu,694,79.99893550833333,107.09043083900227,107.07073476766351,19.696071338756838,62,64,华彩
Shen Wenyu,695,79.99893550833333,107.09043083900227,107.07073476766351,19.696071338756838,66,64,华彩
Shen Wenyu,696,79.99893550833333,107.09043083900227,107.07073476766351,19.696071338756838,69,64,华彩
Shen Wenyu,697,80.52525150833334,107.69414965986394,107.77515715131021,-81.00749144627173,62,64,华彩
Shen Wenyu,698,80.52525150833334,107.69414965986394,107.77515715131021,-81.00749144627173,66,64,华彩
Shen Wenyu,699,80.52525150833334,107.69414965986394,107.77515715131021,-81.00749144627173,69,64,华彩
Shen Wenyu,700,81.05156750833333,108.20498866213151,108.47957953495688,-274.590872825371,57,64,华彩
Shen Wenyu,701,81.05156750833333,108.20498866213151,108.47957953495688,-274.590872825371,45,64,华彩
Shen Wenyu,702,81.05156750833333,108.20498866213151,108.47957953495688,-274.590872825371,52,64,华彩
Shen Wenyu,703,81.11626051666667,108.43718820861677,108.56616478628013,-128.97657766335158,59,64,华彩
Shen Wenyu,704,81.18205001666666,108.66938775510204,108.65421758423595,15.170170866085186,57,63,华彩
Shen Wenyu,705,81.24893600833333,108.66938775510204,108.74373792882439,-74.35017372235109,59,62,华彩
Shen Wenyu,706,81.31362901666667,108.9015873015873,108.83032318014763,71.26412143966832,57,61,华彩
Shen Wenyu,707,81.37941851666666,108.9015873015873,108.91837597810346,-16.788676516156897,59,60,华彩
Shen Wenyu,708,81.44630450833333,108.9015873015873,109.00789632269188,-106.30902110457896,57,59,华彩
Shen Wenyu,709,81.51099751666666,109.13378684807256,109.09448157401512,39.30527405744044,59,58,华彩
Shen Wenyu,710,81.57678701666667,109.13378684807256,109.18253437197097,-48.74752389841319,57,57,华彩
Shen Wenyu,711,81.64367300833334,109.36598639455782,109.27205471655941,93.93167799841251,59,56,华彩
Shen Wenyu,712,81.70836601666667,109.36598639455782,109.35863996788265,7.346426675169937,57,55,华彩
Shen Wenyu,713,81.77415551666667,109.36598639455782,109.44669276583848,-80.70637128065528,59,54,华彩
Shen Wenyu,714,81.84104150833333,109.57496598639456,109.5362131104269,38.75287596765986,61,53,华彩
Shen Wenyu,715,81.84104150833333,109.57496598639456,109.5362131104269,38.75287596765986,64,53,华彩
Shen Wenyu,716,81.84104150833333,109.57496598639456,109.5362131104269,38.75287596765986,69,53,华彩
Shen Wenyu,717,82.10419950833334,109.8768253968254,109.88842430225026,-11.598905424861528,61,49,华彩
Shen Wenyu,718,82.10419950833334,109.8768253968254,109.88842430225026,-11.598905424861528,64,49,华彩
Shen Wenyu,719,82.10419950833334,109.8768253968254,109.88842430225026,-11.598905424861528,69,49,华彩
Shen Wenyu,720,82.63051550833333,110.48054421768707,110.59284668589693,-112.30246820986167,61,49,华彩
Shen Wenyu,721,82.63051550833333,110.48054421768707,110.59284668589693,-112.30246820986167,64,49,华彩
Shen Wenyu,722,82.63051550833333,110.48054421768707,110.59284668589693,-112.30246820986167,69,49,华彩
Shen Wenyu,723,83.15683150833334,111.06104308390023,111.29726906954363,-236.2259856434008,78,49,华彩
Shen Wenyu,724,83.15683150833334,111.06104308390023,111.29726906954363,-236.2259856434008,83,49,华彩
Shen Wenyu,725,83.15683150833334,111.06104308390023,111.29726906954363,-236.2259856434008,59,49,华彩
Shen Wenyu,726,83.22152451666666,111.27002267573697,111.38385432086685,-113.83164512987776,62,49,华彩
Shen Wenyu,727,83.28731401666667,111.50222222222222,111.4719071188227,30.315103399516374,66,49,华彩
Shen Wenyu,728,83.35639299166667,111.50222222222222,111.56436255667631,-62.14033445409939,71,49,华彩
Shen Wenyu,729,83.41998950833333,111.71120181405895,111.64948026136696,61.72155269199209,85,49,华彩
Shen Wenyu,730,83.68314750833333,111.96662131519274,112.0016914531903,-35.07013799756464,83,49,华彩
Shen Wenyu,731,83.81472650833334,112.22204081632653,112.17779704910198,44.24376722454326,85,49,华彩
Shen Wenyu,732,83.94630550833334,112.22204081632653,112.35390264501365,-131.86182868712137,88,49,华彩
Shen Wenyu,733,84.20946350833333,113.01151927437641,112.70611383683698,305.4054375394344,83,49,华彩
Shen Wenyu,734,85.26209550833333,113.80099773242631,114.11495860413035,-313.9608717040403,56,49,华彩
Shen Wenyu,735,85.26209550833333,113.80099773242631,114.11495860413035,-313.9608717040403,59,49,华彩
Shen Wenyu,736,85.26209550833333,113.80099773242631,114.11495860413035,-313.9608717040403,64,49,华彩
Shen Wenyu,737,85.26209550833333,113.80099773242631,114.11495860413035,-313.9608717040403,40,49,华彩
Shen Wenyu,738,85.39367450833333,114.35827664399093,114.29106420004203,67.21244394890391,47,49,华彩
Shen Wenyu,739,85.52525350833334,114.35827664399093,114.46716979595371,-108.89315196277494,52,49,华彩
Shen Wenyu,740,85.65683250833334,114.6833560090703,114.64327539186537,40.08061720492151,47,49,华彩
Shen Wenyu,741,85.78841150833334,114.91555555555556,114.81938098777705,96.17456777850464,52,49,华彩
Shen Wenyu,742,85.91999050833333,114.91555555555556,114.9954865836887,-79.93102813314579,47,49,华彩
Shen Wenyu,743,86.05156950833333,115.19419501133787,115.17159217960038,22.602831737486895,66,49,华彩
Shen Wenyu,744,86.05156950833333,115.19419501133787,115.17159217960038,22.602831737486895,54,49,华彩
Shen Wenyu,745,86.18314850833333,115.4031746031746,115.34769777551206,55.47682766254525,47,49,华彩
Shen Wenyu,746,86.31472750833333,115.4031746031746,115.52380337142372,-120.62876824911939,57,49,华彩
Shen Wenyu,747,86.31472750833333,115.4031746031746,115.52380337142372,-120.62876824911939,61,49,华彩
Shen Wenyu,748,86.31472750833333,115.4031746031746,115.52380337142372,-120.62876824911939,66,49,华彩
Shen Wenyu,749,86.31472750833333,115.4031746031746,115.52380337142372,-120.62876824911939,42,49,华彩
Shen Wenyu,750,86.44630650833334,115.89079365079365,115.6999089673354,190.8846834582505,49,49,华彩
Shen Wenyu,751,86.57788550833334,115.89079365079365,115.87601456324708,14.779087546571645,54,49,华彩
Shen Wenyu,752,86.70946450833334,116.14621315192744,116.05212015915875,94.09299276869376,49,49,华彩
Shen Wenyu,753,86.84104350833333,116.14621315192744,116.22822575507041,-82.01260314297087,54,49,华彩
Shen Wenyu,754,86.97262250833333,116.51773242630385,116.40433135098208,113.40107532177512,49,49,华彩
Shen Wenyu,755,87.10420150833333,116.51773242630385,116.58043694689376,-62.70452058990372,42,49,华彩
Shen Wenyu,756,87.23578050833333,116.84281179138323,116.75654254280543,86.26924857779272,49,49,华彩
Shen Wenyu,757,87.36735950833334,117.09823129251701,116.9326481387171,165.58315379991484,78,49,华彩
Shen Wenyu,758,87.36735950833334,117.09823129251701,116.9326481387171,165.58315379991484,83,49,华彩
Shen Wenyu,759,87.36735950833334,117.09823129251701,116.9326481387171,165.58315379991484,59,49,华彩
Shen Wenyu,760,87.36735950833334,117.09823129251701,116.9326481387171,165.58315379991484,62,49,华彩
Shen Wenyu,761,87.36735950833334,117.09823129251701,116.9326481387171,165.58315379991484,66,49,华彩
Shen Wenyu,762,87.36735950833334,117.09823129251701,116.9326481387171,165.58315379991484,71,49,华彩
Shen Wenyu,763,87.63051750833334,117.40009070294785,117.28485933054046,115.23137240739345,85,49,华彩
Shen Wenyu,764,87.63051750833334,117.40009070294785,117.28485933054046,115.23137240739345,73,49,华彩
Shen Wenyu,765,87.89367550833333,117.70195011337869,117.63707052236379,64.87959101490048,88,49,华彩
Shen Wenyu,766,87.89367550833333,117.70195011337869,117.63707052236379,64.87959101490048,76,49,华彩
Shen Wenyu,767,88.02525450833333,117.70195011337869,117.81317611827545,-111.22600489676415,90,49,华彩
Shen Wenyu,768,88.02525450833333,117.70195011337869,117.81317611827545,-111.22600489676415,78,49,华彩
Shen Wenyu,769,88.15683350833334,117.980589569161,117.98928171418713,-8.69214502613147,88,49,华彩
Shen Wenyu,770,88.15683350833334,117.980589569161,117.98928171418713,-8.69214502613147,76,49,华彩
Shen Wenyu,771,88.28841250833334,118.30566893424036,118.16538731009881,140.28162414155076,85,49,华彩
Shen Wenyu,772,88.28841250833334,118.30566893424036,118.16538731009881,140.28162414155076,73,49,华彩
Shen Wenyu,773,88.41999150833334,118.53786848072562,118.34149290601047,196.3755747151481,83,49,华彩
Shen Wenyu,774,88.41999150833334,118.53786848072562,118.34149290601047,196.3755747151481,71,49,华彩
Shen Wenyu,775,89.47262350833333,119.42022675736962,119.75033767330383,-330.11091593421327,59,49,华彩
Shen Wenyu,776,89.47262350833333,119.42022675736962,119.75033767330383,-330.11091593421327,63,49,华彩
Shen Wenyu,777,89.47262350833333,119.42022675736962,119.75033767330383,-330.11091593421327,68,49,华彩
Shen Wenyu,778,89.47262350833333,119.42022675736962,119.75033767330383,-330.11091593421327,47,49,华彩
Shen Wenyu,779,89.60420250833333,119.95428571428572,119.92644326921551,27.842445070206168,51,49,华彩
Shen Wenyu,780,89.73578150833333,120.2097052154195,120.10254886512718,107.15635029232828,56,49,华彩
Shen Wenyu,781,89.86736050833333,120.2097052154195,120.27865446103885,-68.94924561935056,51,49,华彩
Shen Wenyu,782,89.99893950833334,120.48834467120182,120.45476005695053,33.58461425128212,56,49,华彩
Shen Wenyu,783,90.13051850833334,120.72054421768708,120.6308656528622,89.67856482487946,51,49,华彩
Shen Wenyu,784,90.26209750833334,120.72054421768708,120.80697124877388,-86.42703108679939,66,49,华彩
Shen Wenyu,785,90.26209750833334,120.72054421768708,120.80697124877388,-86.42703108679939,54,49,华彩
Shen Wenyu,786,90.39367650833333,121.04562358276644,120.98307684468553,62.54673808091127,51,49,华彩
Shen Wenyu,787,90.52525550833333,121.04562358276644,121.1591824405972,-113.55885783076758,57,49,华彩
Shen Wenyu,788,90.52525550833333,121.04562358276644,121.1591824405972,-113.55885783076758,61,49,华彩
Shen Wenyu,789,90.52525550833333,121.04562358276644,121.1591824405972,-113.55885783076758,66,49,华彩
Shen Wenyu,790,90.52525550833333,121.04562358276644,121.1591824405972,-113.55885783076758,42,49,华彩
Shen Wenyu,791,90.63051870833334,121.39392290249432,121.30006691732656,93.85598516776383,49,49,华彩
Shen Wenyu,792,90.73578190833334,121.39392290249432,121.44095139405589,-47.02849156156219,54,49,华彩
Shen Wenyu,793,90.84104510833333,121.62612244897959,121.58183587078521,44.28657819437376,57,49,华彩
Shen Wenyu,794,90.94630830833333,121.62612244897959,121.72272034751455,-96.59789853496648,61,49,华彩
Shen Wenyu,795,91.05157150833334,121.88154195011337,121.8636048242439,17.93712586948004,64,49,华彩
Shen Wenyu,796,91.13929084166666,121.88154195011337,121.98100855485167,-99.46660473829638,66,49,华彩
Shen Wenyu,797,91.227010175,122.18340136054422,122.09841228545946,84.9890750847635,69,49,华彩
Shen Wenyu,798,91.31472950833333,122.18340136054422,122.21581601606722,-32.414655522998714,73,49,华彩
Shen Wenyu,799,91.40244884166667,122.43882086167801,122.33321974667501,105.6011150029974,76,49,华彩
Shen Wenyu,800,91.490168175,122.43882086167801,122.45062347728279,-11.802615604779021,78,49,华彩
Shen Wenyu,801,91.57788750833333,122.6942403628118,122.56802720789058,126.2131549212171,80,49,华彩
Shen Wenyu,802,91.70946650833334,122.6942403628118,122.74413280380224,-49.89244099044754,87,49,华彩
Shen Wenyu,803,91.70946650833334,122.6942403628118,122.74413280380224,-49.89244099044754,92,49,华彩
Shen Wenyu,804,91.84104550833334,123.01931972789116,122.92023839971392,99.0813281772347,78,49,华彩
Shen Wenyu,805,91.97262450833334,123.01931972789116,123.0963439956256,-77.02426773444415,85,49,华彩
Shen Wenyu,806,91.97262450833334,123.01931972789116,123.0963439956256,-77.02426773444415,90,49,华彩
Shen Wenyu,807,92.10420350833333,123.25151927437642,123.27244959153725,-20.9303171608326,71,49,华彩
Shen Wenyu,808,92.23578250833333,123.55337868480726,123.44855518744893,104.82349735832486,78,49,华彩
Shen Wenyu,809,92.23578250833333,123.55337868480726,123.44855518744893,104.82349735832486,83,49,华彩
Shen Wenyu,810,92.36736150833333,123.55337868480726,123.6246607833606,-71.28209855333978,73,49,华彩
Shen Wenyu,811,92.49894050833333,123.80879818594104,123.80076637927228,8.031806668768127,80,49,华彩
Shen Wenyu,812,92.49894050833333,123.80879818594104,123.80076637927228,8.031806668768127,85,49,华彩
Shen Wenyu,813,92.63051950833334,124.06421768707483,123.97687197518395,87.34571189087603,78,49,华彩
Shen Wenyu,814,92.76209850833334,124.06421768707483,124.15297757109562,-88.7598840207886,85,49,华彩
Shen Wenyu,815,92.76209850833334,124.06421768707483,124.15297757109562,-88.7598840207886,90,49,华彩
Shen Wenyu,816,92.89367750833334,124.34285714285714,124.3290831670073,13.773975849844078,76,49,华彩
Shen Wenyu,817,93.02525650833333,124.59827664399093,124.50518876291895,93.0878810719804,83,49,华彩
Shen Wenyu,818,93.02525650833333,124.59827664399093,124.50518876291895,93.0878810719804,88,49,华彩
Shen Wenyu,819,93.15683550833333,124.59827664399093,124.68129435883063,-83.01771483969844,69,49,华彩
Shen Wenyu,820,93.28841450833333,124.87691609977324,124.8573999547423,19.51614503093424,76,49,华彩
Shen Wenyu,821,93.28841450833333,124.87691609977324,124.8573999547423,19.51614503093424,81,49,华彩
Shen Wenyu,822,93.41999350833333,124.87691609977324,125.03350555065397,-156.5894508807304,71,49,华彩
Shen Wenyu,823,93.55157250833334,125.22521541950114,125.20961114656565,15.604272935490826,78,49,华彩
Shen Wenyu,824,93.55157250833334,125.22521541950114,125.20961114656565,15.604272935490826,83,49,华彩
Shen Wenyu,825,93.68315150833334,125.22521541950114,125.38571674247733,-160.50132297618802,76,49,华彩
Shen Wenyu,826,93.81473050833334,125.66639455782312,125.56182233838899,104.57221943413231,83,49,华彩
Shen Wenyu,827,93.81473050833334,125.66639455782312,125.56182233838899,104.57221943413231,88,49,华彩
Shen Wenyu,828,93.94630950833333,125.66639455782312,125.73792793430066,-71.53337647753233,74,49,华彩
Shen Wenyu,829,94.07788850833333,125.96825396825396,125.91403353021232,54.22043804163934,81,49,华彩
Shen Wenyu,830,94.07788850833333,125.96825396825396,125.91403353021232,54.22043804163934,86,49,华彩
Shen Wenyu,831,94.20946750833333,125.96825396825396,126.090139126124,-121.8851578700395,66,49,华彩
Shen Wenyu,832,94.34104650833333,126.22367346938775,126.26624472203568,-42.5712526479316,73,49,华彩
Shen Wenyu,833,94.34104650833333,126.22367346938775,126.26624472203568,-42.5712526479316,78,49,华彩
Shen Wenyu,834,94.47262550833334,126.5255328798186,126.44235031794734,83.18256187125428,68,49,华彩
Shen Wenyu,835,94.60420450833334,126.5255328798186,126.61845591385902,-92.92303404042457,75,49,华彩
Shen Wenyu,836,94.60420450833334,126.5255328798186,126.61845591385902,-92.92303404042457,80,49,华彩
Shen Wenyu,837,94.73578350833333,126.78095238095239,126.79456150977067,-13.60912881828824,66,49,华彩
Shen Wenyu,838,94.86736250833333,127.08281179138322,126.97066710568235,112.14468570086922,73,49,华彩
Shen Wenyu,839,94.86736250833333,127.08281179138322,126.97066710568235,112.14468570086922,78,49,华彩
Shen Wenyu,840,94.99894150833333,127.08281179138322,127.14677270159403,-63.96091021080963,64,49,华彩
Shen Wenyu,841,95.13052050833333,127.36145124716553,127.3228782975057,38.57294965983726,71,49,华彩
Shen Wenyu,842,95.13052050833333,127.36145124716553,127.3228782975057,38.57294965983726,76,49,华彩
Shen Wenyu,843,95.26209950833334,127.61687074829932,127.49898389341737,117.88685488194517,54,49,华彩
Shen Wenyu,844,95.39367850833334,127.61687074829932,127.67508948932905,-58.21874102973368,66,49,华彩
Shen Wenyu,845,95.39367850833334,127.61687074829932,127.67508948932905,-58.21874102973368,73,49,华彩
Shen Wenyu,846,95.39367850833334,127.61687074829932,127.67508948932905,-58.21874102973368,78,49,华彩
Shen Wenyu,847,95.52525750833334,127.61687074829932,127.85119508524072,-234.32433694139831,52,49,华彩
Shen Wenyu,848,95.65683650833333,128.17414965986396,128.02730068115238,146.84897871157432,64,49,华彩
Shen Wenyu,849,95.65683650833333,128.17414965986396,128.02730068115238,146.84897871157432,71,49,华彩
Shen Wenyu,850,95.65683650833333,128.17414965986396,128.02730068115238,146.84897871157432,76,49,华彩
Shen Wenyu,851,95.78841550833333,128.17414965986396,128.20340627706406,-29.25661720010453,80,49,华彩
Shen Wenyu,852,95.78841550833333,128.17414965986396,128.20340627706406,-29.25661720010453,68,49,华彩
Shen Wenyu,853,95.78841550833333,128.17414965986396,128.20340627706406,-29.25661720010453,37,49,华彩
Shen Wenyu,854,95.85310851666667,128.17414965986396,128.2899915283873,-115.8418685233471,81,49,华彩
Shen Wenyu,855,95.85310851666667,128.17414965986396,128.2899915283873,-115.8418685233471,73,49,华彩
Shen Wenyu,856,95.85310851666667,128.17414965986396,128.2899915283873,-115.8418685233471,44,49,华彩
Shen Wenyu,857,95.91889801666667,128.4063492063492,128.37804432634314,28.30488000606124,80,50,华彩
Shen Wenyu,858,95.91999450833333,128.4063492063492,128.3795118729757,26.83733337349281,49,50,华彩
Shen Wenyu,859,95.983591025,128.4063492063492,128.46462957766636,-58.28037131715291,81,51,华彩
Shen Wenyu,860,95.9868805,128.4063492063492,128.46903221756415,-62.68301121494346,52,51,华彩
Shen Wenyu,861,96.05157350833333,128.63854875283448,128.5556174688874,82.93128394709015,80,51,华彩
Shen Wenyu,862,96.11626651666667,128.63854875283448,128.64220272021063,-3.6539673761524227,81,52,华彩
Shen Wenyu,863,96.18205601666666,128.63854875283448,128.73025551816647,-91.70676533199185,80,53,华彩
Shen Wenyu,864,96.246749025,128.91718820861678,128.81684076948972,100.3474391270629,81,54,华彩
Shen Wenyu,865,96.31473150833334,128.91718820861678,128.90782866071075,9.359547906029775,80,54,华彩
Shen Wenyu,866,96.37942451666667,128.91718820861678,128.994413912034,-77.2257034172128,81,55,华彩
Shen Wenyu,867,96.44521401666667,129.1958276643991,129.08246670998983,113.36095440927352,80,56,华彩
Shen Wenyu,868,96.509907025,129.1958276643991,129.16905196131304,26.775703086059366,81,57,华彩
Shen Wenyu,869,96.57788950833333,129.1958276643991,129.26003985253408,-64.21218813497376,80,57,华彩
Shen Wenyu,870,96.57788950833333,129.1958276643991,129.26003985253408,-64.21218813497376,68,57,华彩
Shen Wenyu,871,96.57788950833333,129.1958276643991,129.26003985253408,-64.21218813497376,73,57,华彩
Shen Wenyu,872,96.57788950833333,129.1958276643991,129.26003985253408,-64.21218813497376,76,57,华彩
Shen Wenyu,873,96.64258251666666,129.42802721088435,129.34662510385732,81.40210702703143,81,58,华彩
Shen Wenyu,874,96.70837201666667,129.42802721088435,129.43467790181316,-6.65069092880799,80,59,华彩
Shen Wenyu,875,96.773065025,129.42802721088435,129.52126315313637,-93.23594225202214,81,59,华彩
Shen Wenyu,876,96.84104750833333,129.66022675736963,129.61225104435744,47.9757130121925,80,60,华彩
Shen Wenyu,877,96.84104750833333,129.66022675736963,129.61225104435744,47.9757130121925,68,60,华彩
Shen Wenyu,878,96.84104750833333,129.66022675736963,129.61225104435744,47.9757130121925,73,60,华彩
Shen Wenyu,879,96.84104750833333,129.66022675736963,129.61225104435744,47.9757130121925,76,60,华彩
Shen Wenyu,880,96.90574051666667,129.66022675736963,129.69883629568068,-38.60953831105007,81,61,华彩
Shen Wenyu,881,96.97153001666666,129.66022675736963,129.7868890936365,-126.66233626686108,80,62,华彩
Shen Wenyu,882,97.036223025,130.0085260770975,129.87347434495973,135.0517321377822,81,62,华彩
Shen Wenyu,883,97.10420550833334,130.0085260770975,129.96446223618076,44.063840916749086,80,63,华彩
Shen Wenyu,884,97.16889851666667,130.0085260770975,130.051047487504,-42.52141040649349,81,64,华彩
Shen Wenyu,885,97.23468801666667,130.24072562358276,130.13910028545985,101.62533812291485,80,65,华彩
Shen Wenyu,886,97.299381025,130.24072562358276,130.2256855367831,15.040086799672281,81,65,华彩
Shen Wenyu,887,97.36736350833334,130.24072562358276,130.31667342800412,-75.94780442136084,80,66,华彩
Shen Wenyu,888,97.36736350833334,130.24072562358276,130.31667342800412,-75.94780442136084,68,66,华彩
Shen Wenyu,889,97.36736350833334,130.24072562358276,130.31667342800412,-75.94780442136084,73,66,华彩
Shen Wenyu,890,97.36736350833334,130.24072562358276,130.31667342800412,-75.94780442136084,76,66,华彩
Shen Wenyu,891,97.43205651666666,130.49614512471655,130.40325867932734,92.88644538921176,81,67,华彩
Shen Wenyu,892,97.49784601666667,130.49614512471655,130.4913114772832,4.833647433343913,80,68,华彩
Shen Wenyu,893,97.562539025,130.49614512471655,130.57789672860642,-81.75160388987024,81,68,华彩
Shen Wenyu,894,97.63052150833333,130.82122448979592,130.66888461982745,152.33986996847193,80,69,华彩
Shen Wenyu,895,97.69521451666667,130.82122448979592,130.7554698711507,65.75461864522936,81,70,华彩
Shen Wenyu,896,97.76100401666666,130.82122448979592,130.84352266910653,-22.298179310610067,80,71,华彩
Shen Wenyu,897,97.825697025,130.82122448979592,130.93010792042975,-108.88343063382422,81,71,华彩
Shen Wenyu,898,97.89367950833334,131.12308390022676,131.0210958116508,101.98808857595054,80,72,华彩
Shen Wenyu,899,97.89367950833334,131.12308390022676,131.0210958116508,101.98808857595054,40,72,华彩
Shen Wenyu,900,97.95837251666667,131.12308390022676,131.10768106297405,15.402837252707968,81,73,华彩
Shen Wenyu,901,97.95837251666667,131.12308390022676,131.10768106297405,15.402837252707968,47,73,华彩
Shen Wenyu,902,98.02416201666666,131.12308390022676,131.19573386092986,-72.64996070310303,80,73,华彩
Shen Wenyu,903,98.02525850833334,131.12308390022676,131.19720140756246,-74.11750733569988,52,73,华彩
Shen Wenyu,904,98.088855025,131.37850340136055,131.2823191122531,96.18428910744115,81,74,华彩
Shen Wenyu,905,98.15683750833334,131.37850340136055,131.37330700347414,5.196397886408022,80,75,华彩
Shen Wenyu,906,98.22153051666666,131.37850340136055,131.45989225479738,-81.38885343683455,81,76,华彩
Shen Wenyu,907,98.28732001666667,131.65714285714284,131.54794505275322,109.19780438962334,80,76,华彩
Shen Wenyu,908,98.352013025,131.65714285714284,131.63453030407646,22.61255306638077,81,77,华彩
Shen Wenyu,909,98.41999550833333,131.65714285714284,131.72551819529747,-68.37533815462393,80,78,华彩
Shen Wenyu,910,98.48468851666667,131.65714285714284,131.8121034466207,-154.9605894778665,81,79,华彩
Shen Wenyu,911,98.55047801666667,132.00544217687076,131.90015624457655,105.28593229420835,80,79,华彩
Shen Wenyu,912,98.615171025,132.00544217687076,131.9867414958998,18.700680970965777,81,80,华彩
Shen Wenyu,913,98.68315350833333,132.00544217687076,132.07772938712083,-72.28721025006735,80,81,华彩
Shen Wenyu,914,98.68315350833333,132.00544217687076,132.07772938712083,-72.28721025006735,64,81,华彩
Shen Wenyu,915,98.68315350833333,132.00544217687076,132.07772938712083,-72.28721025006735,71,81,华彩
Shen Wenyu,916,98.68315350833333,132.00544217687076,132.07772938712083,-72.28721025006735,76,81,华彩
Shen Wenyu,917,98.74784651666667,132.2144217687075,132.16431463844407,50.10713026342728,81,82,华彩
Shen Wenyu,918,98.81363601666666,132.2144217687075,132.25236743639988,-37.94566769238372,80,82,华彩
Shen Wenyu,919,98.878329025,132.2144217687075,132.33895268772312,-124.5309190156263,81,83,华彩
Shen Wenyu,920,98.94631150833334,132.53950113378684,132.42994057894418,109.56055484265903,80,84,华彩
Shen Wenyu,921,98.94631150833334,132.53950113378684,132.42994057894418,109.56055484265903,64,84,华彩
Shen Wenyu,922,98.94631150833334,132.53950113378684,132.42994057894418,109.56055484265903,71,84,华彩
Shen Wenyu,923,98.94631150833334,132.53950113378684,132.42994057894418,109.56055484265903,76,84,华彩
Shen Wenyu,924,99.01100451666667,132.53950113378684,132.51652583026743,22.975303519416457,81,84,华彩
Shen Wenyu,925,99.07679401666667,132.53950113378684,132.60457862822324,-65.07749443639455,80,85,华彩
Shen Wenyu,926,99.141487025,132.81814058956917,132.69116387954648,126.97671002268862,81,86,华彩
Shen Wenyu,927,99.20946950833333,132.81814058956917,132.7821517707675,35.9888188016555,80,87,华彩
Shen Wenyu,928,99.27416251666666,132.81814058956917,132.86873702209076,-50.596432521587076,81,87,华彩
Shen Wenyu,929,99.33995201666667,133.0271201814059,132.9567898200466,70.3303613593107,80,88,华彩
Shen Wenyu,930,99.404645025,133.0271201814059,133.0433750713698,-16.25488996390345,81,89,华彩
Shen Wenyu,931,99.47262750833333,133.0271201814059,133.13436296259084,-107.24278118493658,80,90,华彩
Shen Wenyu,932,99.47262750833333,133.0271201814059,133.13436296259084,-107.24278118493658,64,90,华彩
Shen Wenyu,933,99.47262750833333,133.0271201814059,133.13436296259084,-107.24278118493658,71,90,华彩
Shen Wenyu,934,99.47262750833333,133.0271201814059,133.13436296259084,-107.24278118493658,76,90,华彩
Shen Wenyu,935,99.53732051666667,133.32897959183674,133.22094821391408,108.03137792265716,81,90,华彩
Shen Wenyu,936,99.60311001666666,133.32897959183674,133.30900101186992,19.978579966817733,80,91,华彩
Shen Wenyu,937,99.667803025,133.32897959183674,133.39558626319317,-66.60667135642484,81,92,华彩
Shen Wenyu,938,99.73578550833334,133.60761904761904,133.4865741544142,121.04489320483935,80,93,华彩
Shen Wenyu,939,99.80047851666667,133.60761904761904,133.57315940573744,34.45964188159678,81,93,华彩
Shen Wenyu,940,99.86626801666667,133.60761904761904,133.66121220369325,-53.59315607421422,80,94,华彩
Shen Wenyu,941,99.930961025,133.88625850340136,133.7477974550165,138.46104838486895,81,95,华彩
Shen Wenyu,942,99.99894350833334,133.88625850340136,133.83878534623756,47.4731571638074,64,96,华彩
Shen Wenyu,943,99.99894350833334,133.88625850340136,133.83878534623756,47.4731571638074,69,96,华彩
Shen Wenyu,944,99.99894350833334,133.88625850340136,133.83878534623756,47.4731571638074,73,96,华彩
Shen Wenyu,945,99.99894350833334,133.88625850340136,133.83878534623756,47.4731571638074,76,96,华彩
Shen Wenyu,946,99.99894350833334,133.88625850340136,133.83878534623756,47.4731571638074,33,96,华彩
Shen Wenyu,947,99.99894350833334,133.88625850340136,133.83878534623756,47.4731571638074,40,96,华彩
Shen Wenyu,948,100.52525950833333,134.3738775510204,134.54320772988422,-169.33017886381663,52,96,华彩
Shen Wenyu,949,100.63052270833333,134.65251700680273,134.68409220661354,-31.575199810816912,54,96,华彩
Shen Wenyu,950,100.73578590833334,134.9079365079365,134.8249766833429,82.9598245936154,57,96,华彩
Shen Wenyu,951,100.78841750833334,134.9079365079365,134.89541892170757,12.517586228938171,66,96,华彩
Shen Wenyu,952,100.78841750833334,134.9079365079365,134.89541892170757,12.517586228938171,78,96,华彩
Shen Wenyu,953,100.84104910833334,134.9079365079365,134.96586116007222,-57.92465213571063,59,96,华彩
Shen Wenyu,954,100.94631230833333,135.2562358276644,135.10674563680158,149.49019086282078,61,96,华彩
Shen Wenyu,955,101.05157550833333,135.2562358276644,135.2476301135309,8.605714133494757,69,96,华彩
Shen Wenyu,956,101.05157550833333,135.2562358276644,135.2476301135309,8.605714133494757,81,96,华彩
Shen Wenyu,957,101.05157550833333,135.2562358276644,135.2476301135309,8.605714133494757,64,96,华彩
Shen Wenyu,958,101.31473350833333,135.53487528344672,135.59984130535426,-64.9660219075372,71,96,华彩
Shen Wenyu,959,101.31473350833333,135.53487528344672,135.59984130535426,-64.9660219075372,83,96,华彩
Shen Wenyu,960,101.57789150833334,135.83673469387756,135.9520524971776,-115.31780330003016,73,96,华彩
Shen Wenyu,961,101.57789150833334,135.83673469387756,135.9520524971776,-115.31780330003016,85,96,华彩
Shen Wenyu,962,101.57789150833334,135.83673469387756,135.9520524971776,-115.31780330003016,32,96,华彩
Shen Wenyu,963,101.57789150833334,135.83673469387756,135.9520524971776,-115.31780330003016,44,96,华彩
Shen Wenyu,964,101.84104950833333,136.4172335600907,136.30426368900092,112.96987108977419,76,96,华彩
Shen Wenyu,965,101.84104950833333,136.4172335600907,136.30426368900092,112.96987108977419,88,96,华彩
Shen Wenyu,966,102.10420750833333,136.74231292517007,136.65647488082428,85.83804434579179,78,96,华彩
Shen Wenyu,967,102.10420750833333,136.74231292517007,136.65647488082428,85.83804434579179,81,96,华彩
Shen Wenyu,968,102.10420750833333,136.74231292517007,136.65647488082428,85.83804434579179,85,96,华彩
Shen Wenyu,969,102.10420750833333,136.74231292517007,136.65647488082428,85.83804434579179,90,96,华彩
Shen Wenyu,970,102.10420750833333,136.74231292517007,136.65647488082428,85.83804434579179,30,96,华彩
Shen Wenyu,971,102.10420750833333,136.74231292517007,136.65647488082428,85.83804434579179,42,96,华彩
Shen Wenyu,972,102.63052350833334,137.32281179138323,137.36089726447096,-38.085473087733135,54,96,华彩
Shen Wenyu,973,102.76210250833333,137.57823129251702,137.53700286038261,41.22843213440319,57,96,华彩
Shen Wenyu,974,102.89368150833333,137.78721088435375,137.7131084562943,74.10242805946154,61,96,华彩
Shen Wenyu,975,102.89368150833333,137.78721088435375,137.7131084562943,74.10242805946154,42,96,华彩
Shen Wenyu,976,102.89368150833333,137.78721088435375,137.7131084562943,74.10242805946154,54,96,华彩
Shen Wenyu,977,103.02526050833333,137.78721088435375,137.88921405220597,-102.0031678522173,64,96,华彩
Shen Wenyu,978,103.15683950833333,138.06585034013605,138.06531964811765,0.5306920184011688,66,96,华彩
Shen Wenyu,979,103.15683950833333,138.06585034013605,138.06531964811765,0.5306920184011688,45,96,华彩
Shen Wenyu,980,103.15683950833333,138.06585034013605,138.06531964811765,0.5306920184011688,57,96,华彩
Shen Wenyu,981,103.28841850833334,138.34448979591838,138.24142524402933,103.06455188904806,69,96,华彩
Shen Wenyu,982,103.41999750833334,138.34448979591838,138.417530839941,-73.04104402263079,73,96,华彩
Shen Wenyu,983,103.41999750833334,138.34448979591838,138.417530839941,-73.04104402263079,47,96,华彩
Shen Wenyu,984,103.41999750833334,138.34448979591838,138.417530839941,-73.04104402263079,59,96,华彩
Shen Wenyu,985,103.55157650833334,138.55346938775511,138.59363643585266,-40.16704809754401,76,96,华彩
Shen Wenyu,986,103.68315550833333,138.87854875283446,138.76974203176434,108.80672107012401,78,96,华彩
Shen Wenyu,987,103.68315550833333,138.87854875283446,138.76974203176434,108.80672107012401,49,96,华彩
Shen Wenyu,988,103.68315550833333,138.87854875283446,138.76974203176434,108.80672107012401,61,96,华彩
Shen Wenyu,989,103.81473450833333,138.87854875283446,138.945847627676,-67.29887484152641,81,96,华彩
Shen Wenyu,990,103.94631350833333,139.13396825396825,139.12195322358767,12.015030380581493,85,96,华彩
Shen Wenyu,991,103.94631350833333,139.13396825396825,139.12195322358767,12.015030380581493,52,96,华彩
Shen Wenyu,992,103.94631350833333,139.13396825396825,139.12195322358767,12.015030380581493,64,96,华彩
Shen Wenyu,993,104.07789250833333,139.36616780045352,139.29805881949935,68.10898095417883,88,96,华彩
Shen Wenyu,994,104.20947150833334,139.36616780045352,139.47416441541102,-107.99661495750001,78,96,华彩
Shen Wenyu,995,104.20947150833334,139.36616780045352,139.47416441541102,-107.99661495750001,81,96,华彩
Shen Wenyu,996,104.20947150833334,139.36616780045352,139.47416441541102,-107.99661495750001,86,96,华彩
Shen Wenyu,997,104.20947150833334,139.36616780045352,139.47416441541102,-107.99661495750001,90,96,华彩
Shen Wenyu,998,104.20947150833334,139.36616780045352,139.47416441541102,-107.99661495750001,38,96,华彩
Shen Wenyu,999,104.20947150833334,139.36616780045352,139.47416441541102,-107.99661495750001,45,96,华彩
Shen Wenyu,1000,104.31473470833333,139.59836734693877,139.61504889214035,-16.681545201578274,50,96,华彩
Shen Wenyu,1001,104.41999790833333,139.59836734693877,139.75593336886968,-157.5660219309043,54,96,华彩
Shen Wenyu,1002,104.47262950833333,139.94666666666666,139.82637560723435,120.29105943230434,81,96,华彩
Shen Wenyu,1003,104.47262950833333,139.94666666666666,139.82637560723435,120.29105943230434,93,96,华彩
Shen Wenyu,1004,104.52526110833334,139.94666666666666,139.89681784559903,49.848821067627114,57,96,华彩
Shen Wenyu,1005,104.63052430833334,139.94666666666666,140.03770232232836,-91.03565566169891,62,96,华彩
Shen Wenyu,1006,104.73578750833333,140.1556462585034,140.17858679905768,-22.940540554287736,66,96,华彩
Shen Wenyu,1007,104.99894550833334,140.36462585034013,140.53079799088104,-166.17214054090823,78,96,华彩
Shen Wenyu,1008,104.99894550833334,140.36462585034013,140.53079799088104,-166.17214054090823,90,96,华彩
Shen Wenyu,1009,105.26210350833334,140.89868480725625,140.8830091827044,15.675624551846568,76,96,华彩
Shen Wenyu,1010,105.26210350833334,140.89868480725625,140.8830091827044,15.675624551846568,80,96,华彩
Shen Wenyu,1011,105.26210350833334,140.89868480725625,140.8830091827044,15.675624551846568,88,96,华彩
Shen Wenyu,1012,105.26210350833334,140.89868480725625,140.8830091827044,15.675624551846568,37,96,华彩
Shen Wenyu,1013,105.26210350833334,140.89868480725625,140.8830091827044,15.675624551846568,49,96,华彩
Shen Wenyu,1014,105.52526150833333,141.15410430839003,141.23522037452773,-81.11606613769595,73,96,华彩
Shen Wenyu,1015,105.52526150833333,141.15410430839003,141.23522037452773,-81.11606613769595,85,96,华彩
Shen Wenyu,1016,105.78841950833333,141.43274376417233,141.58743156635106,-154.6878021787279,76,96,华彩
Shen Wenyu,1017,105.78841950833333,141.43274376417233,141.58743156635106,-154.6878021787279,88,96,华彩
Shen Wenyu,1018,105.78841950833333,141.43274376417233,141.58743156635106,-154.6878021787279,56,96,华彩
Shen Wenyu,1019,105.78841950833333,141.43274376417233,141.58743156635106,-154.6878021787279,61,96,华彩
Shen Wenyu,1020,105.78841950833333,141.43274376417233,141.58743156635106,-154.6878021787279,64,96,华彩
Shen Wenyu,1021,106.31473550833333,142.0132426303855,142.29185394999774,-278.6113196122528,78,96,华彩
Shen Wenyu,1022,106.31473550833333,142.0132426303855,142.29185394999774,-278.6113196122528,81,96,华彩
Shen Wenyu,1023,106.31473550833333,142.0132426303855,142.29185394999774,-278.6113196122528,86,96,华彩
Shen Wenyu,1024,106.31473550833333,142.0132426303855,142.29185394999774,-278.6113196122528,90,96,华彩
Shen Wenyu,1025,106.31473550833333,142.0132426303855,142.29185394999774,-278.6113196122528,38,96,华彩
Shen Wenyu,1026,106.31473550833333,142.0132426303855,142.29185394999774,-278.6113196122528,45,96,华彩
Shen Wenyu,1027,106.41999870833334,142.57052154195011,142.4327384267271,137.78311522301578,50,96,华彩
Shen Wenyu,1028,106.52526190833333,142.57052154195011,142.57362290345642,-3.1013615063102407,54,96,华彩
Shen Wenyu,1029,106.57789350833333,142.57052154195011,142.6440651418211,-73.54359987098746,81,96,华彩
Shen Wenyu,1030,106.57789350833333,142.57052154195011,142.6440651418211,-73.54359987098746,93,96,华彩
Shen Wenyu,1031,106.63052510833333,142.77950113378685,142.71450738018575,64.99375360110093,57,96,华彩
Shen Wenyu,1032,106.73578830833334,142.77950113378685,142.8553918569151,-75.89072312825351,62,96,华彩
Shen Wenyu,1033,106.84105150833334,142.9884807256236,142.99627633364443,-7.795608020842337,66,96,华彩
Shen Wenyu,1034,107.10420950833334,143.24390022675738,143.3484875254678,-104.58729871041328,78,96,华彩
Shen Wenyu,1035,107.10420950833334,143.24390022675738,143.3484875254678,-104.58729871041328,90,96,华彩
Shen Wenyu,1036,107.36736750833333,143.59219954648526,143.70069871729112,-108.49917080585669,76,96,华彩
Shen Wenyu,1037,107.36736750833333,143.59219954648526,143.70069871729112,-108.49917080585669,80,96,华彩
Shen Wenyu,1038,107.36736750833333,143.59219954648526,143.70069871729112,-108.49917080585669,88,96,华彩
Shen Wenyu,1039,107.36736750833333,143.59219954648526,143.70069871729112,-108.49917080585669,37,96,华彩
Shen Wenyu,1040,107.36736750833333,143.59219954648526,143.70069871729112,-108.49917080585669,49,96,华彩
Shen Wenyu,1041,107.63052550833333,143.8940589569161,144.05290990911448,-158.85095219837808,73,96,华彩
Shen Wenyu,1042,107.63052550833333,143.8940589569161,144.05290990911448,-158.85095219837808,85,96,华彩
Shen Wenyu,1043,107.89368350833334,144.45133786848072,144.4051211009378,46.216767542915704,76,96,华彩
Shen Wenyu,1044,107.89368350833334,144.45133786848072,144.4051211009378,46.216767542915704,88,96,华彩
Shen Wenyu,1045,107.89368350833334,144.45133786848072,144.4051211009378,46.216767542915704,56,96,华彩
Shen Wenyu,1046,107.89368350833334,144.45133786848072,144.4051211009378,46.216767542915704,61,96,华彩
Shen Wenyu,1047,107.89368350833334,144.45133786848072,144.4051211009378,46.216767542915704,64,96,华彩
Shen Wenyu,1048,108.41999950833333,144.9621768707483,145.1095434845845,-147.36661383619776,78,96,华彩
Shen Wenyu,1049,108.41999950833333,144.9621768707483,145.1095434845845,-147.36661383619776,81,96,华彩
Shen Wenyu,1050,108.41999950833333,144.9621768707483,145.1095434845845,-147.36661383619776,86,96,华彩
Shen Wenyu,1051,108.41999950833333,144.9621768707483,145.1095434845845,-147.36661383619776,90,96,华彩
Shen Wenyu,1052,108.41999950833333,144.9621768707483,145.1095434845845,-147.36661383619776,38,96,华彩
Shen Wenyu,1053,108.41999950833333,144.9621768707483,145.1095434845845,-147.36661383619776,45,96,华彩
Shen Wenyu,1054,108.52526270833333,145.19437641723357,145.25042796131382,-56.051544080247595,50,96,华彩
Shen Wenyu,1055,108.63052590833334,145.54267573696146,145.39131243804317,151.36329891828382,54,96,华彩
Shen Wenyu,1056,108.68315750833334,145.54267573696146,145.46175467640785,80.9210605536066,81,96,华彩
Shen Wenyu,1057,108.68315750833334,145.54267573696146,145.46175467640785,80.9210605536066,93,96,华彩
Shen Wenyu,1058,108.73578910833334,145.54267573696146,145.5321969147725,10.478822188957793,57,96,华彩
Shen Wenyu,1059,108.84105230833333,145.79809523809524,145.67308139150185,125.0138465933901,62,96,华彩
Shen Wenyu,1060,108.94631550833333,145.79809523809524,145.81396586823118,-15.870630135935926,66,96,华彩
Shen Wenyu,1061,109.20947350833333,146.00707482993198,146.1661770600545,-159.102230122528,78,96,华彩
Shen Wenyu,1062,109.20947350833333,146.00707482993198,146.1661770600545,-159.102230122528,90,96,华彩
Shen Wenyu,1063,109.47263150833334,146.49469387755101,146.51838825187787,-23.694374326851175,76,96,华彩
Shen Wenyu,1064,109.47263150833334,146.49469387755101,146.51838825187787,-23.694374326851175,80,96,华彩
Shen Wenyu,1065,109.47263150833334,146.49469387755101,146.51838825187787,-23.694374326851175,88,96,华彩
Shen Wenyu,1066,109.47263150833334,146.49469387755101,146.51838825187787,-23.694374326851175,37,96,华彩
Shen Wenyu,1067,109.47263150833334,146.49469387755101,146.51838825187787,-23.694374326851175,49,96,华彩
Shen Wenyu,1068,109.73578950833334,146.8197732426304,146.87059944370122,-50.82620107083358,73,96,华彩
Shen Wenyu,1069,109.73578950833334,146.8197732426304,146.87059944370122,-50.82620107083358,85,96,华彩
Shen Wenyu,1070,109.99894750833333,147.05197278911564,147.22281063552455,-170.83784640891508,76,96,华彩
Shen Wenyu,1071,109.99894750833333,147.05197278911564,147.22281063552455,-170.83784640891508,88,96,华彩
Shen Wenyu,1072,109.99894750833333,147.05197278911564,147.22281063552455,-170.83784640891508,35,96,华彩
Shen Wenyu,1073,109.99894750833333,147.05197278911564,147.22281063552455,-170.83784640891508,47,96,华彩
Shen Wenyu,1074,110.26210550833333,147.7021315192744,147.57502182734788,127.10969192650623,78,96,华彩
Shen Wenyu,1075,110.26210550833333,147.7021315192744,147.57502182734788,127.10969192650623,90,96,华彩
Shen Wenyu,1076,110.52526350833334,147.93433106575964,147.92723301917124,7.098046588396301,73,96,华彩
Shen Wenyu,1077,110.52526350833334,147.93433106575964,147.92723301917124,7.098046588396301,76,96,华彩
Shen Wenyu,1078,110.52526350833334,147.93433106575964,147.92723301917124,7.098046588396301,81,96,华彩
Shen Wenyu,1079,110.52526350833334,147.93433106575964,147.92723301917124,7.098046588396301,85,96,华彩
Shen Wenyu,1080,110.52526350833334,147.93433106575964,147.92723301917124,7.098046588396301,33,96,华彩
Shen Wenyu,1081,110.52526350833334,147.93433106575964,147.92723301917124,7.098046588396301,45,96,华彩
Shen Wenyu,1082,110.78842150833333,148.23619047619047,148.27944421099457,-43.253734804096666,61,96,华彩
Shen Wenyu,1083,110.92000050833333,148.46839002267575,148.45554980690625,12.840215769500674,64,96,华彩
Shen Wenyu,1084,111.05157950833333,148.46839002267575,148.63165540281793,-163.26538014217817,66,96,华彩
Shen Wenyu,1085,111.18315850833334,148.81668934240363,148.8077609987296,8.928343674028838,69,96,华彩
Shen Wenyu,1086,111.31473750833334,149.11854875283447,148.98386659464126,134.68215819321472,73,96,华彩
Shen Wenyu,1087,111.31473750833334,149.11854875283447,148.98386659464126,134.68215819321472,52,96,华彩
Shen Wenyu,1088,111.31473750833334,149.11854875283447,148.98386659464126,134.68215819321472,64,96,华彩
Shen Wenyu,1089,111.44631650833334,149.11854875283447,149.15997219055293,-41.42343771846413,76,96,华彩
Shen Wenyu,1090,111.57789550833333,149.4900680272109,149.33607778646459,153.9902407463103,78,96,华彩
Shen Wenyu,1091,111.57789550833333,149.4900680272109,149.33607778646459,153.9902407463103,54,96,华彩
Shen Wenyu,1092,111.57789550833333,149.4900680272109,149.33607778646459,153.9902407463103,66,96,华彩
Shen Wenyu,1093,111.70947450833333,149.4900680272109,149.51218338237626,-22.115355165368555,81,96,华彩
Shen Wenyu,1094,111.84105350833333,149.74548752834468,149.68828897828794,57.19855005673935,85,96,华彩
Shen Wenyu,1095,111.84105350833333,149.74548752834468,149.68828897828794,57.19855005673935,56,96,华彩
Shen Wenyu,1096,111.84105350833333,149.74548752834468,149.68828897828794,57.19855005673935,68,96,华彩
Shen Wenyu,1097,111.97263250833333,149.95446712018142,149.86439457419962,90.0725459817977,88,96,华彩
Shen Wenyu,1098,112.10421150833334,149.95446712018142,150.0405001701113,-86.03304992988114,90,96,华彩
Shen Wenyu,1099,112.10421150833334,149.95446712018142,150.0405001701113,-86.03304992988114,54,96,华彩
Shen Wenyu,1100,112.10421150833334,149.95446712018142,150.0405001701113,-86.03304992988114,66,96,华彩
Shen Wenyu,1101,112.23579050833334,150.32598639455782,150.21660576602298,109.38062853483643,88,96,华彩
Shen Wenyu,1102,112.36736950833334,150.32598639455782,150.39271136193463,-66.72496737681399,85,96,华彩
Shen Wenyu,1103,112.36736950833334,150.32598639455782,150.39271136193463,-66.72496737681399,52,96,华彩
Shen Wenyu,1104,112.36736950833334,150.32598639455782,150.39271136193463,-66.72496737681399,64,96,华彩
Shen Wenyu,1105,112.49894850833333,150.5581859410431,150.5688169578463,-10.631016803216653,81,96,华彩
Shen Wenyu,1106,112.63052750833333,150.76716553287983,150.74492255375796,22.24297912187012,73,96,华彩
Shen Wenyu,1107,112.63052750833333,150.76716553287983,150.74492255375796,22.24297912187012,76,96,华彩
Shen Wenyu,1108,112.63052750833333,150.76716553287983,150.74492255375796,22.24297912187012,80,96,华彩
Shen Wenyu,1109,112.63052750833333,150.76716553287983,150.74492255375796,22.24297912187012,85,96,华彩
Shen Wenyu,1110,112.63052750833333,150.76716553287983,150.74492255375796,22.24297912187012,37,96,华彩
Shen Wenyu,1111,112.63052750833333,150.76716553287983,150.74492255375796,22.24297912187012,44,96,华彩
Shen Wenyu,1112,112.73579070833334,150.76716553287983,150.8858070304873,-118.64149760748433,49,96,华彩
Shen Wenyu,1113,112.84105390833334,151.16190476190476,151.02669150721664,135.21325468812506,52,96,华彩
Shen Wenyu,1114,112.89368550833333,151.16190476190476,151.09713374558132,64.77101632344784,76,96,华彩
Shen Wenyu,1115,112.89368550833333,151.16190476190476,151.09713374558132,64.77101632344784,88,96,华彩
Shen Wenyu,1116,112.94631710833333,151.16190476190476,151.167575983946,-5.671222041229385,56,96,华彩
Shen Wenyu,1117,113.05158030833333,151.16190476190476,151.30846046067532,-146.5556987705554,61,96,华彩
Shen Wenyu,1118,113.15684350833334,151.48698412698414,151.44934493740467,37.63918957946544,64,96,华彩
Shen Wenyu,1119,113.42000150833333,151.8120634920635,151.801556129228,10.507362835483036,73,96,华彩
Shen Wenyu,1120,113.42000150833333,151.8120634920635,151.801556129228,10.507362835483036,85,96,华彩
Shen Wenyu,1121,113.68315950833333,152.1835827664399,152.15376732105133,29.81544538857861,71,96,华彩
Shen Wenyu,1122,113.68315950833333,152.1835827664399,152.15376732105133,29.81544538857861,78,96,华彩
Shen Wenyu,1123,113.68315950833333,152.1835827664399,152.15376732105133,29.81544538857861,83,96,华彩
Shen Wenyu,1124,113.68315950833333,152.1835827664399,152.15376732105133,29.81544538857861,38,96,华彩
Shen Wenyu,1125,113.68315950833333,152.1835827664399,152.15376732105133,29.81544538857861,50,96,华彩
Shen Wenyu,1126,113.94631750833334,152.55510204081634,152.5059785128747,49.12352794164576,69,96,华彩
Shen Wenyu,1127,113.94631750833334,152.55510204081634,152.5059785128747,49.12352794164576,81,96,华彩
Shen Wenyu,1128,114.20947550833333,152.76408163265307,152.85818970469802,-94.10807204494631,71,96,华彩
Shen Wenyu,1129,114.20947550833333,152.76408163265307,152.85818970469802,-94.10807204494631,83,96,华彩
Shen Wenyu,1130,114.20947550833333,152.76408163265307,152.85818970469802,-94.10807204494631,54,96,华彩
Shen Wenyu,1131,114.20947550833333,152.76408163265307,152.85818970469802,-94.10807204494631,59,96,华彩
Shen Wenyu,1132,114.20947550833333,152.76408163265307,152.85818970469802,-94.10807204494631,62,96,华彩
Shen Wenyu,1133,114.73579150833334,153.36780045351475,153.5626120883447,-194.81163482996067,73,96,华彩
Shen Wenyu,1134,114.73579150833334,153.36780045351475,153.5626120883447,-194.81163482996067,76,96,华彩
Shen Wenyu,1135,114.73579150833334,153.36780045351475,153.5626120883447,-194.81163482996067,80,96,华彩
Shen Wenyu,1136,114.73579150833334,153.36780045351475,153.5626120883447,-194.81163482996067,85,96,华彩
Shen Wenyu,1137,114.73579150833334,153.36780045351475,153.5626120883447,-194.81163482996067,37,96,华彩
Shen Wenyu,1138,114.73579150833334,153.36780045351475,153.5626120883447,-194.81163482996067,44,96,华彩
Shen Wenyu,1139,114.84105470833333,153.6,153.70349656507406,-103.49656507406735,49,96,华彩
Shen Wenyu,1140,114.94631790833333,153.80897959183673,153.8443810418034,-35.40144996665617,52,96,华彩
Shen Wenyu,1141,114.99894950833334,153.80897959183673,153.91482328016806,-105.8436883313334,76,96,华彩
Shen Wenyu,1142,114.99894950833334,153.80897959183673,153.91482328016806,-105.8436883313334,88,96,华彩
Shen Wenyu,1143,115.05158110833334,154.11083900226757,153.98526551853274,125.57348373482569,56,96,华彩
Shen Wenyu,1144,115.15684430833333,154.11083900226757,154.12614999526207,-15.310992994500339,61,96,华彩
Shen Wenyu,1145,115.26210750833333,154.3894784580499,154.2670344719914,122.44398605849938,64,96,华彩
Shen Wenyu,1146,115.52526550833333,154.64489795918368,154.61924566381475,25.652295368928435,73,96,华彩
Shen Wenyu,1147,115.52526550833333,154.64489795918368,154.61924566381475,25.652295368928435,85,96,华彩
Shen Wenyu,1148,115.78842350833334,154.90031746031747,154.97145685563808,-71.13939532061408,71,96,华彩
Shen Wenyu,1149,115.78842350833334,154.90031746031747,154.97145685563808,-71.13939532061408,78,96,华彩
Shen Wenyu,1150,115.78842350833334,154.90031746031747,154.97145685563808,-71.13939532061408,83,96,华彩
Shen Wenyu,1151,115.78842350833334,154.90031746031747,154.97145685563808,-71.13939532061408,38,96,华彩
Shen Wenyu,1152,115.78842350833334,154.90031746031747,154.97145685563808,-71.13939532061408,50,96,华彩
Shen Wenyu,1153,116.05158150833333,155.34149659863945,155.3236680474614,17.828551178041607,69,96,华彩
Shen Wenyu,1154,116.05158150833333,155.34149659863945,155.3236680474614,17.828551178041607,81,96,华彩
Shen Wenyu,1155,116.31473950833333,155.62013605442178,155.67587923928477,-55.74318486299035,71,96,华彩
Shen Wenyu,1156,116.31473950833333,155.62013605442178,155.67587923928477,-55.74318486299035,83,96,华彩
Shen Wenyu,1157,116.31473950833333,155.62013605442178,155.67587923928477,-55.74318486299035,54,96,华彩
Shen Wenyu,1158,116.31473950833333,155.62013605442178,155.67587923928477,-55.74318486299035,59,96,华彩
Shen Wenyu,1159,116.31473950833333,155.62013605442178,155.67587923928477,-55.74318486299035,62,96,华彩
Shen Wenyu,1160,116.84105550833334,156.13097505668935,156.38030162293146,-249.3265662421038,73,96,华彩
Shen Wenyu,1161,116.84105550833334,156.13097505668935,156.38030162293146,-249.3265662421038,76,96,华彩
Shen Wenyu,1162,116.84105550833334,156.13097505668935,156.38030162293146,-249.3265662421038,80,96,华彩
Shen Wenyu,1163,116.84105550833334,156.13097505668935,156.38030162293146,-249.3265662421038,85,96,华彩
Shen Wenyu,1164,116.84105550833334,156.13097505668935,156.38030162293146,-249.3265662421038,37,96,华彩
Shen Wenyu,1165,116.84105550833334,156.13097505668935,156.38030162293146,-249.3265662421038,44,96,华彩
Shen Wenyu,1166,116.94631870833334,156.40961451247165,156.52118609966078,-111.57158718913252,49,96,华彩
Shen Wenyu,1167,117.05158190833333,156.68825396825397,156.66207057639014,26.18339186383878,52,96,华彩
Shen Wenyu,1168,117.10421350833333,156.68825396825397,156.73251281475478,-44.25884650081002,76,96,华彩
Shen Wenyu,1169,117.10421350833333,156.68825396825397,156.73251281475478,-44.25884650081002,88,96,华彩
Shen Wenyu,1170,117.15684510833333,156.68825396825397,156.80295505311946,-114.70108486548725,56,96,华彩
Shen Wenyu,1171,117.26210830833334,156.96689342403627,156.94383952984882,23.053894187455626,61,96,华彩
Shen Wenyu,1172,117.36737150833333,157.2455328798186,157.08472400657814,160.80887324045534,64,96,华彩
Shen Wenyu,1173,117.63052950833334,157.5241723356009,157.4369351984015,87.23713719939497,73,96,华彩
Shen Wenyu,1174,117.63052950833334,157.5241723356009,157.4369351984015,87.23713719939497,85,96,华彩
Shen Wenyu,1175,117.89368750833333,157.75637188208617,157.78914639022483,-32.77450813865812,71,96,华彩
Shen Wenyu,1176,117.89368750833333,157.75637188208617,157.78914639022483,-32.77450813865812,78,96,华彩
Shen Wenyu,1177,117.89368750833333,157.75637188208617,157.78914639022483,-32.77450813865812,83,96,华彩
Shen Wenyu,1178,117.89368750833333,157.75637188208617,157.78914639022483,-32.77450813865812,40,96,华彩
Shen Wenyu,1179,117.89368750833333,157.75637188208617,157.78914639022483,-32.77450813865812,52,96,华彩
Shen Wenyu,1180,118.15684550833333,157.98857142857142,158.14135758204816,-152.78615347673963,68,96,华彩
Shen Wenyu,1181,118.15684550833333,157.98857142857142,158.14135758204816,-152.78615347673963,80,96,华彩
Shen Wenyu,1182,118.42000350833334,158.499410430839,158.49356877387152,5.841656967476183,64,96,华彩
Shen Wenyu,1183,118.42000350833334,158.499410430839,158.49356877387152,5.841656967476183,76,96,华彩
Shen Wenyu,1184,118.42000350833334,158.499410430839,158.49356877387152,5.841656967476183,42,96,华彩
Shen Wenyu,1185,118.42000350833334,158.499410430839,158.49356877387152,5.841656967476183,54,96,华彩
Shen Wenyu,1186,118.68316150833333,158.89414965986396,158.84577996569485,48.369694169110744,66,96,华彩
Shen Wenyu,1187,118.68316150833333,158.89414965986396,158.84577996569485,48.369694169110744,78,96,华彩
Shen Wenyu,1188,118.94631950833333,159.2192290249433,159.1979911575182,21.23786742509992,69,96,华彩
Shen Wenyu,1189,118.94631950833333,159.2192290249433,159.1979911575182,21.23786742509992,73,96,华彩
Shen Wenyu,1190,118.94631950833333,159.2192290249433,159.1979911575182,21.23786742509992,76,96,华彩
Shen Wenyu,1191,118.94631950833333,159.2192290249433,159.1979911575182,21.23786742509992,81,96,华彩
Shen Wenyu,1192,118.94631950833333,159.2192290249433,159.1979911575182,21.23786742509992,33,96,华彩
Shen Wenyu,1193,118.94631950833333,159.2192290249433,159.1979911575182,21.23786742509992,45,96,华彩
Shen Wenyu,1194,119.20947750833334,159.2192290249433,159.55020234934153,-330.97332439822935,57,96,华彩
Shen Wenyu,1195,119.34105650833334,159.98548752834466,159.7263079452532,259.17958309145206,61,96,华彩
Shen Wenyu,1196,119.47263550833334,159.98548752834466,159.9024135411649,83.07398717977321,64,96,华彩
Shen Wenyu,1197,119.60421450833333,159.98548752834466,160.07851913707654,-93.03160873187721,66,96,华彩
Shen Wenyu,1198,119.73579350833333,160.21768707482994,160.25462473298822,-36.93765815827987,64,96,华彩
Shen Wenyu,1199,119.73579350833333,160.21768707482994,160.25462473298822,-36.93765815827987,45,96,华彩
Shen Wenyu,1200,119.73579350833333,160.21768707482994,160.25462473298822,-36.93765815827987,52,96,华彩
Shen Wenyu,1201,119.86737250833333,160.42666666666668,160.4307303288999,-4.063662233221521,61,96,华彩
Shen Wenyu,1202,119.99895150833333,160.6356462585034,160.60683592481158,28.81033369183683,57,96,华彩
Shen Wenyu,1203,119.99895150833333,160.6356462585034,160.60683592481158,28.81033369183683,45,96,华彩
Shen Wenyu,1204,119.99895150833333,160.6356462585034,160.60683592481158,28.81033369183683,54,96,华彩
Shen Wenyu,1205,120.13053050833334,160.8910657596372,160.78294152072323,108.12423891397316,61,96,华彩
Shen Wenyu,1206,120.26210950833334,160.8910657596372,160.9590471166349,-67.98135699770569,64,96,华彩
Shen Wenyu,1207,120.26210950833334,160.8910657596372,160.9590471166349,-67.98135699770569,45,96,华彩
Shen Wenyu,1208,120.26210950833334,160.8910657596372,160.9590471166349,-67.98135699770569,52,96,华彩
Shen Wenyu,1209,120.39368850833334,161.1697052154195,161.13515271254659,34.55250287291278,66,96,华彩
Shen Wenyu,1210,120.52526750833333,161.1697052154195,161.31125830845824,-141.55309303873764,69,96,华彩
Shen Wenyu,1211,120.52526750833333,161.1697052154195,161.31125830845824,-141.55309303873764,45,96,华彩
Shen Wenyu,1212,120.52526750833333,161.1697052154195,161.31125830845824,-141.55309303873764,54,96,华彩
Shen Wenyu,1213,120.65684650833333,161.51800453514738,161.48736390436991,30.64063077746937,73,96,华彩
Shen Wenyu,1214,120.78842550833333,161.7966439909297,161.6634695002816,133.17449064811626,76,96,华彩
Shen Wenyu,1215,120.78842550833333,161.7966439909297,161.6634695002816,133.17449064811626,45,96,华彩
Shen Wenyu,1216,120.78842550833333,161.7966439909297,161.6634695002816,133.17449064811626,52,96,华彩
Shen Wenyu,1217,120.92000450833334,161.7966439909297,161.83957509619327,-42.931105263562586,78,96,华彩
Shen Wenyu,1218,121.05158350833334,162.075283446712,162.01568069210495,59.602754607055886,81,96,华彩
Shen Wenyu,1219,121.05158350833334,162.075283446712,162.01568069210495,59.602754607055886,45,96,华彩
Shen Wenyu,1220,121.11627651666667,162.075283446712,162.10226594342816,-26.982496716158266,83,96,华彩
Shen Wenyu,1221,121.11627651666667,162.075283446712,162.10226594342816,-26.982496716158266,50,96,华彩
Shen Wenyu,1222,121.18206601666667,162.075283446712,162.190318741384,-115.03529467199769,81,96,华彩
Shen Wenyu,1223,121.18316250833334,162.075283446712,162.1917862880166,-116.50284130459454,54,96,华彩
Shen Wenyu,1224,121.24895200833333,162.3307029478458,162.27983908597244,50.86386187335279,83,96,华彩
Shen Wenyu,1225,121.31364501666667,162.3307029478458,162.36642433729568,-35.721389449889784,81,96,华彩
Shen Wenyu,1226,121.37943451666666,162.3307029478458,162.4544771352515,-123.77418740570079,83,96,华彩
Shen Wenyu,1227,121.44632050833333,162.63256235827666,162.54399747983993,88.56487843672767,81,96,华彩
Shen Wenyu,1228,121.51101351666667,162.63256235827666,162.63058273116317,1.979627113485094,83,96,华彩
Shen Wenyu,1229,121.57680301666667,162.63256235827666,162.71863552911904,-86.07317084238275,81,96,华彩
Shen Wenyu,1230,121.64368900833334,162.88798185941044,162.80815587370745,79.82598570299615,83,96,华彩
Shen Wenyu,1231,121.70838201666666,162.88798185941044,162.8947411250307,-6.759265620246424,81,96,华彩
Shen Wenyu,1232,121.77417151666667,162.88798185941044,162.98279392298653,-94.81206357608585,83,96,华彩
Shen Wenyu,1233,121.84105750833334,163.09696145124715,163.07231426757497,24.647183672186657,88,96,华彩
Shen Wenyu,1234,121.84105750833334,163.09696145124715,163.07231426757497,24.647183672186657,69,96,华彩
Shen Wenyu,1235,121.84105750833334,163.09696145124715,163.07231426757497,24.647183672186657,74,96,华彩
Shen Wenyu,1236,121.84105750833334,163.09696145124715,163.07231426757497,24.647183672186657,78,96,华彩
Shen Wenyu,1237,121.97263650833334,163.37560090702948,163.24841986348665,127.18104354283355,90,96,华彩
Shen Wenyu,1238,122.10421550833334,163.37560090702948,163.42452545939832,-48.9245523688453,93,96,华彩
Shen Wenyu,1239,122.10421550833334,163.37560090702948,163.42452545939832,-48.9245523688453,69,96,华彩
Shen Wenyu,1240,122.10421550833334,163.37560090702948,163.42452545939832,-48.9245523688453,74,96,华彩
Shen Wenyu,1241,122.10421550833334,163.37560090702948,163.42452545939832,-48.9245523688453,78,96,华彩
Shen Wenyu,1242,122.20947870833334,163.6542403628118,163.56540993612765,88.83042668415442,95,96,华彩
Shen Wenyu,1243,122.31474190833333,163.6542403628118,163.70629441285698,-52.05405004517161,93,96,华彩
Shen Wenyu,1244,122.42000510833333,163.9096598639456,163.8471788895863,62.48097435928912,90,96,华彩
Shen Wenyu,1245,122.52526830833334,163.9096598639456,163.98806336631566,-78.40350237006533,86,96,华彩
Shen Wenyu,1246,122.63053150833333,164.14185941043084,164.12894784304498,12.911567385856415,81,96,华彩
Shen Wenyu,1247,122.63053150833333,164.14185941043084,164.12894784304498,12.911567385856415,69,96,华彩
Shen Wenyu,1248,122.63053150833333,164.14185941043084,164.12894784304498,12.911567385856415,74,96,华彩
Shen Wenyu,1249,122.63053150833333,164.14185941043084,164.12894784304498,12.911567385856415,78,96,华彩
Shen Wenyu,1250,122.73579470833333,164.14185941043084,164.2698323197743,-127.97290934346961,83,96,华彩
Shen Wenyu,1251,122.84105790833334,164.42049886621317,164.41071679650366,9.782069709501684,81,96,华彩
Shen Wenyu,1252,122.94632110833334,164.42049886621317,164.551601273233,-131.10240701982434,78,96,华彩
Shen Wenyu,1253,123.05158430833333,164.76879818594105,164.69248574996234,76.31243597870707,74,96,华彩
Shen Wenyu,1254,123.15684750833333,164.76879818594105,164.83337022669167,-64.57204075061895,81,96,华彩
Shen Wenyu,1255,123.15684750833333,164.76879818594105,164.83337022669167,-64.57204075061895,45,96,华彩
Shen Wenyu,1256,123.22154051666666,165.04743764172335,164.9199554780149,127.48216370843579,83,96,华彩
Shen Wenyu,1257,123.22154051666666,165.04743764172335,164.9199554780149,127.48216370843579,52,96,华彩
Shen Wenyu,1258,123.28733001666667,165.04743764172335,165.00800827597075,39.42936575259637,81,96,华彩
Shen Wenyu,1259,123.28842650833333,165.04743764172335,165.00947582260335,37.96181911999952,57,96,华彩
Shen Wenyu,1260,123.35421600833334,165.04743764172335,165.0975286205592,-50.090978835839906,83,96,华彩
Shen Wenyu,1261,123.41890901666666,165.04743764172335,165.1841138718824,-136.67623015905406,81,96,华彩
Shen Wenyu,1262,123.48469851666667,165.34929705215418,165.27216666983824,77.13038231594282,83,96,华彩
Shen Wenyu,1263,123.55158450833333,165.34929705215418,165.36168701442668,-12.389962272493449,81,96,华彩
Shen Wenyu,1264,123.61627751666667,165.34929705215418,165.44827226574992,-98.97521359573602,83,96,华彩
Shen Wenyu,1265,123.68206701666666,165.34929705215418,165.53632506370576,-187.02801155157545,81,96,华彩
Shen Wenyu,1266,123.74895300833333,165.74403628117915,165.6258454082942,118.19087288495211,83,96,华彩
Shen Wenyu,1267,123.81364601666667,165.74403628117915,165.71243065961744,31.60562156170954,81,96,华彩
Shen Wenyu,1268,123.87943551666666,165.74403628117915,165.80048345757325,-56.44717639410146,83,96,华彩
Shen Wenyu,1269,123.94632150833334,166.02267573696145,165.89000380216171,132.67193479973116,88,96,华彩
Shen Wenyu,1270,123.94632150833334,166.02267573696145,165.89000380216171,132.67193479973116,69,96,华彩
Shen Wenyu,1271,123.94632150833334,166.02267573696145,165.89000380216171,132.67193479973116,73,96,华彩
Shen Wenyu,1272,123.94632150833334,166.02267573696145,165.89000380216171,132.67193479973116,76,96,华彩
Shen Wenyu,1273,124.07790050833333,166.02267573696145,166.06610939807337,-43.433661111919264,90,96,华彩
Shen Wenyu,1274,124.20947950833333,166.44063492063492,166.24221499398504,198.4199266498763,93,96,华彩
Shen Wenyu,1275,124.20947950833333,166.44063492063492,166.24221499398504,198.4199266498763,69,96,华彩
Shen Wenyu,1276,124.20947950833333,166.44063492063492,166.24221499398504,198.4199266498763,73,96,华彩
Shen Wenyu,1277,124.20947950833333,166.44063492063492,166.24221499398504,198.4199266498763,76,96,华彩
Shen Wenyu,1278,124.31474270833333,166.44063492063492,166.38309947071437,57.53544992055026,95,96,华彩
Shen Wenyu,1279,124.42000590833334,166.44063492063492,166.52398394744372,-83.34902680880418,93,96,华彩
Shen Wenyu,1280,124.52526910833333,166.44063492063492,166.66486842417305,-224.2335035381302,90,96,华彩
Shen Wenyu,1281,124.63053230833333,166.90503401360544,166.80575290090238,99.28111270306772,86,96,华彩
Shen Wenyu,1282,124.73579550833334,166.90503401360544,166.94663737763173,-41.60336402628673,81,96,华彩
Shen Wenyu,1283,124.73579550833334,166.90503401360544,166.94663737763173,-41.60336402628673,69,96,华彩
Shen Wenyu,1284,124.73579550833334,166.90503401360544,166.94663737763173,-41.60336402628673,73,96,华彩
Shen Wenyu,1285,124.73579550833334,166.90503401360544,166.94663737763173,-41.60336402628673,76,96,华彩
Shen Wenyu,1286,124.84105870833334,167.23011337868482,167.08752185436106,142.59152432376254,83,90,华彩
Shen Wenyu,1287,124.94632190833333,167.23011337868482,167.2284063310904,1.7070475944080954,81,84,华彩
Shen Wenyu,1288,125.05158510833333,167.23011337868482,167.36929080781974,-139.17742913491793,78,77,华彩
Shen Wenyu,1289,125.15684830833334,167.55519274376417,167.5101752845491,45.017459215074496,74,71,华彩
Shen Wenyu,1290,125.26211150833333,167.55519274376417,167.65105976127842,-95.86701751425153,69,64,华彩
Shen Wenyu,1291,125.26211150833333,167.55519274376417,167.65105976127842,-95.86701751425153,45,64,华彩
Shen Wenyu,1292,125.32680451666667,167.8338321995465,167.73764501260166,96.18718694483164,71,64,华彩
Shen Wenyu,1293,125.32680451666667,167.8338321995465,167.73764501260166,96.18718694483164,50,64,华彩
Shen Wenyu,1294,125.39259401666666,167.8338321995465,167.82569781055747,8.134388989020636,69,64,华彩
Shen Wenyu,1295,125.39369050833334,167.8338321995465,167.8271653571901,6.666842356395364,54,64,华彩
Shen Wenyu,1296,125.45948000833333,167.8338321995465,167.9152181551459,-81.38595559941564,71,64,华彩
Shen Wenyu,1297,125.52417301666667,168.15891156462584,168.00180340646915,157.10815815668866,69,64,华彩
Shen Wenyu,1298,125.58996251666667,168.15891156462584,168.089856204425,69.05536020084924,71,64,华彩
Shen Wenyu,1299,125.65684850833334,168.15891156462584,168.17937654901343,-20.464984387587037,69,64,华彩
Shen Wenyu,1300,125.72154151666666,168.15891156462584,168.26596180033667,-107.05023571082961,71,64,华彩
Shen Wenyu,1301,125.78733101666667,168.41433106575963,168.3540145982925,60.31646746711772,69,64,华彩
Shen Wenyu,1302,125.85421700833334,168.41433106575963,168.44353494288094,-29.203877121318556,71,64,华彩
Shen Wenyu,1303,125.91891001666667,168.41433106575963,168.5301201942042,-115.78912844456113,69,64,华彩
Shen Wenyu,1304,125.98469951666667,168.6697505668934,168.61817299216,51.57757473341462,71,64,华彩
Shen Wenyu,1305,126.05158550833333,168.6697505668934,168.70769333674843,-37.94276985502165,76,64,华彩
Shen Wenyu,1306,126.05158550833333,168.6697505668934,168.70769333674843,-37.94276985502165,57,64,华彩
Shen Wenyu,1307,126.05158550833333,168.6697505668934,168.70769333674843,-37.94276985502165,62,64,华彩
Shen Wenyu,1308,126.05158550833333,168.6697505668934,168.70769333674843,-37.94276985502165,66,64,华彩
Shen Wenyu,1309,126.18316450833333,168.9251700680272,168.8837989326601,41.371135367086254,78,64,华彩
Shen Wenyu,1310,126.31474350833334,169.180589569161,169.0599045285718,120.68504058919416,81,64,华彩
Shen Wenyu,1311,126.31474350833334,169.180589569161,169.0599045285718,120.68504058919416,57,64,华彩
Shen Wenyu,1312,126.31474350833334,169.180589569161,169.0599045285718,120.68504058919416,62,64,华彩
Shen Wenyu,1313,126.31474350833334,169.180589569161,169.0599045285718,120.68504058919416,66,64,华彩
Shen Wenyu,1314,126.42000670833333,169.180589569161,169.20078900530112,-20.199436140131866,83,64,华彩
Shen Wenyu,1315,126.52526990833333,169.4592290249433,169.34167348203044,117.55554291286785,81,64,华彩
Shen Wenyu,1316,126.63053310833334,169.4592290249433,169.4825579587598,-23.328933816486597,78,64,华彩
Shen Wenyu,1317,126.73579630833333,169.76108843537415,169.62344243548912,137.64599988502368,74,64,华彩
Shen Wenyu,1318,126.84105950833333,169.76108843537415,169.76432691221845,-3.2384768443023404,69,64,华彩
Shen Wenyu,1319,126.84105950833333,169.76108843537415,169.76432691221845,-3.2384768443023404,57,64,华彩
Shen Wenyu,1320,126.84105950833333,169.76108843537415,169.76432691221845,-3.2384768443023404,62,64,华彩
Shen Wenyu,1321,126.84105950833333,169.76108843537415,169.76432691221845,-3.2384768443023404,66,64,华彩
Shen Wenyu,1322,126.94632270833334,169.76108843537415,169.9052113889478,-144.1229535736568,71,64,华彩
Shen Wenyu,1323,127.05158590833334,170.08616780045352,170.04609586567713,40.07193477639248,69,64,华彩
Shen Wenyu,1324,127.15684910833333,170.08616780045352,170.18698034240649,-100.81254195296196,66,64,华彩
Shen Wenyu,1325,127.26211230833333,170.4344671201814,170.3278648191358,106.60230104559787,62,64,华彩
Shen Wenyu,1326,127.36737550833334,170.4344671201814,170.46874929586517,-34.28217568375658,69,64,华彩
Shen Wenyu,1327,127.36737550833334,170.4344671201814,170.46874929586517,-34.28217568375658,45,64,华彩
Shen Wenyu,1328,127.43206851666666,170.64344671201815,170.55533454718838,88.11216482976647,71,64,华彩
Shen Wenyu,1329,127.43206851666666,170.64344671201815,170.55533454718838,88.11216482976647,52,64,华彩
Shen Wenyu,1330,127.49785801666667,170.64344671201815,170.64338734514422,0.05936687392704698,69,64,华彩
Shen Wenyu,1331,127.49895450833333,170.64344671201815,170.64485489177682,-1.408179758669803,57,64,华彩
Shen Wenyu,1332,127.56474400833334,170.64344671201815,170.73290768973266,-89.46097771450923,71,64,华彩
Shen Wenyu,1333,127.62943701666667,170.8756462585034,170.8194929410559,56.153317447495965,69,64,华彩
Shen Wenyu,1334,127.69522651666666,170.8756462585034,170.90754573901174,-31.89948050834346,71,64,华彩
Shen Wenyu,1335,127.76211250833333,171.10784580498867,170.99706608360017,110.77972138849645,69,64,华彩
Shen Wenyu,1336,127.82680551666667,171.10784580498867,171.08365133492342,24.19447006525388,71,64,华彩
Shen Wenyu,1337,127.89259501666666,171.10784580498867,171.17170413287923,-63.85832789055712,69,64,华彩
Shen Wenyu,1338,127.95948100833333,171.10784580498867,171.26122447746766,-153.3786724789934,71,64,华彩
Shen Wenyu,1339,128.02417401666665,171.10784580498867,171.34780972879088,-239.96392380220755,69,64,华彩
Shen Wenyu,1340,128.08996351666667,171.10784580498867,171.43586252674675,-328.0167217580754,71,64,华彩
Shen Wenyu,1341,128.15684950833332,171.80444444444444,171.52538287133515,279.0615731092885,76,64,华彩
Shen Wenyu,1342,128.15684950833332,171.80444444444444,171.52538287133515,279.0615731092885,57,64,华彩
Shen Wenyu,1343,128.15684950833332,171.80444444444444,171.52538287133515,279.0615731092885,61,64,华彩
Shen Wenyu,1344,128.15684950833332,171.80444444444444,171.52538287133515,279.0615731092885,64,64,华彩
Shen Wenyu,1345,128.28842850833334,171.80444444444444,171.70148846724686,102.9559771975812,78,64,华彩
Shen Wenyu,1346,128.42000750833333,171.80444444444444,171.8775940631585,-73.14961871406922,81,64,华彩
Shen Wenyu,1347,128.42000750833333,171.80444444444444,171.8775940631585,-73.14961871406922,57,64,华彩
Shen Wenyu,1348,128.42000750833333,171.80444444444444,171.8775940631585,-73.14961871406922,61,64,华彩
Shen Wenyu,1349,128.42000750833333,171.80444444444444,171.8775940631585,-73.14961871406922,64,64,华彩
Shen Wenyu,1350,128.52527070833332,172.01342403628118,172.01847853988784,-5.054503606658045,83,64,华彩
Shen Wenyu,1351,128.63053390833332,172.26884353741497,172.15936301661716,109.48052079780268,81,64,华彩
Shen Wenyu,1352,128.73579710833332,172.26884353741497,172.30024749334652,-31.403955931551764,78,63,华彩
Shen Wenyu,1353,128.84106030833334,172.5474829931973,172.44113197007587,106.35102312141953,74,61,华彩
Shen Wenyu,1354,128.94632350833334,172.5474829931973,172.5820164468052,-34.533453607906495,69,59,华彩
Shen Wenyu,1355,128.94632350833334,172.5474829931973,172.5820164468052,-34.533453607906495,57,59,华彩
Shen Wenyu,1356,128.94632350833334,172.5474829931973,172.5820164468052,-34.533453607906495,61,59,华彩
Shen Wenyu,1357,128.94632350833334,172.5474829931973,172.5820164468052,-34.533453607906495,64,59,华彩
Shen Wenyu,1358,129.05158670833333,172.89578231292518,172.72290092353455,172.88138939062492,71,57,华彩
Shen Wenyu,1359,129.15684990833333,172.89578231292518,172.86378540026388,31.996912661298893,69,55,华彩
Shen Wenyu,1360,129.26211310833332,172.89578231292518,173.0046698769932,-108.88756406802713,66,53,华彩
Shen Wenyu,1361,129.36737630833332,173.12798185941043,173.14555435372253,-17.57249431210539,62,51,华彩
Shen Wenyu,1362,129.47263950833332,173.42984126984126,173.28643883045186,143.4024393894049,76,49,华彩
Shen Wenyu,1363,129.47263950833332,173.42984126984126,173.28643883045186,143.4024393894049,64,49,华彩
Shen Wenyu,1364,130.26211350833333,174.24253968253967,174.3430724059219,-100.53272338222996,76,49,尾声
Shen Wenyu,1365,130.26211350833333,174.24253968253967,174.3430724059219,-100.53272338222996,81,49,尾声
Shen Wenyu,1366,130.26211350833333,174.24253968253967,174.3430724059219,-100.53272338222996,88,49,尾声
Shen Wenyu,1367,130.26211350833333,174.24253968253967,174.3430724059219,-100.53272338222996,69,49,尾声
Shen Wenyu,1368,130.26211350833333,174.24253968253967,174.3430724059219,-100.53272338222996,73,49,尾声
Shen Wenyu,1369,130.52527150833333,174.82303854875283,174.69528359774526,127.75495100757439,76,49,尾声
Shen Wenyu,1370,130.52527150833333,174.82303854875283,174.69528359774526,127.75495100757439,81,49,尾声
Shen Wenyu,1371,130.52527150833333,174.82303854875283,174.69528359774526,127.75495100757439,88,49,尾声
Shen Wenyu,1372,130.52527150833333,174.82303854875283,174.69528359774526,127.75495100757439,69,49,尾声
Shen Wenyu,1373,130.52527150833333,174.82303854875283,174.69528359774526,127.75495100757439,73,49,尾声
Shen Wenyu,1374,131.0515875083333,175.5196371882086,175.39970598139192,119.93120681668756,76,49,尾声
Shen Wenyu,1375,131.0515875083333,175.5196371882086,175.39970598139192,119.93120681668756,81,49,尾声
Shen Wenyu,1376,131.0515875083333,175.5196371882086,175.39970598139192,119.93120681668756,88,49,尾声
Shen Wenyu,1377,131.0515875083333,175.5196371882086,175.39970598139192,119.93120681668756,69,49,尾声
Shen Wenyu,1378,131.0515875083333,175.5196371882086,175.39970598139192,119.93120681668756,73,49,尾声
Shen Wenyu,1379,131.57790350833332,175.96081632653062,176.1041283650386,-143.31203850798602,76,49,尾声
Shen Wenyu,1380,131.57790350833332,175.96081632653062,176.1041283650386,-143.31203850798602,52,49,尾声
Shen Wenyu,1381,131.64259651666666,176.16979591836736,176.19071361636185,-20.91769799449139,81,49,尾声
Shen Wenyu,1382,131.648078975,176.16979591836736,176.19805134952486,-28.255431157504063,54,49,尾声
Shen Wenyu,1383,131.70948250833334,176.16979591836736,176.2802339609503,-110.43804258295609,85,49,尾声
Shen Wenyu,1384,131.71825444166666,176.16979591836736,176.29197433401106,-122.17841564370246,57,49,尾声
Shen Wenyu,1385,131.77746499166665,176.4948752834467,176.37122185217132,123.65343127538608,88,49,尾声
Shen Wenyu,1386,131.7884299083333,176.4948752834467,176.38589731849729,108.97796494941758,59,49,尾声
Shen Wenyu,1387,131.858605375,176.4948752834467,176.4798203029835,15.054980463190759,61,49,尾声
Shen Wenyu,1388,131.92878084166665,176.4948752834467,176.57374328746974,-78.86800402303606,64,49,尾声
Shen Wenyu,1389,131.99895630833333,176.4948752834467,176.66766627195597,-172.7909885092629,66,49,尾声
Shen Wenyu,1390,132.069131775,176.88961451247167,176.7615892564422,128.02525602947412,69,49,尾声
Shen Wenyu,1391,132.13930724166667,176.88961451247167,176.85551224092842,34.1022715432473,71,49,尾声
Shen Wenyu,1392,132.20948270833333,176.88961451247167,176.94943522541465,-59.820712942979526,73,49,尾声
Shen Wenyu,1393,132.27965817499998,177.12181405895691,177.04335820990084,78.45584905606984,76,49,尾声
Shen Wenyu,1394,132.34983364166666,177.12181405895691,177.1372811943871,-15.467135430185408,78,49,尾声
Shen Wenyu,1395,132.42000910833332,177.12181405895691,177.2312041788733,-109.39011991638381,81,49,尾声
Shen Wenyu,1396,132.490184575,177.40045351473924,177.32512716335955,75.32635137968668,83,49,尾声
Shen Wenyu,1397,132.56036004166666,177.40045351473924,177.41905014784575,-18.596633106511717,85,49,尾声
Shen Wenyu,1398,132.63053550833334,177.40045351473924,177.512973132332,-112.51961759276696,88,49,尾声
Shen Wenyu,1399,132.69522851666667,177.40045351473924,177.59955838365525,-199.10486891600954,90,49,尾声
Shen Wenyu,1400,132.76211450833333,177.93451247165532,177.68907872824366,245.43374341166668,88,49,尾声
Shen Wenyu,1401,132.82680751666666,177.93451247165532,177.7756639795669,158.8484920884241,90,49,尾声
Shen Wenyu,1402,132.8936935083333,177.93451247165532,177.8651843241553,69.32814750001626,88,49,尾声
Shen Wenyu,1403,132.95838651666665,177.93451247165532,177.95176957547855,-17.257103823226316,90,49,尾声
Shen Wenyu,1404,133.02527250833333,177.93451247165532,178.04128992006702,-106.77744841169101,88,49,尾声
Shen Wenyu,1405,133.08996551666667,178.2828117913832,178.12787517139026,154.93661999295227,90,49,尾声
Shen Wenyu,1406,133.15685150833332,178.2828117913832,178.21739551597867,65.41627540454442,88,49,尾声
Shen Wenyu,1407,133.22154451666665,178.2828117913832,178.3039807673019,-21.168975918698152,90,49,尾声
Shen Wenyu,1408,133.28843050833333,178.2828117913832,178.39350111189034,-110.68932050713443,88,49,尾声
Shen Wenyu,1409,133.35312351666667,178.65433106575964,178.4800863632136,174.24470254604785,90,49,尾声
Shen Wenyu,1410,133.42000950833332,178.65433106575964,178.56960670780202,84.72435795761157,88,49,尾声
Shen Wenyu,1411,133.48470251666666,178.65433106575964,178.65619195912527,-1.860893365631,90,49,尾声
Shen Wenyu,1412,133.55158850833334,178.65433106575964,178.7457123037137,-91.38123795406727,88,49,尾声
Shen Wenyu,1413,133.61628151666665,179.09551020408162,178.83229755503692,263.21264904470354,90,49,尾声
Shen Wenyu,1414,133.68316750833333,179.30448979591836,178.92181789962535,382.67189629300447,81,49,尾声
Shen Wenyu,1415,133.68316750833333,179.30448979591836,178.92181789962535,382.67189629300447,69,49,尾声
Shen Wenyu,1416,134.47264150833334,179.6063492063492,179.9784514750954,-372.1022687462039,81,49,尾声
Shen Wenyu,1417,134.47264150833334,179.6063492063492,179.9784514750954,-372.1022687462039,86,49,尾声
Shen Wenyu,1418,134.47264150833334,179.6063492063492,179.9784514750954,-372.1022687462039,93,49,尾声
Shen Wenyu,1419,134.47264150833334,179.6063492063492,179.9784514750954,-372.1022687462039,74,49,尾声
Shen Wenyu,1420,134.47264150833334,179.6063492063492,179.9784514750954,-372.1022687462039,78,49,尾声
Shen Wenyu,1421,134.73579950833332,180.2332879818594,180.33066266691873,-97.37468505932156,81,49,尾声
Shen Wenyu,1422,134.73579950833332,180.2332879818594,180.33066266691873,-97.37468505932156,86,49,尾声
Shen Wenyu,1423,134.73579950833332,180.2332879818594,180.33066266691873,-97.37468505932156,93,49,尾声
Shen Wenyu,1424,134.73579950833332,180.2332879818594,180.33066266691873,-97.37468505932156,74,49,尾声
Shen Wenyu,1425,134.73579950833332,180.2332879818594,180.33066266691873,-97.37468505932156,78,49,尾声
Shen Wenyu,1426,135.26211550833332,180.90666666666667,181.0350850505654,-128.41838389874738,81,49,尾声
Shen Wenyu,1427,135.26211550833332,180.90666666666667,181.0350850505654,-128.41838389874738,86,49,尾声
Shen Wenyu,1428,135.26211550833332,180.90666666666667,181.0350850505654,-128.41838389874738,93,49,尾声
Shen Wenyu,1429,135.26211550833332,180.90666666666667,181.0350850505654,-128.41838389874738,74,49,尾声
Shen Wenyu,1430,135.26211550833332,180.90666666666667,181.0350850505654,-128.41838389874738,78,49,尾声
Shen Wenyu,1431,135.78843150833333,181.58004535147393,181.7395074342121,-159.4620827381732,81,49,尾声
Shen Wenyu,1432,135.78843150833333,181.58004535147393,181.7395074342121,-159.4620827381732,57,49,尾声
Shen Wenyu,1433,135.85312451666667,181.78902494331066,181.82609268553534,-37.06774222467857,86,49,尾声
Shen Wenyu,1434,135.858606975,181.78902494331066,181.83343041869833,-44.40547538766282,59,49,尾声
Shen Wenyu,1435,135.92001050833332,182.0212244897959,181.91561303012375,105.61145967216135,90,49,尾声
Shen Wenyu,1436,135.92878244166667,182.0212244897959,181.92735340318455,93.87108661135812,62,49,尾声
Shen Wenyu,1437,135.98799299166666,182.0212244897959,182.0066009213448,14.6235684510998,93,49,尾声
Shen Wenyu,1438,135.99895790833332,182.0212244897959,182.02127638767078,-0.051897874868700455,64,49,尾声
Shen Wenyu,1439,136.069133375,182.0212244897959,182.115199372157,-93.97488236109552,66,49,尾声
Shen Wenyu,1440,136.13930884166666,182.32308390022675,182.20912235664323,113.96154358351396,69,49,尾声
Shen Wenyu,1441,136.20948430833332,182.32308390022675,182.30304534112943,20.038559097315556,71,49,尾声
Shen Wenyu,1442,136.279659775,182.32308390022675,182.3969683256157,-73.88442538893969,74,49,尾声
Shen Wenyu,1443,136.34983524166665,182.32308390022675,182.4908913101019,-167.8074098751381,76,49,尾声
Shen Wenyu,1444,136.42001070833334,182.7178231292517,182.58481429458814,133.0088346635705,78,49,尾声
Shen Wenyu,1445,136.490186175,182.7178231292517,182.67873727907434,39.085850177372095,81,49,尾声
Shen Wenyu,1446,136.56036164166667,182.7178231292517,182.7726602635606,-54.83713430888315,83,49,尾声
Shen Wenyu,1447,136.63053710833333,182.7178231292517,182.8665832480468,-148.76011879508155,86,49,尾声
Shen Wenyu,1448,136.70071257499998,183.0893424036281,182.96050623253302,128.83617109508805,88,49,尾声
Shen Wenyu,1449,136.77088804166667,183.0893424036281,183.05442921701925,34.913186608861224,90,49,尾声
Shen Wenyu,1450,136.84106350833332,183.0893424036281,183.14835220150547,-59.0097978773656,93,49,尾声
Shen Wenyu,1451,136.90575651666666,183.36798185941043,183.23493745282872,133.04440658171757,95,49,尾声
Shen Wenyu,1452,136.97264250833334,183.36798185941043,183.32445779741715,43.52406199328129,93,49,尾声
Shen Wenyu,1453,137.03733551666667,183.36798185941043,183.4110430487404,-43.06118932996128,95,49,尾声
Shen Wenyu,1454,137.10422150833332,183.36798185941043,183.5005633933288,-132.58153391836913,93,49,尾声
Shen Wenyu,1455,137.16891451666666,183.6930612244898,183.58714864465205,105.91257983776359,95,49,尾声
Shen Wenyu,1456,137.23580050833334,183.6930612244898,183.6766689892405,16.392235249298892,93,49,尾声
Shen Wenyu,1457,137.30049351666665,183.6930612244898,183.7632542405637,-70.19301607388684,95,49,尾声
Shen Wenyu,1458,137.36737950833333,183.9717006802721,183.85277458515216,118.92609511994578,93,49,尾声
Shen Wenyu,1459,137.43207251666666,183.9717006802721,183.9393598364754,32.34084379670321,95,49,尾声
Shen Wenyu,1460,137.49895850833332,183.9717006802721,184.0288801810638,-57.17950079170464,93,49,尾声
Shen Wenyu,1461,137.56365151666665,183.9717006802721,184.11546543238705,-143.7647521149472,95,49,尾声
Shen Wenyu,1462,137.63053750833333,184.27356009070294,184.20498577697552,68.5743137274244,93,49,尾声
Shen Wenyu,1463,137.69523051666667,184.27356009070294,184.29157102829876,-18.010937595818177,95,49,尾声
Shen Wenyu,1464,137.76211650833332,184.27356009070294,184.38109137288717,-107.53128218422603,93,49,尾声
Shen Wenyu,1465,137.82680951666666,184.27356009070294,184.4676766242104,-194.1165335074686,95,49,尾声
Shen Wenyu,1466,138.02527450833333,184.66829931972788,184.7333025647105,-65.00324498261989,92,49,尾声
Shen Wenyu,1467,138.02527450833333,184.66829931972788,184.7333025647105,-65.00324498261989,104,49,尾声
Shen Wenyu,1468,138.28843250833333,184.87727891156462,185.08551375653386,-208.23484496924038,90,49,尾声
Shen Wenyu,1469,138.28843250833333,184.87727891156462,185.08551375653386,-208.23484496924038,102,49,尾声
Shen Wenyu,1470,138.55159050833333,185.34167800453514,185.43772494835721,-96.04694382207413,83,49,尾声
Shen Wenyu,1471,138.55159050833333,185.34167800453514,185.43772494835721,-96.04694382207413,95,49,尾声
Shen Wenyu,1472,138.81474850833334,185.80607709750566,185.78993614018054,16.140957325120553,85,49,尾声
Shen Wenyu,1473,138.81474850833334,185.80607709750566,185.78993614018054,16.140957325120553,97,49,尾声
Shen Wenyu,1474,139.0779065083333,186.03827664399094,186.14214733200387,-103.87068801293253,90,49,尾声
Shen Wenyu,1475,139.0779065083333,186.03827664399094,186.14214733200387,-103.87068801293253,102,49,尾声
Shen Wenyu,1476,139.34106450833332,186.31691609977324,186.4943585238272,-177.4424240539645,88,49,尾声
Shen Wenyu,1477,139.34106450833332,186.31691609977324,186.4943585238272,-177.4424240539645,100,49,尾声
Shen Wenyu,1478,139.60422250833332,186.71165532879817,186.84656971565056,-134.91438685238677,81,49,尾声
Shen Wenyu,1479,139.60422250833332,186.71165532879817,186.84656971565056,-134.91438685238677,93,49,尾声
Shen Wenyu,1480,139.86738050833333,187.0831746031746,187.19878090747392,-115.60630429931962,83,49,尾声
Shen Wenyu,1481,139.86738050833333,187.0831746031746,187.19878090747392,-115.60630429931962,95,49,尾声
Shen Wenyu,1482,140.13053850833333,187.64045351473922,187.55099209929725,89.46141544197417,88,49,尾声
Shen Wenyu,1483,140.13053850833333,187.64045351473922,187.55099209929725,89.46141544197417,100,49,尾声
Shen Wenyu,1484,140.39369650833333,187.84943310657596,187.9032032911206,-53.77018454464633,86,49,尾声
Shen Wenyu,1485,140.39369650833333,187.84943310657596,187.9032032911206,-53.77018454464633,98,49,尾声
Shen Wenyu,1486,140.65685450833334,188.31383219954648,188.25541448294396,58.41771660251993,78,49,尾声
Shen Wenyu,1487,140.65685450833334,188.31383219954648,188.25541448294396,58.41771660251993,90,49,尾声
Shen Wenyu,1488,140.92001250833331,188.56925170068027,188.60762567476726,-38.37397408699417,80,49,尾声
Shen Wenyu,1489,140.92001250833331,188.56925170068027,188.60762567476726,-38.37397408699417,92,49,尾声
Shen Wenyu,1490,141.18317050833332,188.8478911564626,188.95983686659062,-111.94571012802612,85,49,尾声
Shen Wenyu,1491,141.18317050833332,188.8478911564626,188.95983686659062,-111.94571012802612,97,49,尾声
Shen Wenyu,1492,141.44632850833332,189.1265306122449,189.31204805841395,-185.51744616905808,83,49,尾声
Shen Wenyu,1493,141.44632850833332,189.1265306122449,189.31204805841395,-185.51744616905808,95,49,尾声
Shen Wenyu,1494,141.70948650833333,189.42839002267573,189.6642592502373,-235.86922756157946,76,49,尾声
Shen Wenyu,1495,141.70948650833333,189.42839002267573,189.6642592502373,-235.86922756157946,88,49,尾声
Shen Wenyu,1496,141.97264450833333,189.9160090702948,190.01647044206067,-100.46137176587422,78,49,尾声
Shen Wenyu,1497,141.97264450833333,189.9160090702948,190.01647044206067,-100.46137176587422,90,49,尾声
Shen Wenyu,1498,142.10422350833332,190.21786848072563,190.19257603797232,25.29244275331166,80,49,尾声
Shen Wenyu,1499,142.10422350833332,190.21786848072563,190.19257603797232,25.29244275331166,92,49,尾声
Shen Wenyu,1500,142.10422350833332,190.21786848072563,190.19257603797232,25.29244275331166,68,49,尾声
Shen Wenyu,1501,143.319136275,192.14512471655328,191.8186177068901,326.5070096631746,78,49,尾声
Shen Wenyu,1502,145.26102301666666,194.11882086167802,194.4176427932198,-298.82193154179504,69,49,尾声
Shen Wenyu,1503,145.26102301666666,194.11882086167802,194.4176427932198,-298.82193154179504,73,49,尾声
Shen Wenyu,1504,145.26102301666666,194.11882086167802,194.4176427932198,-298.82193154179504,81,49,尾声
Shen Wenyu,1505,145.26102301666666,194.11882086167802,194.4176427932198,-298.82193154179504,57,49,尾声
Shen Wenyu,1506,145.26102301666666,194.11882086167802,194.4176427932198,-298.82193154179504,64,49,尾声
Shen Wenyu,1507,146.05049701666667,195.1869387755102,195.47427636868986,-287.33759317964314,73,49,尾声
Shen Wenyu,1508,146.05049701666667,195.1869387755102,195.47427636868986,-287.33759317964314,76,49,尾声
Shen Wenyu,1509,146.05049701666667,195.1869387755102,195.47427636868986,-287.33759317964314,69,49,尾声
Shen Wenyu,1510,146.31365501666667,196.06929705215418,195.82648756051321,242.8094916409691,73,49,尾声
Shen Wenyu,1511,146.31365501666667,196.06929705215418,195.82648756051321,242.8094916409691,76,49,尾声
Shen Wenyu,1512,146.31365501666667,196.06929705215418,195.82648756051321,242.8094916409691,69,49,尾声
Shen Wenyu,1513,146.83997101666665,196.55691609977325,196.53090994415987,26.006155613373494,73,49,尾声
Shen Wenyu,1514,146.83997101666665,196.55691609977325,196.53090994415987,26.006155613373494,76,49,尾声
Shen Wenyu,1515,146.83997101666665,196.55691609977325,196.53090994415987,26.006155613373494,69,49,尾声
Shen Wenyu,1516,147.36628701666666,197.16063492063492,197.23533232780656,-74.69740717164086,81,49,尾声
Shen Wenyu,1517,147.36628701666666,197.16063492063492,197.23533232780656,-74.69740717164086,85,49,尾声
Shen Wenyu,1518,147.36628701666666,197.16063492063492,197.23533232780656,-74.69740717164086,93,49,尾声
Shen Wenyu,1519,147.36628701666666,197.16063492063492,197.23533232780656,-74.69740717164086,64,49,尾声
Shen Wenyu,1520,147.36628701666666,197.16063492063492,197.23533232780656,-74.69740717164086,73,49,尾声
Shen Wenyu,1521,148.15576101666667,198.08943310657597,198.2919659032766,-202.53279670063762,85,43,尾声
Shen Wenyu,1522,148.15576101666667,198.08943310657597,198.2919659032766,-202.53279670063762,88,43,尾声
Shen Wenyu,1523,148.15576101666667,198.08943310657597,198.2919659032766,-202.53279670063762,76,43,尾声
Shen Wenyu,1524,148.15576101666667,198.08943310657597,198.2919659032766,-202.53279670063762,81,43,尾声
Shen Wenyu,1525,148.41891901666668,198.80925170068028,198.64417709509996,165.0746055803154,85,41,尾声
Shen Wenyu,1526,148.41891901666668,198.80925170068028,198.64417709509996,165.0746055803154,88,41,尾声
Shen Wenyu,1527,148.41891901666668,198.80925170068028,198.64417709509996,165.0746055803154,76,41,尾声
Shen Wenyu,1528,148.41891901666668,198.80925170068028,198.64417709509996,165.0746055803154,81,41,尾声
Shen Wenyu,1529,148.94523501666666,199.22721088435375,199.34859947874662,-121.38859439286875,85,37,尾声
Shen Wenyu,1530,148.94523501666666,199.22721088435375,199.34859947874662,-121.38859439286875,88,37,尾声
Shen Wenyu,1531,148.94523501666666,199.22721088435375,199.34859947874662,-121.38859439286875,76,37,尾声
Shen Wenyu,1532,148.94523501666666,199.22721088435375,199.34859947874662,-121.38859439286875,81,37,尾声
Shen Wenyu,1533,149.47155101666667,199.78448979591838,200.0530218623933,-268.53206647493266,83,33,尾声
Shen Wenyu,1534,149.57023526666666,200.0863492063492,200.18510105932705,-98.75185297784128,85,33,尾声
Shen Wenyu,1535,149.66891951666668,200.48108843537415,200.31718025626083,163.90817911332078,88,33,尾声
Shen Wenyu,1536,149.76979675,200.48108843537415,200.4521945464598,28.893888914353738,93,33,尾声
Shen Wenyu,1537,149.868481,201.1544671201814,200.58427374339354,570.19337678787,105,33,尾声
